[
  {
    "timestamp": "2025-08-17T16:38:46.118285219+02:00",
    "processes": [
      {
        "pid": "4476",
        "rss": "682936",
        "args": "java -Xmx2g -Xss1m -XX:+UseShenandoahGC -jar app.jar"
      }
    ]
  },
  {
    "timestamp": "2025-08-17T16:38:47.060458675+02:00",
    "processes": [
      {
        "pid": "4476",
        "rss": "701112",
        "args": "java -Xmx2g -Xss1m -XX:+UseShenandoahGC -jar app.jar"
      }
    ]
  },
  {
    "timestamp": "2025-08-17T16:38:48.064229607+02:00",
    "processes": [
      {
        "pid": "4476",
        "rss": "703416",
        "args": "java -Xmx2g -Xss1m -XX:+UseShenandoahGC -jar app.jar"
      }
    ]
  },
  {
    "timestamp": "2025-08-17T16:38:49.069778697+02:00",
    "processes": [
      {
        "pid": "4476",
        "rss": "705336",
        "args": "java -Xmx2g -Xss1m -XX:+UseShenandoahGC -jar app.jar"
      }
    ]
  },
  {
    "timestamp": "2025-08-17T16:38:50.093026719+02:00",
    "processes": [
      {
        "pid": "4476",
        "rss": "735352",
        "args": "java -Xmx2g -Xss1m -XX:+UseShenandoahGC -jar app.jar"
      }
    ]
  },
  {
    "timestamp": "2025-08-17T16:38:51.078590999+02:00",
    "processes": [
      {
        "pid": "4476",
        "rss": "760440",
        "args": "java -Xmx2g -Xss1m -XX:+UseShenandoahGC -jar app.jar"
      }
    ]
  },
  {
    "timestamp": "2025-08-17T16:38:52.094053389+02:00",
    "processes": [
      {
        "pid": "4476",
        "rss": "793208",
        "args": "java -Xmx2g -Xss1m -XX:+UseShenandoahGC -jar app.jar"
      }
    ]
  },
  {
    "timestamp": "2025-08-17T16:38:53.073828814+02:00",
    "processes": [
      {
        "pid": "4476",
        "rss": "847608",
        "args": "java -Xmx2g -Xss1m -XX:+UseShenandoahGC -jar app.jar"
      }
    ]
  },
  {
    "timestamp": "2025-08-17T16:38:54.086639533+02:00",
    "processes": [
      {
        "pid": "4476",
        "rss": "919288",
        "args": "java -Xmx2g -Xss1m -XX:+UseShenandoahGC -jar app.jar"
      }
    ]
  },
  {
    "timestamp": "2025-08-17T16:38:55.102166358+02:00",
    "processes": [
      {
        "pid": "4476",
        "rss": "929528",
        "args": "java -Xmx2g -Xss1m -XX:+UseShenandoahGC -jar app.jar"
      }
    ]
  },
  {
    "timestamp": "2025-08-17T16:38:56.074158911+02:00",
    "processes": [
      {
        "pid": "4476",
        "rss": "940408",
        "args": "java -Xmx2g -Xss1m -XX:+UseShenandoahGC -jar app.jar"
      }
    ]
  },
  {
    "timestamp": "2025-08-17T16:38:57.097159636+02:00",
    "processes": [
      {
        "pid": "4476",
        "rss": "957544",
        "args": "java -Xmx2g -Xss1m -XX:+UseShenandoahGC -jar app.jar"
      }
    ]
  },
  {
    "timestamp": "2025-08-17T16:38:58.067930621+02:00",
    "processes": [
      {
        "pid": "4476",
        "rss": "960872",
        "args": "java -Xmx2g -Xss1m -XX:+UseShenandoahGC -jar app.jar"
      }
    ]
  },
  {
    "timestamp": "2025-08-17T16:38:59.088738366+02:00",
    "processes": [
      {
        "pid": "4476",
        "rss": "995516",
        "args": "java -Xmx2g -Xss1m -XX:+UseShenandoahGC -jar app.jar"
      }
    ]
  },
  {
    "timestamp": "2025-08-17T16:39:00.062661559+02:00",
    "processes": [
      {
        "pid": "4476",
        "rss": "998840",
        "args": "java -Xmx2g -Xss1m -XX:+UseShenandoahGC -jar app.jar"
      }
    ]
  },
  {
    "timestamp": "2025-08-17T16:39:01.065062707+02:00",
    "processes": [
      {
        "pid": "4476",
        "rss": "1004524",
        "args": "java -Xmx2g -Xss1m -XX:+UseShenandoahGC -jar app.jar"
      }
    ]
  },
  {
    "timestamp": "2025-08-17T16:39:02.064025482+02:00",
    "processes": [
      {
        "pid": "4476",
        "rss": "1030508",
        "args": "java -Xmx2g -Xss1m -XX:+UseShenandoahGC -jar app.jar"
      }
    ]
  },
  {
    "timestamp": "2025-08-17T16:39:03.062418989+02:00",
    "processes": [
      {
        "pid": "4476",
        "rss": "1090796",
        "args": "java -Xmx2g -Xss1m -XX:+UseShenandoahGC -jar app.jar"
      }
    ]
  },
  {
    "timestamp": "2025-08-17T16:39:04.073334789+02:00",
    "processes": [
      {
        "pid": "4476",
        "rss": "1196908",
        "args": "java -Xmx2g -Xss1m -XX:+UseShenandoahGC -jar app.jar"
      }
    ]
  },
  {
    "timestamp": "2025-08-17T16:39:05.066260482+02:00",
    "processes": [
      {
        "pid": "4476",
        "rss": "1304940",
        "args": "java -Xmx2g -Xss1m -XX:+UseShenandoahGC -jar app.jar"
      }
    ]
  },
  {
    "timestamp": "2025-08-17T16:39:06.052168511+02:00",
    "processes": [
      {
        "pid": "4476",
        "rss": "1416812",
        "args": "java -Xmx2g -Xss1m -XX:+UseShenandoahGC -jar app.jar"
      }
    ]
  },
  {
    "timestamp": "2025-08-17T16:39:07.074577449+02:00",
    "processes": [
      {
        "pid": "4476",
        "rss": "1541228",
        "args": "java -Xmx2g -Xss1m -XX:+UseShenandoahGC -jar app.jar"
      }
    ]
  },
  {
    "timestamp": "2025-08-17T16:39:08.067881683+02:00",
    "processes": [
      {
        "pid": "4476",
        "rss": "1651468",
        "args": "java -Xmx2g -Xss1m -XX:+UseShenandoahGC -jar app.jar"
      }
    ]
  },
  {
    "timestamp": "2025-08-17T16:39:09.069495205+02:00",
    "processes": [
      {
        "pid": "4476",
        "rss": "1753608",
        "args": "java -Xmx2g -Xss1m -XX:+UseShenandoahGC -jar app.jar"
      }
    ]
  },
  {
    "timestamp": "2025-08-17T16:39:10.069063422+02:00",
    "processes": [
      {
        "pid": "4476",
        "rss": "1851144",
        "args": "java -Xmx2g -Xss1m -XX:+UseShenandoahGC -jar app.jar"
      }
    ]
  },
  {
    "timestamp": "2025-08-17T16:39:11.070174086+02:00",
    "processes": [
      {
        "pid": "4476",
        "rss": "1969032",
        "args": "java -Xmx2g -Xss1m -XX:+UseShenandoahGC -jar app.jar"
      }
    ]
  },
  {
    "timestamp": "2025-08-17T16:39:12.058291833+02:00",
    "processes": [
      {
        "pid": "4476",
        "rss": "2035848",
        "args": "java -Xmx2g -Xss1m -XX:+UseShenandoahGC -jar app.jar"
      }
    ]
  },
  {
    "timestamp": "2025-08-17T16:39:13.081652047+02:00",
    "processes": [
      {
        "pid": "4476",
        "rss": "2036232",
        "args": "java -Xmx2g -Xss1m -XX:+UseShenandoahGC -jar app.jar"
      }
    ]
  },
  {
    "timestamp": "2025-08-17T16:39:14.076623157+02:00",
    "processes": [
      {
        "pid": "4476",
        "rss": "2040968",
        "args": "java -Xmx2g -Xss1m -XX:+UseShenandoahGC -jar app.jar"
      }
    ]
  },
  {
    "timestamp": "2025-08-17T16:39:15.061088288+02:00",
    "processes": [
      {
        "pid": "4476",
        "rss": "2046088",
        "args": "java -Xmx2g -Xss1m -XX:+UseShenandoahGC -jar app.jar"
      }
    ]
  },
  {
    "timestamp": "2025-08-17T16:39:16.065347819+02:00",
    "processes": [
      {
        "pid": "4476",
        "rss": "2049544",
        "args": "java -Xmx2g -Xss1m -XX:+UseShenandoahGC -jar app.jar"
      }
    ]
  },
  {
    "timestamp": "2025-08-17T16:39:17.049567788+02:00",
    "processes": [
      {
        "pid": "4476",
        "rss": "2053768",
        "args": "java -Xmx2g -Xss1m -XX:+UseShenandoahGC -jar app.jar"
      }
    ]
  },
  {
    "timestamp": "2025-08-17T16:39:18.049791523+02:00",
    "processes": [
      {
        "pid": "4476",
        "rss": "2054152",
        "args": "java -Xmx2g -Xss1m -XX:+UseShenandoahGC -jar app.jar"
      }
    ]
  },
  {
    "timestamp": "2025-08-17T16:39:19.059089913+02:00",
    "processes": [
      {
        "pid": "4476",
        "rss": "2053352",
        "args": "java -Xmx2g -Xss1m -XX:+UseShenandoahGC -jar app.jar"
      }
    ]
  }
]
