[
  {
    "timestamp": "2025-08-17T17:37:48.741438534+02:00",
    "processes": [
      {
        "pid": "46696",
        "rss": "219504",
        "args": "java -Xmx4g -Xss1m -XX:+UseShenandoahGC -jar app.jar"
      }
    ]
  },
  {
    "timestamp": "2025-08-17T17:37:49.71369732+02:00",
    "processes": [
      {
        "pid": "46696",
        "rss": "226560",
        "args": "java -Xmx4g -Xss1m -XX:+UseShenandoahGC -jar app.jar"
      }
    ]
  },
  {
    "timestamp": "2025-08-17T17:37:50.715744341+02:00",
    "processes": [
      {
        "pid": "46696",
        "rss": "230272",
        "args": "java -Xmx4g -Xss1m -XX:+UseShenandoahGC -jar app.jar"
      }
    ]
  },
  {
    "timestamp": "2025-08-17T17:37:51.715254738+02:00",
    "processes": [
      {
        "pid": "46696",
        "rss": "263336",
        "args": "java -Xmx4g -Xss1m -XX:+UseShenandoahGC -jar app.jar"
      }
    ]
  },
  {
    "timestamp": "2025-08-17T17:37:52.722256847+02:00",
    "processes": [
      {
        "pid": "46696",
        "rss": "294348",
        "args": "java -Xmx4g -Xss1m -XX:+UseShenandoahGC -jar app.jar"
      }
    ]
  },
  {
    "timestamp": "2025-08-17T17:37:53.721331241+02:00",
    "processes": [
      {
        "pid": "46696",
        "rss": "351328",
        "args": "java -Xmx4g -Xss1m -XX:+UseShenandoahGC -jar app.jar"
      }
    ]
  },
  {
    "timestamp": "2025-08-17T17:37:54.721771613+02:00",
    "processes": [
      {
        "pid": "46696",
        "rss": "374840",
        "args": "java -Xmx4g -Xss1m -XX:+UseShenandoahGC -jar app.jar"
      }
    ]
  },
  {
    "timestamp": "2025-08-17T17:37:55.721292064+02:00",
    "processes": [
      {
        "pid": "46696",
        "rss": "396176",
        "args": "java -Xmx4g -Xss1m -XX:+UseShenandoahGC -jar app.jar"
      }
    ]
  },
  {
    "timestamp": "2025-08-17T17:37:56.720887793+02:00",
    "processes": [
      {
        "pid": "46696",
        "rss": "420288",
        "args": "java -Xmx4g -Xss1m -XX:+UseShenandoahGC -jar app.jar"
      }
    ]
  },
  {
    "timestamp": "2025-08-17T17:37:57.724489906+02:00",
    "processes": [
      {
        "pid": "46696",
        "rss": "443140",
        "args": "java -Xmx4g -Xss1m -XX:+UseShenandoahGC -jar app.jar"
      }
    ]
  },
  {
    "timestamp": "2025-08-17T17:37:58.726885285+02:00",
    "processes": [
      {
        "pid": "46696",
        "rss": "488128",
        "args": "java -Xmx4g -Xss1m -XX:+UseShenandoahGC -jar app.jar"
      }
    ]
  },
  {
    "timestamp": "2025-08-17T17:37:59.716973571+02:00",
    "processes": [
      {
        "pid": "46696",
        "rss": "515772",
        "args": "java -Xmx4g -Xss1m -XX:+UseShenandoahGC -jar app.jar"
      }
    ]
  },
  {
    "timestamp": "2025-08-17T17:38:00.727218317+02:00",
    "processes": [
      {
        "pid": "46696",
        "rss": "535696",
        "args": "java -Xmx4g -Xss1m -XX:+UseShenandoahGC -jar app.jar"
      }
    ]
  },
  {
    "timestamp": "2025-08-17T17:38:01.727543678+02:00",
    "processes": [
      {
        "pid": "46696",
        "rss": "558896",
        "args": "java -Xmx4g -Xss1m -XX:+UseShenandoahGC -jar app.jar"
      }
    ]
  },
  {
    "timestamp": "2025-08-17T17:38:02.714635277+02:00",
    "processes": [
      {
        "pid": "46696",
        "rss": "581700",
        "args": "java -Xmx4g -Xss1m -XX:+UseShenandoahGC -jar app.jar"
      }
    ]
  },
  {
    "timestamp": "2025-08-17T17:38:03.706086763+02:00",
    "processes": [
      {
        "pid": "46696",
        "rss": "602272",
        "args": "java -Xmx4g -Xss1m -XX:+UseShenandoahGC -jar app.jar"
      }
    ]
  },
  {
    "timestamp": "2025-08-17T17:38:04.710079068+02:00",
    "processes": [
      {
        "pid": "46696",
        "rss": "620724",
        "args": "java -Xmx4g -Xss1m -XX:+UseShenandoahGC -jar app.jar"
      }
    ]
  },
  {
    "timestamp": "2025-08-17T17:38:05.704960304+02:00",
    "processes": [
      {
        "pid": "46696",
        "rss": "641016",
        "args": "java -Xmx4g -Xss1m -XX:+UseShenandoahGC -jar app.jar"
      }
    ]
  },
  {
    "timestamp": "2025-08-17T17:38:06.70425793+02:00",
    "processes": [
      {
        "pid": "46696",
        "rss": "659460",
        "args": "java -Xmx4g -Xss1m -XX:+UseShenandoahGC -jar app.jar"
      }
    ]
  },
  {
    "timestamp": "2025-08-17T17:38:07.704726148+02:00",
    "processes": [
      {
        "pid": "46696",
        "rss": "677896",
        "args": "java -Xmx4g -Xss1m -XX:+UseShenandoahGC -jar app.jar"
      }
    ]
  },
  {
    "timestamp": "2025-08-17T17:38:08.713550717+02:00",
    "processes": [
      {
        "pid": "46696",
        "rss": "704524",
        "args": "java -Xmx4g -Xss1m -XX:+UseShenandoahGC -jar app.jar"
      }
    ]
  },
  {
    "timestamp": "2025-08-17T17:38:09.712636801+02:00",
    "processes": [
      {
        "pid": "46696",
        "rss": "725024",
        "args": "java -Xmx4g -Xss1m -XX:+UseShenandoahGC -jar app.jar"
      }
    ]
  },
  {
    "timestamp": "2025-08-17T17:38:10.713724543+02:00",
    "processes": [
      {
        "pid": "46696",
        "rss": "745604",
        "args": "java -Xmx4g -Xss1m -XX:+UseShenandoahGC -jar app.jar"
      }
    ]
  },
  {
    "timestamp": "2025-08-17T17:38:11.706357724+02:00",
    "processes": [
      {
        "pid": "46696",
        "rss": "770252",
        "args": "java -Xmx4g -Xss1m -XX:+UseShenandoahGC -jar app.jar"
      }
    ]
  },
  {
    "timestamp": "2025-08-17T17:38:12.705716734+02:00",
    "processes": [
      {
        "pid": "46696",
        "rss": "786652",
        "args": "java -Xmx4g -Xss1m -XX:+UseShenandoahGC -jar app.jar"
      }
    ]
  },
  {
    "timestamp": "2025-08-17T17:38:13.705755825+02:00",
    "processes": [
      {
        "pid": "46696",
        "rss": "811252",
        "args": "java -Xmx4g -Xss1m -XX:+UseShenandoahGC -jar app.jar"
      }
    ]
  },
  {
    "timestamp": "2025-08-17T17:38:14.705912373+02:00",
    "processes": [
      {
        "pid": "46696",
        "rss": "833792",
        "args": "java -Xmx4g -Xss1m -XX:+UseShenandoahGC -jar app.jar"
      }
    ]
  },
  {
    "timestamp": "2025-08-17T17:38:15.707447294+02:00",
    "processes": [
      {
        "pid": "46696",
        "rss": "852244",
        "args": "java -Xmx4g -Xss1m -XX:+UseShenandoahGC -jar app.jar"
      }
    ]
  },
  {
    "timestamp": "2025-08-17T17:38:16.707613797+02:00",
    "processes": [
      {
        "pid": "46696",
        "rss": "878868",
        "args": "java -Xmx4g -Xss1m -XX:+UseShenandoahGC -jar app.jar"
      }
    ]
  },
  {
    "timestamp": "2025-08-17T17:38:17.705736062+02:00",
    "processes": [
      {
        "pid": "46696",
        "rss": "897308",
        "args": "java -Xmx4g -Xss1m -XX:+UseShenandoahGC -jar app.jar"
      }
    ]
  },
  {
    "timestamp": "2025-08-17T17:38:18.748163246+02:00",
    "processes": [
      {
        "pid": "46696",
        "rss": "913696",
        "args": "java -Xmx4g -Xss1m -XX:+UseShenandoahGC -jar app.jar"
      }
    ]
  }
]
