[
  {
    "timestamp": "2025-08-17T17:28:38.751644029+02:00",
    "processes": [
      {
        "pid": "39621",
        "rss": "166216",
        "args": "java -Xmx2g -Xss1m -XX:+UseG1GC -Dquarkus.http.host=0.0.0.0 -Djava.util.logging.manager=org.jboss.logmanager.LogManager -jar /deployments/quarkus-run.jar"
      }
    ]
  },
  {
    "timestamp": "2025-08-17T17:28:39.661528515+02:00",
    "processes": [
      {
        "pid": "39621",
        "rss": "242424",
        "args": "java -Xmx2g -Xss1m -XX:+UseG1GC -Dquarkus.http.host=0.0.0.0 -Djava.util.logging.manager=org.jboss.logmanager.LogManager -jar /deployments/quarkus-run.jar"
      }
    ]
  },
  {
    "timestamp": "2025-08-17T17:28:40.65886006+02:00",
    "processes": [
      {
        "pid": "39621",
        "rss": "354912",
        "args": "java -Xmx2g -Xss1m -XX:+UseG1GC -Dquarkus.http.host=0.0.0.0 -Djava.util.logging.manager=org.jboss.logmanager.LogManager -jar /deployments/quarkus-run.jar"
      }
    ]
  },
  {
    "timestamp": "2025-08-17T17:28:41.666307194+02:00",
    "processes": [
      {
        "pid": "39621",
        "rss": "494008",
        "args": "java -Xmx2g -Xss1m -XX:+UseG1GC -Dquarkus.http.host=0.0.0.0 -Djava.util.logging.manager=org.jboss.logmanager.LogManager -jar /deployments/quarkus-run.jar"
      }
    ]
  },
  {
    "timestamp": "2025-08-17T17:28:42.655138228+02:00",
    "processes": [
      {
        "pid": "39621",
        "rss": "734008",
        "args": "java -Xmx2g -Xss1m -XX:+UseG1GC -Dquarkus.http.host=0.0.0.0 -Djava.util.logging.manager=org.jboss.logmanager.LogManager -jar /deployments/quarkus-run.jar"
      }
    ]
  },
  {
    "timestamp": "2025-08-17T17:28:43.653947965+02:00",
    "processes": [
      {
        "pid": "39621",
        "rss": "755128",
        "args": "java -Xmx2g -Xss1m -XX:+UseG1GC -Dquarkus.http.host=0.0.0.0 -Djava.util.logging.manager=org.jboss.logmanager.LogManager -jar /deployments/quarkus-run.jar"
      }
    ]
  },
  {
    "timestamp": "2025-08-17T17:28:44.654920796+02:00",
    "processes": [
      {
        "pid": "39621",
        "rss": "781112",
        "args": "java -Xmx2g -Xss1m -XX:+UseG1GC -Dquarkus.http.host=0.0.0.0 -Djava.util.logging.manager=org.jboss.logmanager.LogManager -jar /deployments/quarkus-run.jar"
      }
    ]
  },
  {
    "timestamp": "2025-08-17T17:28:45.656218846+02:00",
    "processes": [
      {
        "pid": "39621",
        "rss": "639744",
        "args": "java -Xmx2g -Xss1m -XX:+UseG1GC -Dquarkus.http.host=0.0.0.0 -Djava.util.logging.manager=org.jboss.logmanager.LogManager -jar /deployments/quarkus-run.jar"
      }
    ]
  },
  {
    "timestamp": "2025-08-17T17:28:46.67304778+02:00",
    "processes": [
      {
        "pid": "39621",
        "rss": "661248",
        "args": "java -Xmx2g -Xss1m -XX:+UseG1GC -Dquarkus.http.host=0.0.0.0 -Djava.util.logging.manager=org.jboss.logmanager.LogManager -jar /deployments/quarkus-run.jar"
      }
    ]
  },
  {
    "timestamp": "2025-08-17T17:28:47.647588242+02:00",
    "processes": [
      {
        "pid": "39621",
        "rss": "1101760",
        "args": "java -Xmx2g -Xss1m -XX:+UseG1GC -Dquarkus.http.host=0.0.0.0 -Djava.util.logging.manager=org.jboss.logmanager.LogManager -jar /deployments/quarkus-run.jar"
      }
    ]
  },
  {
    "timestamp": "2025-08-17T17:28:48.647337049+02:00",
    "processes": [
      {
        "pid": "39621",
        "rss": "1184452",
        "args": "java -Xmx2g -Xss1m -XX:+UseG1GC -Dquarkus.http.host=0.0.0.0 -Djava.util.logging.manager=org.jboss.logmanager.LogManager -jar /deployments/quarkus-run.jar"
      }
    ]
  },
  {
    "timestamp": "2025-08-17T17:28:49.65585049+02:00",
    "processes": [
      {
        "pid": "39621",
        "rss": "1209008",
        "args": "java -Xmx2g -Xss1m -XX:+UseG1GC -Dquarkus.http.host=0.0.0.0 -Djava.util.logging.manager=org.jboss.logmanager.LogManager -jar /deployments/quarkus-run.jar"
      }
    ]
  },
  {
    "timestamp": "2025-08-17T17:28:50.667114353+02:00",
    "processes": [
      {
        "pid": "39621",
        "rss": "1001688",
        "args": "java -Xmx2g -Xss1m -XX:+UseG1GC -Dquarkus.http.host=0.0.0.0 -Djava.util.logging.manager=org.jboss.logmanager.LogManager -jar /deployments/quarkus-run.jar"
      }
    ]
  },
  {
    "timestamp": "2025-08-17T17:28:51.654860054+02:00",
    "processes": [
      {
        "pid": "39621",
        "rss": "1460644",
        "args": "java -Xmx2g -Xss1m -XX:+UseG1GC -Dquarkus.http.host=0.0.0.0 -Djava.util.logging.manager=org.jboss.logmanager.LogManager -jar /deployments/quarkus-run.jar"
      }
    ]
  },
  {
    "timestamp": "2025-08-17T17:28:52.658468424+02:00",
    "processes": [
      {
        "pid": "39621",
        "rss": "1503012",
        "args": "java -Xmx2g -Xss1m -XX:+UseG1GC -Dquarkus.http.host=0.0.0.0 -Djava.util.logging.manager=org.jboss.logmanager.LogManager -jar /deployments/quarkus-run.jar"
      }
    ]
  },
  {
    "timestamp": "2025-08-17T17:28:53.651121186+02:00",
    "processes": [
      {
        "pid": "39621",
        "rss": "1521572",
        "args": "java -Xmx2g -Xss1m -XX:+UseG1GC -Dquarkus.http.host=0.0.0.0 -Djava.util.logging.manager=org.jboss.logmanager.LogManager -jar /deployments/quarkus-run.jar"
      }
    ]
  },
  {
    "timestamp": "2025-08-17T17:28:54.655876083+02:00",
    "processes": [
      {
        "pid": "39621",
        "rss": "1543332",
        "args": "java -Xmx2g -Xss1m -XX:+UseG1GC -Dquarkus.http.host=0.0.0.0 -Djava.util.logging.manager=org.jboss.logmanager.LogManager -jar /deployments/quarkus-run.jar"
      }
    ]
  },
  {
    "timestamp": "2025-08-17T17:28:55.654503176+02:00",
    "processes": [
      {
        "pid": "39621",
        "rss": "1570468",
        "args": "java -Xmx2g -Xss1m -XX:+UseG1GC -Dquarkus.http.host=0.0.0.0 -Djava.util.logging.manager=org.jboss.logmanager.LogManager -jar /deployments/quarkus-run.jar"
      }
    ]
  },
  {
    "timestamp": "2025-08-17T17:28:56.651516965+02:00",
    "processes": [
      {
        "pid": "39621",
        "rss": "1586596",
        "args": "java -Xmx2g -Xss1m -XX:+UseG1GC -Dquarkus.http.host=0.0.0.0 -Djava.util.logging.manager=org.jboss.logmanager.LogManager -jar /deployments/quarkus-run.jar"
      }
    ]
  },
  {
    "timestamp": "2025-08-17T17:28:57.648207952+02:00",
    "processes": [
      {
        "pid": "39621",
        "rss": "1621668",
        "args": "java -Xmx2g -Xss1m -XX:+UseG1GC -Dquarkus.http.host=0.0.0.0 -Djava.util.logging.manager=org.jboss.logmanager.LogManager -jar /deployments/quarkus-run.jar"
      }
    ]
  },
  {
    "timestamp": "2025-08-17T17:28:58.654235748+02:00",
    "processes": [
      {
        "pid": "39621",
        "rss": "1637156",
        "args": "java -Xmx2g -Xss1m -XX:+UseG1GC -Dquarkus.http.host=0.0.0.0 -Djava.util.logging.manager=org.jboss.logmanager.LogManager -jar /deployments/quarkus-run.jar"
      }
    ]
  },
  {
    "timestamp": "2025-08-17T17:28:59.65882828+02:00",
    "processes": [
      {
        "pid": "39621",
        "rss": "1657508",
        "args": "java -Xmx2g -Xss1m -XX:+UseG1GC -Dquarkus.http.host=0.0.0.0 -Djava.util.logging.manager=org.jboss.logmanager.LogManager -jar /deployments/quarkus-run.jar"
      }
    ]
  },
  {
    "timestamp": "2025-08-17T17:29:00.649971511+02:00",
    "processes": [
      {
        "pid": "39621",
        "rss": "1687332",
        "args": "java -Xmx2g -Xss1m -XX:+UseG1GC -Dquarkus.http.host=0.0.0.0 -Djava.util.logging.manager=org.jboss.logmanager.LogManager -jar /deployments/quarkus-run.jar"
      }
    ]
  },
  {
    "timestamp": "2025-08-17T17:29:01.656889931+02:00",
    "processes": [
      {
        "pid": "39621",
        "rss": "1701668",
        "args": "java -Xmx2g -Xss1m -XX:+UseG1GC -Dquarkus.http.host=0.0.0.0 -Djava.util.logging.manager=org.jboss.logmanager.LogManager -jar /deployments/quarkus-run.jar"
      }
    ]
  },
  {
    "timestamp": "2025-08-17T17:29:02.651995281+02:00",
    "processes": [
      {
        "pid": "39621",
        "rss": "1738916",
        "args": "java -Xmx2g -Xss1m -XX:+UseG1GC -Dquarkus.http.host=0.0.0.0 -Djava.util.logging.manager=org.jboss.logmanager.LogManager -jar /deployments/quarkus-run.jar"
      }
    ]
  },
  {
    "timestamp": "2025-08-17T17:29:03.654068337+02:00",
    "processes": [
      {
        "pid": "39621",
        "rss": "1763620",
        "args": "java -Xmx2g -Xss1m -XX:+UseG1GC -Dquarkus.http.host=0.0.0.0 -Djava.util.logging.manager=org.jboss.logmanager.LogManager -jar /deployments/quarkus-run.jar"
      }
    ]
  },
  {
    "timestamp": "2025-08-17T17:29:04.649209168+02:00",
    "processes": [
      {
        "pid": "39621",
        "rss": "1784484",
        "args": "java -Xmx2g -Xss1m -XX:+UseG1GC -Dquarkus.http.host=0.0.0.0 -Djava.util.logging.manager=org.jboss.logmanager.LogManager -jar /deployments/quarkus-run.jar"
      }
    ]
  },
  {
    "timestamp": "2025-08-17T17:29:05.648163845+02:00",
    "processes": [
      {
        "pid": "39621",
        "rss": "1819940",
        "args": "java -Xmx2g -Xss1m -XX:+UseG1GC -Dquarkus.http.host=0.0.0.0 -Djava.util.logging.manager=org.jboss.logmanager.LogManager -jar /deployments/quarkus-run.jar"
      }
    ]
  },
  {
    "timestamp": "2025-08-17T17:29:06.658718919+02:00",
    "processes": [
      {
        "pid": "39621",
        "rss": "1726524",
        "args": "java -Xmx2g -Xss1m -XX:+UseG1GC -Dquarkus.http.host=0.0.0.0 -Djava.util.logging.manager=org.jboss.logmanager.LogManager -jar /deployments/quarkus-run.jar"
      }
    ]
  },
  {
    "timestamp": "2025-08-17T17:29:07.66201372+02:00",
    "processes": [
      {
        "pid": "39621",
        "rss": "1765436",
        "args": "java -Xmx2g -Xss1m -XX:+UseG1GC -Dquarkus.http.host=0.0.0.0 -Djava.util.logging.manager=org.jboss.logmanager.LogManager -jar /deployments/quarkus-run.jar"
      }
    ]
  },
  {
    "timestamp": "2025-08-17T17:29:08.654588886+02:00",
    "processes": [
      {
        "pid": "39621",
        "rss": "1781308",
        "args": "java -Xmx2g -Xss1m -XX:+UseG1GC -Dquarkus.http.host=0.0.0.0 -Djava.util.logging.manager=org.jboss.logmanager.LogManager -jar /deployments/quarkus-run.jar"
      }
    ]
  }
]
