[
  {
    "timestamp": "2025-08-17T17:31:14.854357988+02:00",
    "processes": [
      {
        "pid": "41809",
        "rss": "249840",
        "args": "java -Xmx4g -Xss1m -XX:+UseShenandoahGC -jar app.jar"
      }
    ]
  },
  {
    "timestamp": "2025-08-17T17:31:15.822094721+02:00",
    "processes": [
      {
        "pid": "41809",
        "rss": "256248",
        "args": "java -Xmx4g -Xss1m -XX:+UseShenandoahGC -jar app.jar"
      }
    ]
  },
  {
    "timestamp": "2025-08-17T17:31:16.815410882+02:00",
    "processes": [
      {
        "pid": "41809",
        "rss": "261240",
        "args": "java -Xmx4g -Xss1m -XX:+UseShenandoahGC -jar app.jar"
      }
    ]
  },
  {
    "timestamp": "2025-08-17T17:31:17.814105018+02:00",
    "processes": [
      {
        "pid": "41809",
        "rss": "274816",
        "args": "java -Xmx4g -Xss1m -XX:+UseShenandoahGC -jar app.jar"
      }
    ]
  },
  {
    "timestamp": "2025-08-17T17:31:18.8237753+02:00",
    "processes": [
      {
        "pid": "41809",
        "rss": "315328",
        "args": "java -Xmx4g -Xss1m -XX:+UseShenandoahGC -jar app.jar"
      }
    ]
  },
  {
    "timestamp": "2025-08-17T17:31:19.813987864+02:00",
    "processes": [
      {
        "pid": "41809",
        "rss": "358332",
        "args": "java -Xmx4g -Xss1m -XX:+UseShenandoahGC -jar app.jar"
      }
    ]
  },
  {
    "timestamp": "2025-08-17T17:31:20.819386531+02:00",
    "processes": [
      {
        "pid": "41809",
        "rss": "387720",
        "args": "java -Xmx4g -Xss1m -XX:+UseShenandoahGC -jar app.jar"
      }
    ]
  },
  {
    "timestamp": "2025-08-17T17:31:21.812046641+02:00",
    "processes": [
      {
        "pid": "41809",
        "rss": "406508",
        "args": "java -Xmx4g -Xss1m -XX:+UseShenandoahGC -jar app.jar"
      }
    ]
  },
  {
    "timestamp": "2025-08-17T17:31:22.813205506+02:00",
    "processes": [
      {
        "pid": "41809",
        "rss": "440276",
        "args": "java -Xmx4g -Xss1m -XX:+UseShenandoahGC -jar app.jar"
      }
    ]
  },
  {
    "timestamp": "2025-08-17T17:31:23.822556804+02:00",
    "processes": [
      {
        "pid": "41809",
        "rss": "476952",
        "args": "java -Xmx4g -Xss1m -XX:+UseShenandoahGC -jar app.jar"
      }
    ]
  },
  {
    "timestamp": "2025-08-17T17:31:24.836975237+02:00",
    "processes": [
      {
        "pid": "41809",
        "rss": "500044",
        "args": "java -Xmx4g -Xss1m -XX:+UseShenandoahGC -jar app.jar"
      }
    ]
  },
  {
    "timestamp": "2025-08-17T17:31:25.816818676+02:00",
    "processes": [
      {
        "pid": "41809",
        "rss": "538288",
        "args": "java -Xmx4g -Xss1m -XX:+UseShenandoahGC -jar app.jar"
      }
    ]
  },
  {
    "timestamp": "2025-08-17T17:31:26.810905855+02:00",
    "processes": [
      {
        "pid": "41809",
        "rss": "557852",
        "args": "java -Xmx4g -Xss1m -XX:+UseShenandoahGC -jar app.jar"
      }
    ]
  },
  {
    "timestamp": "2025-08-17T17:31:27.810589297+02:00",
    "processes": [
      {
        "pid": "41809",
        "rss": "579704",
        "args": "java -Xmx4g -Xss1m -XX:+UseShenandoahGC -jar app.jar"
      }
    ]
  },
  {
    "timestamp": "2025-08-17T17:31:28.829199793+02:00",
    "processes": [
      {
        "pid": "41809",
        "rss": "608996",
        "args": "java -Xmx4g -Xss1m -XX:+UseShenandoahGC -jar app.jar"
      }
    ]
  },
  {
    "timestamp": "2025-08-17T17:31:29.824718836+02:00",
    "processes": [
      {
        "pid": "41809",
        "rss": "629516",
        "args": "java -Xmx4g -Xss1m -XX:+UseShenandoahGC -jar app.jar"
      }
    ]
  },
  {
    "timestamp": "2025-08-17T17:31:30.811339771+02:00",
    "processes": [
      {
        "pid": "41809",
        "rss": "648024",
        "args": "java -Xmx4g -Xss1m -XX:+UseShenandoahGC -jar app.jar"
      }
    ]
  },
  {
    "timestamp": "2025-08-17T17:31:31.808835646+02:00",
    "processes": [
      {
        "pid": "41809",
        "rss": "670572",
        "args": "java -Xmx4g -Xss1m -XX:+UseShenandoahGC -jar app.jar"
      }
    ]
  },
  {
    "timestamp": "2025-08-17T17:31:32.815098517+02:00",
    "processes": [
      {
        "pid": "41809",
        "rss": "693136",
        "args": "java -Xmx4g -Xss1m -XX:+UseShenandoahGC -jar app.jar"
      }
    ]
  },
  {
    "timestamp": "2025-08-17T17:31:33.811269061+02:00",
    "processes": [
      {
        "pid": "41809",
        "rss": "717716",
        "args": "java -Xmx4g -Xss1m -XX:+UseShenandoahGC -jar app.jar"
      }
    ]
  },
  {
    "timestamp": "2025-08-17T17:31:34.803140221+02:00",
    "processes": [
      {
        "pid": "41809",
        "rss": "734104",
        "args": "java -Xmx4g -Xss1m -XX:+UseShenandoahGC -jar app.jar"
      }
    ]
  },
  {
    "timestamp": "2025-08-17T17:31:35.805944903+02:00",
    "processes": [
      {
        "pid": "41809",
        "rss": "760732",
        "args": "java -Xmx4g -Xss1m -XX:+UseShenandoahGC -jar app.jar"
      }
    ]
  },
  {
    "timestamp": "2025-08-17T17:31:36.803621818+02:00",
    "processes": [
      {
        "pid": "41809",
        "rss": "783344",
        "args": "java -Xmx4g -Xss1m -XX:+UseShenandoahGC -jar app.jar"
      }
    ]
  },
  {
    "timestamp": "2025-08-17T17:31:37.809411775+02:00",
    "processes": [
      {
        "pid": "41809",
        "rss": "801836",
        "args": "java -Xmx4g -Xss1m -XX:+UseShenandoahGC -jar app.jar"
      }
    ]
  },
  {
    "timestamp": "2025-08-17T17:31:38.807257985+02:00",
    "processes": [
      {
        "pid": "41809",
        "rss": "822352",
        "args": "java -Xmx4g -Xss1m -XX:+UseShenandoahGC -jar app.jar"
      }
    ]
  },
  {
    "timestamp": "2025-08-17T17:31:39.803129018+02:00",
    "processes": [
      {
        "pid": "41809",
        "rss": "848992",
        "args": "java -Xmx4g -Xss1m -XX:+UseShenandoahGC -jar app.jar"
      }
    ]
  },
  {
    "timestamp": "2025-08-17T17:31:40.802973301+02:00",
    "processes": [
      {
        "pid": "41809",
        "rss": "867452",
        "args": "java -Xmx4g -Xss1m -XX:+UseShenandoahGC -jar app.jar"
      }
    ]
  },
  {
    "timestamp": "2025-08-17T17:31:41.804625134+02:00",
    "processes": [
      {
        "pid": "41809",
        "rss": "889980",
        "args": "java -Xmx4g -Xss1m -XX:+UseShenandoahGC -jar app.jar"
      }
    ]
  },
  {
    "timestamp": "2025-08-17T17:31:42.801878617+02:00",
    "processes": [
      {
        "pid": "41809",
        "rss": "910464",
        "args": "java -Xmx4g -Xss1m -XX:+UseShenandoahGC -jar app.jar"
      }
    ]
  },
  {
    "timestamp": "2025-08-17T17:31:43.807666177+02:00",
    "processes": [
      {
        "pid": "41809",
        "rss": "935044",
        "args": "java -Xmx4g -Xss1m -XX:+UseShenandoahGC -jar app.jar"
      }
    ]
  },
  {
    "timestamp": "2025-08-17T17:31:44.802751391+02:00",
    "processes": [
      {
        "pid": "41809",
        "rss": "955524",
        "args": "java -Xmx4g -Xss1m -XX:+UseShenandoahGC -jar app.jar"
      }
    ]
  }
]
