[
  {
    "timestamp": "2025-08-17T17:27:11.374022151+02:00",
    "processes": [
      {
        "pid": "38440",
        "rss": "682660",
        "args": "java -Xmx2g -Xss1m -XX:+UseShenandoahGC -jar app.jar"
      }
    ]
  },
  {
    "timestamp": "2025-08-17T17:27:12.348545636+02:00",
    "processes": [
      {
        "pid": "38440",
        "rss": "694308",
        "args": "java -Xmx2g -Xss1m -XX:+UseShenandoahGC -jar app.jar"
      }
    ]
  },
  {
    "timestamp": "2025-08-17T17:27:13.334734464+02:00",
    "processes": [
      {
        "pid": "38440",
        "rss": "697252",
        "args": "java -Xmx2g -Xss1m -XX:+UseShenandoahGC -jar app.jar"
      }
    ]
  },
  {
    "timestamp": "2025-08-17T17:27:14.346089926+02:00",
    "processes": [
      {
        "pid": "38440",
        "rss": "698660",
        "args": "java -Xmx2g -Xss1m -XX:+UseShenandoahGC -jar app.jar"
      }
    ]
  },
  {
    "timestamp": "2025-08-17T17:27:15.342828859+02:00",
    "processes": [
      {
        "pid": "38440",
        "rss": "712484",
        "args": "java -Xmx2g -Xss1m -XX:+UseShenandoahGC -jar app.jar"
      }
    ]
  },
  {
    "timestamp": "2025-08-17T17:27:16.372862234+02:00",
    "processes": [
      {
        "pid": "38440",
        "rss": "744868",
        "args": "java -Xmx2g -Xss1m -XX:+UseShenandoahGC -jar app.jar"
      }
    ]
  },
  {
    "timestamp": "2025-08-17T17:27:17.342253337+02:00",
    "processes": [
      {
        "pid": "38440",
        "rss": "782884",
        "args": "java -Xmx2g -Xss1m -XX:+UseShenandoahGC -jar app.jar"
      }
    ]
  },
  {
    "timestamp": "2025-08-17T17:27:18.336883538+02:00",
    "processes": [
      {
        "pid": "38440",
        "rss": "843172",
        "args": "java -Xmx2g -Xss1m -XX:+UseShenandoahGC -jar app.jar"
      }
    ]
  },
  {
    "timestamp": "2025-08-17T17:27:19.343478347+02:00",
    "processes": [
      {
        "pid": "38440",
        "rss": "898568",
        "args": "java -Xmx2g -Xss1m -XX:+UseShenandoahGC -jar app.jar"
      }
    ]
  },
  {
    "timestamp": "2025-08-17T17:27:20.338349186+02:00",
    "processes": [
      {
        "pid": "38440",
        "rss": "982792",
        "args": "java -Xmx2g -Xss1m -XX:+UseShenandoahGC -jar app.jar"
      }
    ]
  },
  {
    "timestamp": "2025-08-17T17:27:21.333043512+02:00",
    "processes": [
      {
        "pid": "38440",
        "rss": "989320",
        "args": "java -Xmx2g -Xss1m -XX:+UseShenandoahGC -jar app.jar"
      }
    ]
  },
  {
    "timestamp": "2025-08-17T17:27:22.343905517+02:00",
    "processes": [
      {
        "pid": "38440",
        "rss": "1000328",
        "args": "java -Xmx2g -Xss1m -XX:+UseShenandoahGC -jar app.jar"
      }
    ]
  },
  {
    "timestamp": "2025-08-17T17:27:23.340882877+02:00",
    "processes": [
      {
        "pid": "38440",
        "rss": "1007368",
        "args": "java -Xmx2g -Xss1m -XX:+UseShenandoahGC -jar app.jar"
      }
    ]
  },
  {
    "timestamp": "2025-08-17T17:27:24.354925011+02:00",
    "processes": [
      {
        "pid": "38440",
        "rss": "1011592",
        "args": "java -Xmx2g -Xss1m -XX:+UseShenandoahGC -jar app.jar"
      }
    ]
  },
  {
    "timestamp": "2025-08-17T17:27:25.332527426+02:00",
    "processes": [
      {
        "pid": "38440",
        "rss": "1018048",
        "args": "java -Xmx2g -Xss1m -XX:+UseShenandoahGC -jar app.jar"
      }
    ]
  },
  {
    "timestamp": "2025-08-17T17:27:26.344325982+02:00",
    "processes": [
      {
        "pid": "38440",
        "rss": "1028320",
        "args": "java -Xmx2g -Xss1m -XX:+UseShenandoahGC -jar app.jar"
      }
    ]
  },
  {
    "timestamp": "2025-08-17T17:27:27.338945896+02:00",
    "processes": [
      {
        "pid": "38440",
        "rss": "1077472",
        "args": "java -Xmx2g -Xss1m -XX:+UseShenandoahGC -jar app.jar"
      }
    ]
  },
  {
    "timestamp": "2025-08-17T17:27:28.344598348+02:00",
    "processes": [
      {
        "pid": "38440",
        "rss": "1114848",
        "args": "java -Xmx2g -Xss1m -XX:+UseShenandoahGC -jar app.jar"
      }
    ]
  },
  {
    "timestamp": "2025-08-17T17:27:29.350793901+02:00",
    "processes": [
      {
        "pid": "38440",
        "rss": "1230944",
        "args": "java -Xmx2g -Xss1m -XX:+UseShenandoahGC -jar app.jar"
      }
    ]
  },
  {
    "timestamp": "2025-08-17T17:27:30.351947969+02:00",
    "processes": [
      {
        "pid": "38440",
        "rss": "1351008",
        "args": "java -Xmx2g -Xss1m -XX:+UseShenandoahGC -jar app.jar"
      }
    ]
  },
  {
    "timestamp": "2025-08-17T17:27:31.344644343+02:00",
    "processes": [
      {
        "pid": "38440",
        "rss": "1477088",
        "args": "java -Xmx2g -Xss1m -XX:+UseShenandoahGC -jar app.jar"
      }
    ]
  },
  {
    "timestamp": "2025-08-17T17:27:32.334566547+02:00",
    "processes": [
      {
        "pid": "38440",
        "rss": "1607484",
        "args": "java -Xmx2g -Xss1m -XX:+UseShenandoahGC -jar app.jar"
      }
    ]
  },
  {
    "timestamp": "2025-08-17T17:27:33.344015212+02:00",
    "processes": [
      {
        "pid": "38440",
        "rss": "1751164",
        "args": "java -Xmx2g -Xss1m -XX:+UseShenandoahGC -jar app.jar"
      }
    ]
  },
  {
    "timestamp": "2025-08-17T17:27:34.35516497+02:00",
    "processes": [
      {
        "pid": "38440",
        "rss": "1863784",
        "args": "java -Xmx2g -Xss1m -XX:+UseShenandoahGC -jar app.jar"
      }
    ]
  },
  {
    "timestamp": "2025-08-17T17:27:35.357960479+02:00",
    "processes": [
      {
        "pid": "38440",
        "rss": "1979368",
        "args": "java -Xmx2g -Xss1m -XX:+UseShenandoahGC -jar app.jar"
      }
    ]
  },
  {
    "timestamp": "2025-08-17T17:27:36.336037073+02:00",
    "processes": [
      {
        "pid": "38440",
        "rss": "1993320",
        "args": "java -Xmx2g -Xss1m -XX:+UseShenandoahGC -jar app.jar"
      }
    ]
  },
  {
    "timestamp": "2025-08-17T17:27:37.335832296+02:00",
    "processes": [
      {
        "pid": "38440",
        "rss": "1993832",
        "args": "java -Xmx2g -Xss1m -XX:+UseShenandoahGC -jar app.jar"
      }
    ]
  },
  {
    "timestamp": "2025-08-17T17:27:38.355117863+02:00",
    "processes": [
      {
        "pid": "38440",
        "rss": "1995752",
        "args": "java -Xmx2g -Xss1m -XX:+UseShenandoahGC -jar app.jar"
      }
    ]
  },
  {
    "timestamp": "2025-08-17T17:27:39.348971014+02:00",
    "processes": [
      {
        "pid": "38440",
        "rss": "1996136",
        "args": "java -Xmx2g -Xss1m -XX:+UseShenandoahGC -jar app.jar"
      }
    ]
  },
  {
    "timestamp": "2025-08-17T17:27:40.337181747+02:00",
    "processes": [
      {
        "pid": "38440",
        "rss": "1997800",
        "args": "java -Xmx2g -Xss1m -XX:+UseShenandoahGC -jar app.jar"
      }
    ]
  },
  {
    "timestamp": "2025-08-17T17:27:41.350475286+02:00",
    "processes": [
      {
        "pid": "38440",
        "rss": "2008168",
        "args": "java -Xmx2g -Xss1m -XX:+UseShenandoahGC -jar app.jar"
      }
    ]
  },
  {
    "timestamp": "2025-08-17T17:27:42.364009164+02:00",
    "processes": [
      {
        "pid": "38440",
        "rss": "2015848",
        "args": "java -Xmx2g -Xss1m -XX:+UseShenandoahGC -jar app.jar"
      }
    ]
  },
  {
    "timestamp": "2025-08-17T17:27:43.334026891+02:00",
    "processes": [
      {
        "pid": "38440",
        "rss": "2021864",
        "args": "java -Xmx2g -Xss1m -XX:+UseShenandoahGC -jar app.jar"
      }
    ]
  },
  {
    "timestamp": "2025-08-17T17:27:44.342493957+02:00",
    "processes": [
      {
        "pid": "38440",
        "rss": "2022248",
        "args": "java -Xmx2g -Xss1m -XX:+UseShenandoahGC -jar app.jar"
      }
    ]
  }
]
