[
  {
    "timestamp": "2025-08-17T16:58:11.770496277+02:00",
    "processes": [
      {
        "pid": "19174",
        "rss": "699336",
        "args": "java -Xmx2g -Xss1m -XX:+UseShenandoahGC -jar app.jar"
      }
    ]
  },
  {
    "timestamp": "2025-08-17T16:58:12.718200072+02:00",
    "processes": [
      {
        "pid": "19174",
        "rss": "709704",
        "args": "java -Xmx2g -Xss1m -XX:+UseShenandoahGC -jar app.jar"
      }
    ]
  },
  {
    "timestamp": "2025-08-17T16:58:13.789775092+02:00",
    "processes": [
      {
        "pid": "19174",
        "rss": "712136",
        "args": "java -Xmx2g -Xss1m -XX:+UseShenandoahGC -jar app.jar"
      }
    ]
  },
  {
    "timestamp": "2025-08-17T16:58:14.710862702+02:00",
    "processes": [
      {
        "pid": "19174",
        "rss": "715464",
        "args": "java -Xmx2g -Xss1m -XX:+UseShenandoahGC -jar app.jar"
      }
    ]
  },
  {
    "timestamp": "2025-08-17T16:58:15.716632684+02:00",
    "processes": [
      {
        "pid": "19174",
        "rss": "740552",
        "args": "java -Xmx2g -Xss1m -XX:+UseShenandoahGC -jar app.jar"
      }
    ]
  },
  {
    "timestamp": "2025-08-17T16:58:16.726263475+02:00",
    "processes": [
      {
        "pid": "19174",
        "rss": "768456",
        "args": "java -Xmx2g -Xss1m -XX:+UseShenandoahGC -jar app.jar"
      }
    ]
  },
  {
    "timestamp": "2025-08-17T16:58:17.735714958+02:00",
    "processes": [
      {
        "pid": "19174",
        "rss": "814920",
        "args": "java -Xmx2g -Xss1m -XX:+UseShenandoahGC -jar app.jar"
      }
    ]
  },
  {
    "timestamp": "2025-08-17T16:58:18.712815375+02:00",
    "processes": [
      {
        "pid": "19174",
        "rss": "874312",
        "args": "java -Xmx2g -Xss1m -XX:+UseShenandoahGC -jar app.jar"
      }
    ]
  },
  {
    "timestamp": "2025-08-17T16:58:19.720322603+02:00",
    "processes": [
      {
        "pid": "19174",
        "rss": "946376",
        "args": "java -Xmx2g -Xss1m -XX:+UseShenandoahGC -jar app.jar"
      }
    ]
  },
  {
    "timestamp": "2025-08-17T16:58:20.706144204+02:00",
    "processes": [
      {
        "pid": "19174",
        "rss": "950728",
        "args": "java -Xmx2g -Xss1m -XX:+UseShenandoahGC -jar app.jar"
      }
    ]
  },
  {
    "timestamp": "2025-08-17T16:58:21.71229612+02:00",
    "processes": [
      {
        "pid": "19174",
        "rss": "957128",
        "args": "java -Xmx2g -Xss1m -XX:+UseShenandoahGC -jar app.jar"
      }
    ]
  },
  {
    "timestamp": "2025-08-17T16:58:22.717632031+02:00",
    "processes": [
      {
        "pid": "19174",
        "rss": "960456",
        "args": "java -Xmx2g -Xss1m -XX:+UseShenandoahGC -jar app.jar"
      }
    ]
  },
  {
    "timestamp": "2025-08-17T16:58:23.708716277+02:00",
    "processes": [
      {
        "pid": "19174",
        "rss": "973256",
        "args": "java -Xmx2g -Xss1m -XX:+UseShenandoahGC -jar app.jar"
      }
    ]
  },
  {
    "timestamp": "2025-08-17T16:58:24.715254175+02:00",
    "processes": [
      {
        "pid": "19174",
        "rss": "979872",
        "args": "java -Xmx2g -Xss1m -XX:+UseShenandoahGC -jar app.jar"
      }
    ]
  },
  {
    "timestamp": "2025-08-17T16:58:25.723516484+02:00",
    "processes": [
      {
        "pid": "19174",
        "rss": "991504",
        "args": "java -Xmx2g -Xss1m -XX:+UseShenandoahGC -jar app.jar"
      }
    ]
  },
  {
    "timestamp": "2025-08-17T16:58:26.709071776+02:00",
    "processes": [
      {
        "pid": "19174",
        "rss": "1006864",
        "args": "java -Xmx2g -Xss1m -XX:+UseShenandoahGC -jar app.jar"
      }
    ]
  },
  {
    "timestamp": "2025-08-17T16:58:27.735314137+02:00",
    "processes": [
      {
        "pid": "19174",
        "rss": "1050768",
        "args": "java -Xmx2g -Xss1m -XX:+UseShenandoahGC -jar app.jar"
      }
    ]
  },
  {
    "timestamp": "2025-08-17T16:58:28.707520409+02:00",
    "processes": [
      {
        "pid": "19174",
        "rss": "1100432",
        "args": "java -Xmx2g -Xss1m -XX:+UseShenandoahGC -jar app.jar"
      }
    ]
  },
  {
    "timestamp": "2025-08-17T16:58:29.739852886+02:00",
    "processes": [
      {
        "pid": "19174",
        "rss": "1221136",
        "args": "java -Xmx2g -Xss1m -XX:+UseShenandoahGC -jar app.jar"
      }
    ]
  },
  {
    "timestamp": "2025-08-17T16:58:30.706463607+02:00",
    "processes": [
      {
        "pid": "19174",
        "rss": "1324944",
        "args": "java -Xmx2g -Xss1m -XX:+UseShenandoahGC -jar app.jar"
      }
    ]
  },
  {
    "timestamp": "2025-08-17T16:58:31.727666142+02:00",
    "processes": [
      {
        "pid": "19174",
        "rss": "1462800",
        "args": "java -Xmx2g -Xss1m -XX:+UseShenandoahGC -jar app.jar"
      }
    ]
  },
  {
    "timestamp": "2025-08-17T16:58:32.735483499+02:00",
    "processes": [
      {
        "pid": "19174",
        "rss": "1578768",
        "args": "java -Xmx2g -Xss1m -XX:+UseShenandoahGC -jar app.jar"
      }
    ]
  },
  {
    "timestamp": "2025-08-17T16:58:33.71346723+02:00",
    "processes": [
      {
        "pid": "19174",
        "rss": "1706588",
        "args": "java -Xmx2g -Xss1m -XX:+UseShenandoahGC -jar app.jar"
      }
    ]
  },
  {
    "timestamp": "2025-08-17T16:58:34.718464906+02:00",
    "processes": [
      {
        "pid": "19174",
        "rss": "1816744",
        "args": "java -Xmx2g -Xss1m -XX:+UseShenandoahGC -jar app.jar"
      }
    ]
  },
  {
    "timestamp": "2025-08-17T16:58:35.712911002+02:00",
    "processes": [
      {
        "pid": "19174",
        "rss": "1947512",
        "args": "java -Xmx2g -Xss1m -XX:+UseShenandoahGC -jar app.jar"
      }
    ]
  },
  {
    "timestamp": "2025-08-17T16:58:36.713148176+02:00",
    "processes": [
      {
        "pid": "19174",
        "rss": "1974264",
        "args": "java -Xmx2g -Xss1m -XX:+UseShenandoahGC -jar app.jar"
      }
    ]
  },
  {
    "timestamp": "2025-08-17T16:58:37.709192525+02:00",
    "processes": [
      {
        "pid": "19174",
        "rss": "1974392",
        "args": "java -Xmx2g -Xss1m -XX:+UseShenandoahGC -jar app.jar"
      }
    ]
  },
  {
    "timestamp": "2025-08-17T16:58:38.714299343+02:00",
    "processes": [
      {
        "pid": "19174",
        "rss": "1980408",
        "args": "java -Xmx2g -Xss1m -XX:+UseShenandoahGC -jar app.jar"
      }
    ]
  },
  {
    "timestamp": "2025-08-17T16:58:39.717446187+02:00",
    "processes": [
      {
        "pid": "19174",
        "rss": "1981048",
        "args": "java -Xmx2g -Xss1m -XX:+UseShenandoahGC -jar app.jar"
      }
    ]
  },
  {
    "timestamp": "2025-08-17T16:58:40.71223217+02:00",
    "processes": [
      {
        "pid": "19174",
        "rss": "1982840",
        "args": "java -Xmx2g -Xss1m -XX:+UseShenandoahGC -jar app.jar"
      }
    ]
  },
  {
    "timestamp": "2025-08-17T16:58:41.717491042+02:00",
    "processes": [
      {
        "pid": "19174",
        "rss": "1986808",
        "args": "java -Xmx2g -Xss1m -XX:+UseShenandoahGC -jar app.jar"
      }
    ]
  },
  {
    "timestamp": "2025-08-17T16:58:42.784809118+02:00",
    "processes": [
      {
        "pid": "19174",
        "rss": "1990136",
        "args": "java -Xmx2g -Xss1m -XX:+UseShenandoahGC -jar app.jar"
      }
    ]
  },
  {
    "timestamp": "2025-08-17T16:58:43.715767742+02:00",
    "processes": [
      {
        "pid": "19174",
        "rss": "1990904",
        "args": "java -Xmx2g -Xss1m -XX:+UseShenandoahGC -jar app.jar"
      }
    ]
  },
  {
    "timestamp": "2025-08-17T16:58:44.715662215+02:00",
    "processes": [
      {
        "pid": "19174",
        "rss": "1989212",
        "args": "java -Xmx2g -Xss1m -XX:+UseShenandoahGC -jar app.jar"
      }
    ]
  }
]
