[
  {
    "timestamp": "2025-08-17T16:58:51.363240619+02:00",
    "processes": [
      {
        "pid": "19766",
        "rss": "234692",
        "args": "./spring-petclinic -H:MaxHeapSize=512m -H:StackSize=1m"
      }
    ]
  },
  {
    "timestamp": "2025-08-17T16:58:52.351164765+02:00",
    "processes": [
      {
        "pid": "19766",
        "rss": "265276",
        "args": "./spring-petclinic -H:MaxHeapSize=512m -H:StackSize=1m"
      }
    ]
  },
  {
    "timestamp": "2025-08-17T16:58:53.369256043+02:00",
    "processes": [
      {
        "pid": "19766",
        "rss": "255000",
        "args": "./spring-petclinic -H:MaxHeapSize=512m -H:StackSize=1m"
      }
    ]
  },
  {
    "timestamp": "2025-08-17T16:58:54.380452594+02:00",
    "processes": [
      {
        "pid": "19766",
        "rss": "254900",
        "args": "./spring-petclinic -H:MaxHeapSize=512m -H:StackSize=1m"
      }
    ]
  },
  {
    "timestamp": "2025-08-17T16:58:55.353145386+02:00",
    "processes": [
      {
        "pid": "19766",
        "rss": "248408",
        "args": "./spring-petclinic -H:MaxHeapSize=512m -H:StackSize=1m"
      }
    ]
  },
  {
    "timestamp": "2025-08-17T16:58:56.349040719+02:00",
    "processes": [
      {
        "pid": "19766",
        "rss": "265296",
        "args": "./spring-petclinic -H:MaxHeapSize=512m -H:StackSize=1m"
      }
    ]
  },
  {
    "timestamp": "2025-08-17T16:58:57.348308515+02:00",
    "processes": [
      {
        "pid": "19766",
        "rss": "252860",
        "args": "./spring-petclinic -H:MaxHeapSize=512m -H:StackSize=1m"
      }
    ]
  },
  {
    "timestamp": "2025-08-17T16:58:58.354639227+02:00",
    "processes": [
      {
        "pid": "19766",
        "rss": "259500",
        "args": "./spring-petclinic -H:MaxHeapSize=512m -H:StackSize=1m"
      }
    ]
  },
  {
    "timestamp": "2025-08-17T16:58:59.353732641+02:00",
    "processes": [
      {
        "pid": "19766",
        "rss": "285056",
        "args": "./spring-petclinic -H:MaxHeapSize=512m -H:StackSize=1m"
      }
    ]
  },
  {
    "timestamp": "2025-08-17T16:59:00.356536883+02:00",
    "processes": [
      {
        "pid": "19766",
        "rss": "282488",
        "args": "./spring-petclinic -H:MaxHeapSize=512m -H:StackSize=1m"
      }
    ]
  },
  {
    "timestamp": "2025-08-17T16:59:01.360874443+02:00",
    "processes": [
      {
        "pid": "19766",
        "rss": "283992",
        "args": "./spring-petclinic -H:MaxHeapSize=512m -H:StackSize=1m"
      }
    ]
  },
  {
    "timestamp": "2025-08-17T16:59:02.348811652+02:00",
    "processes": [
      {
        "pid": "19766",
        "rss": "285184",
        "args": "./spring-petclinic -H:MaxHeapSize=512m -H:StackSize=1m"
      }
    ]
  },
  {
    "timestamp": "2025-08-17T16:59:03.348974385+02:00",
    "processes": [
      {
        "pid": "19766",
        "rss": "286360",
        "args": "./spring-petclinic -H:MaxHeapSize=512m -H:StackSize=1m"
      }
    ]
  },
  {
    "timestamp": "2025-08-17T16:59:04.385131085+02:00",
    "processes": [
      {
        "pid": "19766",
        "rss": "278532",
        "args": "./spring-petclinic -H:MaxHeapSize=512m -H:StackSize=1m"
      }
    ]
  },
  {
    "timestamp": "2025-08-17T16:59:05.342600351+02:00",
    "processes": [
      {
        "pid": "19766",
        "rss": "298744",
        "args": "./spring-petclinic -H:MaxHeapSize=512m -H:StackSize=1m"
      }
    ]
  },
  {
    "timestamp": "2025-08-17T16:59:06.36175115+02:00",
    "processes": [
      {
        "pid": "19766",
        "rss": "269896",
        "args": "./spring-petclinic -H:MaxHeapSize=512m -H:StackSize=1m"
      }
    ]
  },
  {
    "timestamp": "2025-08-17T16:59:07.352811995+02:00",
    "processes": [
      {
        "pid": "19766",
        "rss": "271596",
        "args": "./spring-petclinic -H:MaxHeapSize=512m -H:StackSize=1m"
      }
    ]
  },
  {
    "timestamp": "2025-08-17T16:59:08.35824723+02:00",
    "processes": [
      {
        "pid": "19766",
        "rss": "274928",
        "args": "./spring-petclinic -H:MaxHeapSize=512m -H:StackSize=1m"
      }
    ]
  },
  {
    "timestamp": "2025-08-17T16:59:09.356210182+02:00",
    "processes": [
      {
        "pid": "19766",
        "rss": "294836",
        "args": "./spring-petclinic -H:MaxHeapSize=512m -H:StackSize=1m"
      }
    ]
  },
  {
    "timestamp": "2025-08-17T16:59:10.346179067+02:00",
    "processes": [
      {
        "pid": "19766",
        "rss": "291288",
        "args": "./spring-petclinic -H:MaxHeapSize=512m -H:StackSize=1m"
      }
    ]
  },
  {
    "timestamp": "2025-08-17T16:59:11.368016947+02:00",
    "processes": [
      {
        "pid": "19766",
        "rss": "280200",
        "args": "./spring-petclinic -H:MaxHeapSize=512m -H:StackSize=1m"
      }
    ]
  },
  {
    "timestamp": "2025-08-17T16:59:12.343247576+02:00",
    "processes": [
      {
        "pid": "19766",
        "rss": "324996",
        "args": "./spring-petclinic -H:MaxHeapSize=512m -H:StackSize=1m"
      }
    ]
  },
  {
    "timestamp": "2025-08-17T16:59:13.348446896+02:00",
    "processes": [
      {
        "pid": "19766",
        "rss": "313608",
        "args": "./spring-petclinic -H:MaxHeapSize=512m -H:StackSize=1m"
      }
    ]
  },
  {
    "timestamp": "2025-08-17T16:59:14.349486465+02:00",
    "processes": [
      {
        "pid": "19766",
        "rss": "308744",
        "args": "./spring-petclinic -H:MaxHeapSize=512m -H:StackSize=1m"
      }
    ]
  },
  {
    "timestamp": "2025-08-17T16:59:15.352102421+02:00",
    "processes": [
      {
        "pid": "19766",
        "rss": "318148",
        "args": "./spring-petclinic -H:MaxHeapSize=512m -H:StackSize=1m"
      }
    ]
  },
  {
    "timestamp": "2025-08-17T16:59:16.348645555+02:00",
    "processes": [
      {
        "pid": "19766",
        "rss": "288896",
        "args": "./spring-petclinic -H:MaxHeapSize=512m -H:StackSize=1m"
      }
    ]
  },
  {
    "timestamp": "2025-08-17T16:59:17.338292896+02:00",
    "processes": [
      {
        "pid": "19766",
        "rss": "302888",
        "args": "./spring-petclinic -H:MaxHeapSize=512m -H:StackSize=1m"
      }
    ]
  },
  {
    "timestamp": "2025-08-17T16:59:18.364518565+02:00",
    "processes": [
      {
        "pid": "19766",
        "rss": "290816",
        "args": "./spring-petclinic -H:MaxHeapSize=512m -H:StackSize=1m"
      }
    ]
  },
  {
    "timestamp": "2025-08-17T16:59:19.354250309+02:00",
    "processes": [
      {
        "pid": "19766",
        "rss": "285968",
        "args": "./spring-petclinic -H:MaxHeapSize=512m -H:StackSize=1m"
      }
    ]
  },
  {
    "timestamp": "2025-08-17T16:59:20.34911034+02:00",
    "processes": [
      {
        "pid": "19766",
        "rss": "307268",
        "args": "./spring-petclinic -H:MaxHeapSize=512m -H:StackSize=1m"
      }
    ]
  },
  {
    "timestamp": "2025-08-17T16:59:21.407740381+02:00",
    "processes": [
      {
        "pid": "19766",
        "rss": "358684",
        "args": "./spring-petclinic -H:MaxHeapSize=512m -H:StackSize=1m"
      }
    ]
  },
  {
    "timestamp": "2025-08-17T16:59:22.356163278+02:00",
    "processes": [
      {
        "pid": "19766",
        "rss": "365340",
        "args": "./spring-petclinic -H:MaxHeapSize=512m -H:StackSize=1m"
      }
    ]
  },
  {
    "timestamp": "2025-08-17T16:59:23.337709042+02:00",
    "processes": [
      {
        "pid": "19766",
        "rss": "365340",
        "args": "./spring-petclinic -H:MaxHeapSize=512m -H:StackSize=1m"
      }
    ]
  },
  {
    "timestamp": "2025-08-17T16:59:24.365010008+02:00",
    "processes": [
      {
        "pid": "19766",
        "rss": "358588",
        "args": "./spring-petclinic -H:MaxHeapSize=512m -H:StackSize=1m"
      }
    ]
  },
  {
    "timestamp": "2025-08-17T16:59:25.365972852+02:00",
    "processes": [
      {
        "pid": "19766",
        "rss": "364092",
        "args": "./spring-petclinic -H:MaxHeapSize=512m -H:StackSize=1m"
      }
    ]
  },
  {
    "timestamp": "2025-08-17T16:59:26.340140528+02:00",
    "processes": [
      {
        "pid": "19766",
        "rss": "375612",
        "args": "./spring-petclinic -H:MaxHeapSize=512m -H:StackSize=1m"
      }
    ]
  },
  {
    "timestamp": "2025-08-17T16:59:27.351523246+02:00",
    "processes": [
      {
        "pid": "19766",
        "rss": "375612",
        "args": "./spring-petclinic -H:MaxHeapSize=512m -H:StackSize=1m"
      }
    ]
  },
  {
    "timestamp": "2025-08-17T16:59:28.348258067+02:00",
    "processes": [
      {
        "pid": "19766",
        "rss": "375612",
        "args": "./spring-petclinic -H:MaxHeapSize=512m -H:StackSize=1m"
      }
    ]
  }
]
