[
  {
    "timestamp": "2025-08-17T17:06:43.336922238+02:00",
    "processes": [
      {
        "pid": "23081",
        "rss": "348536",
        "args": "java -Xmx2g -Xss1m -XX:+UseG1GC -jar app.jar"
      }
    ]
  },
  {
    "timestamp": "2025-08-17T17:06:44.29690002+02:00",
    "processes": [
      {
        "pid": "23081",
        "rss": "354968",
        "args": "java -Xmx2g -Xss1m -XX:+UseG1GC -jar app.jar"
      }
    ]
  },
  {
    "timestamp": "2025-08-17T17:06:45.290360008+02:00",
    "processes": [
      {
        "pid": "23081",
        "rss": "363032",
        "args": "java -Xmx2g -Xss1m -XX:+UseG1GC -jar app.jar"
      }
    ]
  },
  {
    "timestamp": "2025-08-17T17:06:46.301118609+02:00",
    "processes": [
      {
        "pid": "23081",
        "rss": "368024",
        "args": "java -Xmx2g -Xss1m -XX:+UseG1GC -jar app.jar"
      }
    ]
  },
  {
    "timestamp": "2025-08-17T17:06:47.295161345+02:00",
    "processes": [
      {
        "pid": "23081",
        "rss": "369688",
        "args": "java -Xmx2g -Xss1m -XX:+UseG1GC -jar app.jar"
      }
    ]
  },
  {
    "timestamp": "2025-08-17T17:06:48.298846037+02:00",
    "processes": [
      {
        "pid": "23081",
        "rss": "381444",
        "args": "java -Xmx2g -Xss1m -XX:+UseG1GC -jar app.jar"
      }
    ]
  },
  {
    "timestamp": "2025-08-17T17:06:49.298255107+02:00",
    "processes": [
      {
        "pid": "23081",
        "rss": "396120",
        "args": "java -Xmx2g -Xss1m -XX:+UseG1GC -jar app.jar"
      }
    ]
  },
  {
    "timestamp": "2025-08-17T17:06:50.296791536+02:00",
    "processes": [
      {
        "pid": "23081",
        "rss": "403004",
        "args": "java -Xmx2g -Xss1m -XX:+UseG1GC -jar app.jar"
      }
    ]
  },
  {
    "timestamp": "2025-08-17T17:06:51.298167451+02:00",
    "processes": [
      {
        "pid": "23081",
        "rss": "421104",
        "args": "java -Xmx2g -Xss1m -XX:+UseG1GC -jar app.jar"
      }
    ]
  },
  {
    "timestamp": "2025-08-17T17:06:52.297499191+02:00",
    "processes": [
      {
        "pid": "23081",
        "rss": "418672",
        "args": "java -Xmx2g -Xss1m -XX:+UseG1GC -jar app.jar"
      }
    ]
  },
  {
    "timestamp": "2025-08-17T17:06:53.312609395+02:00",
    "processes": [
      {
        "pid": "23081",
        "rss": "418928",
        "args": "java -Xmx2g -Xss1m -XX:+UseG1GC -jar app.jar"
      }
    ]
  },
  {
    "timestamp": "2025-08-17T17:06:54.299273017+02:00",
    "processes": [
      {
        "pid": "23081",
        "rss": "461344",
        "args": "java -Xmx2g -Xss1m -XX:+UseG1GC -jar app.jar"
      }
    ]
  },
  {
    "timestamp": "2025-08-17T17:06:55.296571658+02:00",
    "processes": [
      {
        "pid": "23081",
        "rss": "465568",
        "args": "java -Xmx2g -Xss1m -XX:+UseG1GC -jar app.jar"
      }
    ]
  },
  {
    "timestamp": "2025-08-17T17:06:56.318602658+02:00",
    "processes": [
      {
        "pid": "23081",
        "rss": "466208",
        "args": "java -Xmx2g -Xss1m -XX:+UseG1GC -jar app.jar"
      }
    ]
  },
  {
    "timestamp": "2025-08-17T17:06:57.301213887+02:00",
    "processes": [
      {
        "pid": "23081",
        "rss": "467412",
        "args": "java -Xmx2g -Xss1m -XX:+UseG1GC -jar app.jar"
      }
    ]
  },
  {
    "timestamp": "2025-08-17T17:06:58.294952269+02:00",
    "processes": [
      {
        "pid": "23081",
        "rss": "468052",
        "args": "java -Xmx2g -Xss1m -XX:+UseG1GC -jar app.jar"
      }
    ]
  },
  {
    "timestamp": "2025-08-17T17:06:59.317079674+02:00",
    "processes": [
      {
        "pid": "23081",
        "rss": "469460",
        "args": "java -Xmx2g -Xss1m -XX:+UseG1GC -jar app.jar"
      }
    ]
  },
  {
    "timestamp": "2025-08-17T17:07:00.316029236+02:00",
    "processes": [
      {
        "pid": "23081",
        "rss": "480428",
        "args": "java -Xmx2g -Xss1m -XX:+UseG1GC -jar app.jar"
      }
    ]
  },
  {
    "timestamp": "2025-08-17T17:07:01.29455874+02:00",
    "processes": [
      {
        "pid": "23081",
        "rss": "508676",
        "args": "java -Xmx2g -Xss1m -XX:+UseG1GC -jar app.jar"
      }
    ]
  },
  {
    "timestamp": "2025-08-17T17:07:02.300807114+02:00",
    "processes": [
      {
        "pid": "23081",
        "rss": "511236",
        "args": "java -Xmx2g -Xss1m -XX:+UseG1GC -jar app.jar"
      }
    ]
  },
  {
    "timestamp": "2025-08-17T17:07:03.298388519+02:00",
    "processes": [
      {
        "pid": "23081",
        "rss": "512260",
        "args": "java -Xmx2g -Xss1m -XX:+UseG1GC -jar app.jar"
      }
    ]
  },
  {
    "timestamp": "2025-08-17T17:07:04.313490254+02:00",
    "processes": [
      {
        "pid": "23081",
        "rss": "512644",
        "args": "java -Xmx2g -Xss1m -XX:+UseG1GC -jar app.jar"
      }
    ]
  },
  {
    "timestamp": "2025-08-17T17:07:05.301672912+02:00",
    "processes": [
      {
        "pid": "23081",
        "rss": "513412",
        "args": "java -Xmx2g -Xss1m -XX:+UseG1GC -jar app.jar"
      }
    ]
  },
  {
    "timestamp": "2025-08-17T17:07:06.324506555+02:00",
    "processes": [
      {
        "pid": "23081",
        "rss": "513796",
        "args": "java -Xmx2g -Xss1m -XX:+UseG1GC -jar app.jar"
      }
    ]
  },
  {
    "timestamp": "2025-08-17T17:07:07.297555259+02:00",
    "processes": [
      {
        "pid": "23081",
        "rss": "514308",
        "args": "java -Xmx2g -Xss1m -XX:+UseG1GC -jar app.jar"
      }
    ]
  },
  {
    "timestamp": "2025-08-17T17:07:08.311972275+02:00",
    "processes": [
      {
        "pid": "23081",
        "rss": "557868",
        "args": "java -Xmx2g -Xss1m -XX:+UseG1GC -jar app.jar"
      }
    ]
  },
  {
    "timestamp": "2025-08-17T17:07:09.306678037+02:00",
    "processes": [
      {
        "pid": "23081",
        "rss": "558124",
        "args": "java -Xmx2g -Xss1m -XX:+UseG1GC -jar app.jar"
      }
    ]
  },
  {
    "timestamp": "2025-08-17T17:07:10.29560751+02:00",
    "processes": [
      {
        "pid": "23081",
        "rss": "558764",
        "args": "java -Xmx2g -Xss1m -XX:+UseG1GC -jar app.jar"
      }
    ]
  },
  {
    "timestamp": "2025-08-17T17:07:11.298624471+02:00",
    "processes": [
      {
        "pid": "23081",
        "rss": "559276",
        "args": "java -Xmx2g -Xss1m -XX:+UseG1GC -jar app.jar"
      }
    ]
  },
  {
    "timestamp": "2025-08-17T17:07:12.305464348+02:00",
    "processes": [
      {
        "pid": "23081",
        "rss": "559788",
        "args": "java -Xmx2g -Xss1m -XX:+UseG1GC -jar app.jar"
      }
    ]
  },
  {
    "timestamp": "2025-08-17T17:07:13.306617983+02:00",
    "processes": [
      {
        "pid": "23081",
        "rss": "559916",
        "args": "java -Xmx2g -Xss1m -XX:+UseG1GC -jar app.jar"
      }
    ]
  },
  {
    "timestamp": "2025-08-17T17:07:14.305085433+02:00",
    "processes": [
      {
        "pid": "23081",
        "rss": "560684",
        "args": "java -Xmx2g -Xss1m -XX:+UseG1GC -jar app.jar"
      }
    ]
  },
  {
    "timestamp": "2025-08-17T17:07:15.290124149+02:00",
    "processes": [
      {
        "pid": "23081",
        "rss": "561068",
        "args": "java -Xmx2g -Xss1m -XX:+UseG1GC -jar app.jar"
      }
    ]
  },
  {
    "timestamp": "2025-08-17T17:07:16.299149516+02:00",
    "processes": [
      {
        "pid": "23081",
        "rss": "554664",
        "args": "java -Xmx2g -Xss1m -XX:+UseG1GC -jar app.jar"
      }
    ]
  }
]
