[
  {
    "timestamp": "2025-08-17T17:40:16.67821092+02:00",
    "processes": [
      {
        "pid": "48264",
        "rss": "681692",
        "args": "java -Xmx2g -Xss1m -XX:+UseShenandoahGC -jar app.jar"
      }
    ]
  },
  {
    "timestamp": "2025-08-17T17:40:17.665619014+02:00",
    "processes": [
      {
        "pid": "48264",
        "rss": "691932",
        "args": "java -Xmx2g -Xss1m -XX:+UseShenandoahGC -jar app.jar"
      }
    ]
  },
  {
    "timestamp": "2025-08-17T17:40:18.672250098+02:00",
    "processes": [
      {
        "pid": "48264",
        "rss": "696284",
        "args": "java -Xmx2g -Xss1m -XX:+UseShenandoahGC -jar app.jar"
      }
    ]
  },
  {
    "timestamp": "2025-08-17T17:40:19.660935164+02:00",
    "processes": [
      {
        "pid": "48264",
        "rss": "701020",
        "args": "java -Xmx2g -Xss1m -XX:+UseShenandoahGC -jar app.jar"
      }
    ]
  },
  {
    "timestamp": "2025-08-17T17:40:20.669021433+02:00",
    "processes": [
      {
        "pid": "48264",
        "rss": "719708",
        "args": "java -Xmx2g -Xss1m -XX:+UseShenandoahGC -jar app.jar"
      }
    ]
  },
  {
    "timestamp": "2025-08-17T17:40:21.676521574+02:00",
    "processes": [
      {
        "pid": "48264",
        "rss": "752988",
        "args": "java -Xmx2g -Xss1m -XX:+UseShenandoahGC -jar app.jar"
      }
    ]
  },
  {
    "timestamp": "2025-08-17T17:40:22.66893134+02:00",
    "processes": [
      {
        "pid": "48264",
        "rss": "798428",
        "args": "java -Xmx2g -Xss1m -XX:+UseShenandoahGC -jar app.jar"
      }
    ]
  },
  {
    "timestamp": "2025-08-17T17:40:23.660325127+02:00",
    "processes": [
      {
        "pid": "48264",
        "rss": "864732",
        "args": "java -Xmx2g -Xss1m -XX:+UseShenandoahGC -jar app.jar"
      }
    ]
  },
  {
    "timestamp": "2025-08-17T17:40:24.685600664+02:00",
    "processes": [
      {
        "pid": "48264",
        "rss": "938532",
        "args": "java -Xmx2g -Xss1m -XX:+UseShenandoahGC -jar app.jar"
      }
    ]
  },
  {
    "timestamp": "2025-08-17T17:40:25.659782916+02:00",
    "processes": [
      {
        "pid": "48264",
        "rss": "956324",
        "args": "java -Xmx2g -Xss1m -XX:+UseShenandoahGC -jar app.jar"
      }
    ]
  },
  {
    "timestamp": "2025-08-17T17:40:26.67920322+02:00",
    "processes": [
      {
        "pid": "48264",
        "rss": "967332",
        "args": "java -Xmx2g -Xss1m -XX:+UseShenandoahGC -jar app.jar"
      }
    ]
  },
  {
    "timestamp": "2025-08-17T17:40:27.670678348+02:00",
    "processes": [
      {
        "pid": "48264",
        "rss": "969892",
        "args": "java -Xmx2g -Xss1m -XX:+UseShenandoahGC -jar app.jar"
      }
    ]
  },
  {
    "timestamp": "2025-08-17T17:40:28.665099009+02:00",
    "processes": [
      {
        "pid": "48264",
        "rss": "980516",
        "args": "java -Xmx2g -Xss1m -XX:+UseShenandoahGC -jar app.jar"
      }
    ]
  },
  {
    "timestamp": "2025-08-17T17:40:29.663492293+02:00",
    "processes": [
      {
        "pid": "48264",
        "rss": "981540",
        "args": "java -Xmx2g -Xss1m -XX:+UseShenandoahGC -jar app.jar"
      }
    ]
  },
  {
    "timestamp": "2025-08-17T17:40:30.660102811+02:00",
    "processes": [
      {
        "pid": "48264",
        "rss": "982308",
        "args": "java -Xmx2g -Xss1m -XX:+UseShenandoahGC -jar app.jar"
      }
    ]
  },
  {
    "timestamp": "2025-08-17T17:40:31.665824345+02:00",
    "processes": [
      {
        "pid": "48264",
        "rss": "1005092",
        "args": "java -Xmx2g -Xss1m -XX:+UseShenandoahGC -jar app.jar"
      }
    ]
  },
  {
    "timestamp": "2025-08-17T17:40:32.674992142+02:00",
    "processes": [
      {
        "pid": "48264",
        "rss": "1061224",
        "args": "java -Xmx2g -Xss1m -XX:+UseShenandoahGC -jar app.jar"
      }
    ]
  },
  {
    "timestamp": "2025-08-17T17:40:33.669165775+02:00",
    "processes": [
      {
        "pid": "48264",
        "rss": "1105900",
        "args": "java -Xmx2g -Xss1m -XX:+UseShenandoahGC -jar app.jar"
      }
    ]
  },
  {
    "timestamp": "2025-08-17T17:40:34.667628534+02:00",
    "processes": [
      {
        "pid": "48264",
        "rss": "1231152",
        "args": "java -Xmx2g -Xss1m -XX:+UseShenandoahGC -jar app.jar"
      }
    ]
  },
  {
    "timestamp": "2025-08-17T17:40:35.667795761+02:00",
    "processes": [
      {
        "pid": "48264",
        "rss": "1356408",
        "args": "java -Xmx2g -Xss1m -XX:+UseShenandoahGC -jar app.jar"
      }
    ]
  },
  {
    "timestamp": "2025-08-17T17:40:36.66323462+02:00",
    "processes": [
      {
        "pid": "48264",
        "rss": "1468292",
        "args": "java -Xmx2g -Xss1m -XX:+UseShenandoahGC -jar app.jar"
      }
    ]
  },
  {
    "timestamp": "2025-08-17T17:40:37.6744149+02:00",
    "processes": [
      {
        "pid": "48264",
        "rss": "1577220",
        "args": "java -Xmx2g -Xss1m -XX:+UseShenandoahGC -jar app.jar"
      }
    ]
  },
  {
    "timestamp": "2025-08-17T17:40:38.673534553+02:00",
    "processes": [
      {
        "pid": "48264",
        "rss": "1704836",
        "args": "java -Xmx2g -Xss1m -XX:+UseShenandoahGC -jar app.jar"
      }
    ]
  },
  {
    "timestamp": "2025-08-17T17:40:39.667661413+02:00",
    "processes": [
      {
        "pid": "48264",
        "rss": "1806980",
        "args": "java -Xmx2g -Xss1m -XX:+UseShenandoahGC -jar app.jar"
      }
    ]
  },
  {
    "timestamp": "2025-08-17T17:40:40.655285059+02:00",
    "processes": [
      {
        "pid": "48264",
        "rss": "1947304",
        "args": "java -Xmx2g -Xss1m -XX:+UseShenandoahGC -jar app.jar"
      }
    ]
  },
  {
    "timestamp": "2025-08-17T17:40:41.664619269+02:00",
    "processes": [
      {
        "pid": "48264",
        "rss": "1971472",
        "args": "java -Xmx2g -Xss1m -XX:+UseShenandoahGC -jar app.jar"
      }
    ]
  },
  {
    "timestamp": "2025-08-17T17:40:42.662727052+02:00",
    "processes": [
      {
        "pid": "48264",
        "rss": "1972672",
        "args": "java -Xmx2g -Xss1m -XX:+UseShenandoahGC -jar app.jar"
      }
    ]
  },
  {
    "timestamp": "2025-08-17T17:40:43.670131943+02:00",
    "processes": [
      {
        "pid": "48264",
        "rss": "1977280",
        "args": "java -Xmx2g -Xss1m -XX:+UseShenandoahGC -jar app.jar"
      }
    ]
  },
  {
    "timestamp": "2025-08-17T17:40:44.666001471+02:00",
    "processes": [
      {
        "pid": "48264",
        "rss": "1977920",
        "args": "java -Xmx2g -Xss1m -XX:+UseShenandoahGC -jar app.jar"
      }
    ]
  },
  {
    "timestamp": "2025-08-17T17:40:45.670294656+02:00",
    "processes": [
      {
        "pid": "48264",
        "rss": "1979200",
        "args": "java -Xmx2g -Xss1m -XX:+UseShenandoahGC -jar app.jar"
      }
    ]
  },
  {
    "timestamp": "2025-08-17T17:40:46.696491107+02:00",
    "processes": [
      {
        "pid": "48264",
        "rss": "1980736",
        "args": "java -Xmx2g -Xss1m -XX:+UseShenandoahGC -jar app.jar"
      }
    ]
  },
  {
    "timestamp": "2025-08-17T17:40:47.701230659+02:00",
    "processes": [
      {
        "pid": "48264",
        "rss": "1982400",
        "args": "java -Xmx2g -Xss1m -XX:+UseShenandoahGC -jar app.jar"
      }
    ]
  },
  {
    "timestamp": "2025-08-17T17:40:48.765646412+02:00",
    "processes": [
      {
        "pid": "48264",
        "rss": "1987008",
        "args": "java -Xmx2g -Xss1m -XX:+UseShenandoahGC -jar app.jar"
      }
    ]
  },
  {
    "timestamp": "2025-08-17T17:40:49.667164+02:00",
    "processes": [
      {
        "pid": "48264",
        "rss": "1991536",
        "args": "java -Xmx2g -Xss1m -XX:+UseShenandoahGC -jar app.jar"
      }
    ]
  }
]
