[
  {
    "timestamp": "2025-08-17T16:40:52.817761417+02:00",
    "processes": [
      {
        "pid": "6221",
        "rss": "214108",
        "args": "java -Xmx2g -Xss1m -XX:+UseShenandoahGC -Dquarkus.http.host=0.0.0.0 -Djava.util.logging.manager=org.jboss.logmanager.LogManager -jar /deployments/quarkus-run.jar"
      }
    ]
  },
  {
    "timestamp": "2025-08-17T16:40:53.825271035+02:00",
    "processes": [
      {
        "pid": "6221",
        "rss": "468960",
        "args": "java -Xmx2g -Xss1m -XX:+UseShenandoahGC -Dquarkus.http.host=0.0.0.0 -Djava.util.logging.manager=org.jboss.logmanager.LogManager -jar /deployments/quarkus-run.jar"
      }
    ]
  },
  {
    "timestamp": "2025-08-17T16:40:54.817336791+02:00",
    "processes": [
      {
        "pid": "6221",
        "rss": "732880",
        "args": "java -Xmx2g -Xss1m -XX:+UseShenandoahGC -Dquarkus.http.host=0.0.0.0 -Djava.util.logging.manager=org.jboss.logmanager.LogManager -jar /deployments/quarkus-run.jar"
      }
    ]
  },
  {
    "timestamp": "2025-08-17T16:40:55.811921093+02:00",
    "processes": [
      {
        "pid": "6221",
        "rss": "930568",
        "args": "java -Xmx2g -Xss1m -XX:+UseShenandoahGC -Dquarkus.http.host=0.0.0.0 -Djava.util.logging.manager=org.jboss.logmanager.LogManager -jar /deployments/quarkus-run.jar"
      }
    ]
  },
  {
    "timestamp": "2025-08-17T16:40:56.817980716+02:00",
    "processes": [
      {
        "pid": "6221",
        "rss": "1255176",
        "args": "java -Xmx2g -Xss1m -XX:+UseShenandoahGC -Dquarkus.http.host=0.0.0.0 -Djava.util.logging.manager=org.jboss.logmanager.LogManager -jar /deployments/quarkus-run.jar"
      }
    ]
  },
  {
    "timestamp": "2025-08-17T16:40:57.827894876+02:00",
    "processes": [
      {
        "pid": "6221",
        "rss": "1613384",
        "args": "java -Xmx2g -Xss1m -XX:+UseShenandoahGC -Dquarkus.http.host=0.0.0.0 -Djava.util.logging.manager=org.jboss.logmanager.LogManager -jar /deployments/quarkus-run.jar"
      }
    ]
  },
  {
    "timestamp": "2025-08-17T16:40:58.832656681+02:00",
    "processes": [
      {
        "pid": "6221",
        "rss": "1836992",
        "args": "java -Xmx2g -Xss1m -XX:+UseShenandoahGC -Dquarkus.http.host=0.0.0.0 -Djava.util.logging.manager=org.jboss.logmanager.LogManager -jar /deployments/quarkus-run.jar"
      }
    ]
  },
  {
    "timestamp": "2025-08-17T16:40:59.849551802+02:00",
    "processes": [
      {
        "pid": "6221",
        "rss": "1989760",
        "args": "java -Xmx2g -Xss1m -XX:+UseShenandoahGC -Dquarkus.http.host=0.0.0.0 -Djava.util.logging.manager=org.jboss.logmanager.LogManager -jar /deployments/quarkus-run.jar"
      }
    ]
  },
  {
    "timestamp": "2025-08-17T16:41:00.824421419+02:00",
    "processes": [
      {
        "pid": "6221",
        "rss": "2103988",
        "args": "java -Xmx2g -Xss1m -XX:+UseShenandoahGC -Dquarkus.http.host=0.0.0.0 -Djava.util.logging.manager=org.jboss.logmanager.LogManager -jar /deployments/quarkus-run.jar"
      }
    ]
  },
  {
    "timestamp": "2025-08-17T16:41:01.819733607+02:00",
    "processes": [
      {
        "pid": "6221",
        "rss": "2188636",
        "args": "java -Xmx2g -Xss1m -XX:+UseShenandoahGC -Dquarkus.http.host=0.0.0.0 -Djava.util.logging.manager=org.jboss.logmanager.LogManager -jar /deployments/quarkus-run.jar"
      }
    ]
  },
  {
    "timestamp": "2025-08-17T16:41:02.832687863+02:00",
    "processes": [
      {
        "pid": "6221",
        "rss": "2226012",
        "args": "java -Xmx2g -Xss1m -XX:+UseShenandoahGC -Dquarkus.http.host=0.0.0.0 -Djava.util.logging.manager=org.jboss.logmanager.LogManager -jar /deployments/quarkus-run.jar"
      }
    ]
  },
  {
    "timestamp": "2025-08-17T16:41:03.837051379+02:00",
    "processes": [
      {
        "pid": "6221",
        "rss": "2245724",
        "args": "java -Xmx2g -Xss1m -XX:+UseShenandoahGC -Dquarkus.http.host=0.0.0.0 -Djava.util.logging.manager=org.jboss.logmanager.LogManager -jar /deployments/quarkus-run.jar"
      }
    ]
  },
  {
    "timestamp": "2025-08-17T16:41:04.837429179+02:00",
    "processes": [
      {
        "pid": "6221",
        "rss": "2286044",
        "args": "java -Xmx2g -Xss1m -XX:+UseShenandoahGC -Dquarkus.http.host=0.0.0.0 -Djava.util.logging.manager=org.jboss.logmanager.LogManager -jar /deployments/quarkus-run.jar"
      }
    ]
  },
  {
    "timestamp": "2025-08-17T16:41:05.826867037+02:00",
    "processes": [
      {
        "pid": "6221",
        "rss": "2293212",
        "args": "java -Xmx2g -Xss1m -XX:+UseShenandoahGC -Dquarkus.http.host=0.0.0.0 -Djava.util.logging.manager=org.jboss.logmanager.LogManager -jar /deployments/quarkus-run.jar"
      }
    ]
  },
  {
    "timestamp": "2025-08-17T16:41:06.819176495+02:00",
    "processes": [
      {
        "pid": "6221",
        "rss": "2304988",
        "args": "java -Xmx2g -Xss1m -XX:+UseShenandoahGC -Dquarkus.http.host=0.0.0.0 -Djava.util.logging.manager=org.jboss.logmanager.LogManager -jar /deployments/quarkus-run.jar"
      }
    ]
  },
  {
    "timestamp": "2025-08-17T16:41:07.831124519+02:00",
    "processes": [
      {
        "pid": "6221",
        "rss": "2312796",
        "args": "java -Xmx2g -Xss1m -XX:+UseShenandoahGC -Dquarkus.http.host=0.0.0.0 -Djava.util.logging.manager=org.jboss.logmanager.LogManager -jar /deployments/quarkus-run.jar"
      }
    ]
  },
  {
    "timestamp": "2025-08-17T16:41:08.843644883+02:00",
    "processes": [
      {
        "pid": "6221",
        "rss": "2314332",
        "args": "java -Xmx2g -Xss1m -XX:+UseShenandoahGC -Dquarkus.http.host=0.0.0.0 -Djava.util.logging.manager=org.jboss.logmanager.LogManager -jar /deployments/quarkus-run.jar"
      }
    ]
  },
  {
    "timestamp": "2025-08-17T16:41:09.828374266+02:00",
    "processes": [
      {
        "pid": "6221",
        "rss": "2315356",
        "args": "java -Xmx2g -Xss1m -XX:+UseShenandoahGC -Dquarkus.http.host=0.0.0.0 -Djava.util.logging.manager=org.jboss.logmanager.LogManager -jar /deployments/quarkus-run.jar"
      }
    ]
  },
  {
    "timestamp": "2025-08-17T16:41:10.840757398+02:00",
    "processes": [
      {
        "pid": "6221",
        "rss": "2355356",
        "args": "java -Xmx2g -Xss1m -XX:+UseShenandoahGC -Dquarkus.http.host=0.0.0.0 -Djava.util.logging.manager=org.jboss.logmanager.LogManager -jar /deployments/quarkus-run.jar"
      }
    ]
  },
  {
    "timestamp": "2025-08-17T16:41:11.826068502+02:00",
    "processes": [
      {
        "pid": "6221",
        "rss": "2370332",
        "args": "java -Xmx2g -Xss1m -XX:+UseShenandoahGC -Dquarkus.http.host=0.0.0.0 -Djava.util.logging.manager=org.jboss.logmanager.LogManager -jar /deployments/quarkus-run.jar"
      }
    ]
  },
  {
    "timestamp": "2025-08-17T16:41:12.824992374+02:00",
    "processes": [
      {
        "pid": "6221",
        "rss": "2374172",
        "args": "java -Xmx2g -Xss1m -XX:+UseShenandoahGC -Dquarkus.http.host=0.0.0.0 -Djava.util.logging.manager=org.jboss.logmanager.LogManager -jar /deployments/quarkus-run.jar"
      }
    ]
  },
  {
    "timestamp": "2025-08-17T16:41:13.815281578+02:00",
    "processes": [
      {
        "pid": "6221",
        "rss": "2375836",
        "args": "java -Xmx2g -Xss1m -XX:+UseShenandoahGC -Dquarkus.http.host=0.0.0.0 -Djava.util.logging.manager=org.jboss.logmanager.LogManager -jar /deployments/quarkus-run.jar"
      }
    ]
  },
  {
    "timestamp": "2025-08-17T16:41:14.819001877+02:00",
    "processes": [
      {
        "pid": "6221",
        "rss": "2379548",
        "args": "java -Xmx2g -Xss1m -XX:+UseShenandoahGC -Dquarkus.http.host=0.0.0.0 -Djava.util.logging.manager=org.jboss.logmanager.LogManager -jar /deployments/quarkus-run.jar"
      }
    ]
  },
  {
    "timestamp": "2025-08-17T16:41:15.825610791+02:00",
    "processes": [
      {
        "pid": "6221",
        "rss": "2379932",
        "args": "java -Xmx2g -Xss1m -XX:+UseShenandoahGC -Dquarkus.http.host=0.0.0.0 -Djava.util.logging.manager=org.jboss.logmanager.LogManager -jar /deployments/quarkus-run.jar"
      }
    ]
  },
  {
    "timestamp": "2025-08-17T16:41:16.812169405+02:00",
    "processes": [
      {
        "pid": "6221",
        "rss": "2381724",
        "args": "java -Xmx2g -Xss1m -XX:+UseShenandoahGC -Dquarkus.http.host=0.0.0.0 -Djava.util.logging.manager=org.jboss.logmanager.LogManager -jar /deployments/quarkus-run.jar"
      }
    ]
  },
  {
    "timestamp": "2025-08-17T16:41:17.829126511+02:00",
    "processes": [
      {
        "pid": "6221",
        "rss": "2382108",
        "args": "java -Xmx2g -Xss1m -XX:+UseShenandoahGC -Dquarkus.http.host=0.0.0.0 -Djava.util.logging.manager=org.jboss.logmanager.LogManager -jar /deployments/quarkus-run.jar"
      }
    ]
  },
  {
    "timestamp": "2025-08-17T16:41:18.836962522+02:00",
    "processes": [
      {
        "pid": "6221",
        "rss": "2382404",
        "args": "java -Xmx2g -Xss1m -XX:+UseShenandoahGC -Dquarkus.http.host=0.0.0.0 -Djava.util.logging.manager=org.jboss.logmanager.LogManager -jar /deployments/quarkus-run.jar"
      }
    ]
  },
  {
    "timestamp": "2025-08-17T16:41:19.819041337+02:00",
    "processes": [
      {
        "pid": "6221",
        "rss": "2383044",
        "args": "java -Xmx2g -Xss1m -XX:+UseShenandoahGC -Dquarkus.http.host=0.0.0.0 -Djava.util.logging.manager=org.jboss.logmanager.LogManager -jar /deployments/quarkus-run.jar"
      }
    ]
  },
  {
    "timestamp": "2025-08-17T16:41:20.815951393+02:00",
    "processes": [
      {
        "pid": "6221",
        "rss": "2383556",
        "args": "java -Xmx2g -Xss1m -XX:+UseShenandoahGC -Dquarkus.http.host=0.0.0.0 -Djava.util.logging.manager=org.jboss.logmanager.LogManager -jar /deployments/quarkus-run.jar"
      }
    ]
  },
  {
    "timestamp": "2025-08-17T16:41:21.81725073+02:00",
    "processes": [
      {
        "pid": "6221",
        "rss": "2383812",
        "args": "java -Xmx2g -Xss1m -XX:+UseShenandoahGC -Dquarkus.http.host=0.0.0.0 -Djava.util.logging.manager=org.jboss.logmanager.LogManager -jar /deployments/quarkus-run.jar"
      }
    ]
  },
  {
    "timestamp": "2025-08-17T16:41:23.006065011+02:00",
    "processes": [
      {
        "pid": "6221",
        "rss": "2385476",
        "args": "java -Xmx2g -Xss1m -XX:+UseShenandoahGC -Dquarkus.http.host=0.0.0.0 -Djava.util.logging.manager=org.jboss.logmanager.LogManager -jar /deployments/quarkus-run.jar"
      }
    ]
  }
]
