[
  {
    "timestamp": "2025-08-17T17:33:44.195386456+02:00",
    "processes": [
      {
        "pid": "43327",
        "rss": "684372",
        "args": "java -Xmx2g -Xss1m -XX:+UseShenandoahGC -jar app.jar"
      }
    ]
  },
  {
    "timestamp": "2025-08-17T17:33:45.165348544+02:00",
    "processes": [
      {
        "pid": "43327",
        "rss": "691540",
        "args": "java -Xmx2g -Xss1m -XX:+UseShenandoahGC -jar app.jar"
      }
    ]
  },
  {
    "timestamp": "2025-08-17T17:33:46.158498123+02:00",
    "processes": [
      {
        "pid": "43327",
        "rss": "712276",
        "args": "java -Xmx2g -Xss1m -XX:+UseShenandoahGC -jar app.jar"
      }
    ]
  },
  {
    "timestamp": "2025-08-17T17:33:47.164599709+02:00",
    "processes": [
      {
        "pid": "43327",
        "rss": "713812",
        "args": "java -Xmx2g -Xss1m -XX:+UseShenandoahGC -jar app.jar"
      }
    ]
  },
  {
    "timestamp": "2025-08-17T17:33:48.158233624+02:00",
    "processes": [
      {
        "pid": "43327",
        "rss": "723284",
        "args": "java -Xmx2g -Xss1m -XX:+UseShenandoahGC -jar app.jar"
      }
    ]
  },
  {
    "timestamp": "2025-08-17T17:33:49.177618977+02:00",
    "processes": [
      {
        "pid": "43327",
        "rss": "743636",
        "args": "java -Xmx2g -Xss1m -XX:+UseShenandoahGC -jar app.jar"
      }
    ]
  },
  {
    "timestamp": "2025-08-17T17:33:50.152311461+02:00",
    "processes": [
      {
        "pid": "43327",
        "rss": "793536",
        "args": "java -Xmx2g -Xss1m -XX:+UseShenandoahGC -jar app.jar"
      }
    ]
  },
  {
    "timestamp": "2025-08-17T17:33:51.156921888+02:00",
    "processes": [
      {
        "pid": "43327",
        "rss": "855104",
        "args": "java -Xmx2g -Xss1m -XX:+UseShenandoahGC -jar app.jar"
      }
    ]
  },
  {
    "timestamp": "2025-08-17T17:33:52.162349225+02:00",
    "processes": [
      {
        "pid": "43327",
        "rss": "927808",
        "args": "java -Xmx2g -Xss1m -XX:+UseShenandoahGC -jar app.jar"
      }
    ]
  },
  {
    "timestamp": "2025-08-17T17:33:53.165496007+02:00",
    "processes": [
      {
        "pid": "43327",
        "rss": "950592",
        "args": "java -Xmx2g -Xss1m -XX:+UseShenandoahGC -jar app.jar"
      }
    ]
  },
  {
    "timestamp": "2025-08-17T17:33:54.279101698+02:00",
    "processes": [
      {
        "pid": "43327",
        "rss": "960340",
        "args": "java -Xmx2g -Xss1m -XX:+UseShenandoahGC -jar app.jar"
      }
    ]
  },
  {
    "timestamp": "2025-08-17T17:33:55.158805162+02:00",
    "processes": [
      {
        "pid": "43327",
        "rss": "961492",
        "args": "java -Xmx2g -Xss1m -XX:+UseShenandoahGC -jar app.jar"
      }
    ]
  },
  {
    "timestamp": "2025-08-17T17:33:56.155682867+02:00",
    "processes": [
      {
        "pid": "43327",
        "rss": "967252",
        "args": "java -Xmx2g -Xss1m -XX:+UseShenandoahGC -jar app.jar"
      }
    ]
  },
  {
    "timestamp": "2025-08-17T17:33:57.149747072+02:00",
    "processes": [
      {
        "pid": "43327",
        "rss": "990164",
        "args": "java -Xmx2g -Xss1m -XX:+UseShenandoahGC -jar app.jar"
      }
    ]
  },
  {
    "timestamp": "2025-08-17T17:33:58.156685343+02:00",
    "processes": [
      {
        "pid": "43327",
        "rss": "990548",
        "args": "java -Xmx2g -Xss1m -XX:+UseShenandoahGC -jar app.jar"
      }
    ]
  },
  {
    "timestamp": "2025-08-17T17:33:59.157381716+02:00",
    "processes": [
      {
        "pid": "43327",
        "rss": "991956",
        "args": "java -Xmx2g -Xss1m -XX:+UseShenandoahGC -jar app.jar"
      }
    ]
  },
  {
    "timestamp": "2025-08-17T17:34:00.157926081+02:00",
    "processes": [
      {
        "pid": "43327",
        "rss": "1001172",
        "args": "java -Xmx2g -Xss1m -XX:+UseShenandoahGC -jar app.jar"
      }
    ]
  },
  {
    "timestamp": "2025-08-17T17:34:01.168058646+02:00",
    "processes": [
      {
        "pid": "43327",
        "rss": "1041876",
        "args": "java -Xmx2g -Xss1m -XX:+UseShenandoahGC -jar app.jar"
      }
    ]
  },
  {
    "timestamp": "2025-08-17T17:34:02.154676515+02:00",
    "processes": [
      {
        "pid": "43327",
        "rss": "1130836",
        "args": "java -Xmx2g -Xss1m -XX:+UseShenandoahGC -jar app.jar"
      }
    ]
  },
  {
    "timestamp": "2025-08-17T17:34:03.154973374+02:00",
    "processes": [
      {
        "pid": "43327",
        "rss": "1255380",
        "args": "java -Xmx2g -Xss1m -XX:+UseShenandoahGC -jar app.jar"
      }
    ]
  },
  {
    "timestamp": "2025-08-17T17:34:04.285828408+02:00",
    "processes": [
      {
        "pid": "43327",
        "rss": "1381204",
        "args": "java -Xmx2g -Xss1m -XX:+UseShenandoahGC -jar app.jar"
      }
    ]
  },
  {
    "timestamp": "2025-08-17T17:34:05.155517046+02:00",
    "processes": [
      {
        "pid": "43327",
        "rss": "1509588",
        "args": "java -Xmx2g -Xss1m -XX:+UseShenandoahGC -jar app.jar"
      }
    ]
  },
  {
    "timestamp": "2025-08-17T17:34:06.175800566+02:00",
    "processes": [
      {
        "pid": "43327",
        "rss": "1633560",
        "args": "java -Xmx2g -Xss1m -XX:+UseShenandoahGC -jar app.jar"
      }
    ]
  },
  {
    "timestamp": "2025-08-17T17:34:07.160876922+02:00",
    "processes": [
      {
        "pid": "43327",
        "rss": "1775672",
        "args": "java -Xmx2g -Xss1m -XX:+UseShenandoahGC -jar app.jar"
      }
    ]
  },
  {
    "timestamp": "2025-08-17T17:34:08.211303017+02:00",
    "processes": [
      {
        "pid": "43327",
        "rss": "1902632",
        "args": "java -Xmx2g -Xss1m -XX:+UseShenandoahGC -jar app.jar"
      }
    ]
  },
  {
    "timestamp": "2025-08-17T17:34:09.164555038+02:00",
    "processes": [
      {
        "pid": "43327",
        "rss": "2029864",
        "args": "java -Xmx2g -Xss1m -XX:+UseShenandoahGC -jar app.jar"
      }
    ]
  },
  {
    "timestamp": "2025-08-17T17:34:10.15767629+02:00",
    "processes": [
      {
        "pid": "43327",
        "rss": "2108840",
        "args": "java -Xmx2g -Xss1m -XX:+UseShenandoahGC -jar app.jar"
      }
    ]
  },
  {
    "timestamp": "2025-08-17T17:34:11.154289293+02:00",
    "processes": [
      {
        "pid": "43327",
        "rss": "2110376",
        "args": "java -Xmx2g -Xss1m -XX:+UseShenandoahGC -jar app.jar"
      }
    ]
  },
  {
    "timestamp": "2025-08-17T17:34:12.152984563+02:00",
    "processes": [
      {
        "pid": "43327",
        "rss": "2110888",
        "args": "java -Xmx2g -Xss1m -XX:+UseShenandoahGC -jar app.jar"
      }
    ]
  },
  {
    "timestamp": "2025-08-17T17:34:13.154407343+02:00",
    "processes": [
      {
        "pid": "43327",
        "rss": "2118312",
        "args": "java -Xmx2g -Xss1m -XX:+UseShenandoahGC -jar app.jar"
      }
    ]
  },
  {
    "timestamp": "2025-08-17T17:34:14.255044498+02:00",
    "processes": [
      {
        "pid": "43327",
        "rss": "2118952",
        "args": "java -Xmx2g -Xss1m -XX:+UseShenandoahGC -jar app.jar"
      }
    ]
  },
  {
    "timestamp": "2025-08-17T17:34:15.153806819+02:00",
    "processes": [
      {
        "pid": "43327",
        "rss": "2123828",
        "args": "java -Xmx2g -Xss1m -XX:+UseShenandoahGC -jar app.jar"
      }
    ]
  },
  {
    "timestamp": "2025-08-17T17:34:16.159653803+02:00",
    "processes": [
      {
        "pid": "43327",
        "rss": "2120012",
        "args": "java -Xmx2g -Xss1m -XX:+UseShenandoahGC -jar app.jar"
      }
    ]
  },
  {
    "timestamp": "2025-08-17T17:34:17.170331204+02:00",
    "processes": [
      {
        "pid": "43327",
        "rss": "2125928",
        "args": "java -Xmx2g -Xss1m -XX:+UseShenandoahGC -jar app.jar"
      }
    ]
  }
]
