[
  {
    "timestamp": "2025-08-17T17:39:18.757718478+02:00",
    "processes": [
      {
        "pid": "47663",
        "rss": "340220",
        "args": "java -Xmx2g -Xss1m -XX:+UseG1GC -jar app.jar"
      }
    ]
  },
  {
    "timestamp": "2025-08-17T17:39:19.746215137+02:00",
    "processes": [
      {
        "pid": "47663",
        "rss": "350844",
        "args": "java -Xmx2g -Xss1m -XX:+UseG1GC -jar app.jar"
      }
    ]
  },
  {
    "timestamp": "2025-08-17T17:39:20.741838886+02:00",
    "processes": [
      {
        "pid": "47663",
        "rss": "355196",
        "args": "java -Xmx2g -Xss1m -XX:+UseG1GC -jar app.jar"
      }
    ]
  },
  {
    "timestamp": "2025-08-17T17:39:21.777844085+02:00",
    "processes": [
      {
        "pid": "47663",
        "rss": "358652",
        "args": "java -Xmx2g -Xss1m -XX:+UseG1GC -jar app.jar"
      }
    ]
  },
  {
    "timestamp": "2025-08-17T17:39:22.729447695+02:00",
    "processes": [
      {
        "pid": "47663",
        "rss": "360316",
        "args": "java -Xmx2g -Xss1m -XX:+UseG1GC -jar app.jar"
      }
    ]
  },
  {
    "timestamp": "2025-08-17T17:39:23.743941596+02:00",
    "processes": [
      {
        "pid": "47663",
        "rss": "381468",
        "args": "java -Xmx2g -Xss1m -XX:+UseG1GC -jar app.jar"
      }
    ]
  },
  {
    "timestamp": "2025-08-17T17:39:24.742114848+02:00",
    "processes": [
      {
        "pid": "47663",
        "rss": "383132",
        "args": "java -Xmx2g -Xss1m -XX:+UseG1GC -jar app.jar"
      }
    ]
  },
  {
    "timestamp": "2025-08-17T17:39:25.736041678+02:00",
    "processes": [
      {
        "pid": "47663",
        "rss": "387404",
        "args": "java -Xmx2g -Xss1m -XX:+UseG1GC -jar app.jar"
      }
    ]
  },
  {
    "timestamp": "2025-08-17T17:39:26.736831056+02:00",
    "processes": [
      {
        "pid": "47663",
        "rss": "415096",
        "args": "java -Xmx2g -Xss1m -XX:+UseG1GC -jar app.jar"
      }
    ]
  },
  {
    "timestamp": "2025-08-17T17:39:27.744572352+02:00",
    "processes": [
      {
        "pid": "47663",
        "rss": "416504",
        "args": "java -Xmx2g -Xss1m -XX:+UseG1GC -jar app.jar"
      }
    ]
  },
  {
    "timestamp": "2025-08-17T17:39:28.737093984+02:00",
    "processes": [
      {
        "pid": "47663",
        "rss": "417400",
        "args": "java -Xmx2g -Xss1m -XX:+UseG1GC -jar app.jar"
      }
    ]
  },
  {
    "timestamp": "2025-08-17T17:39:29.73211665+02:00",
    "processes": [
      {
        "pid": "47663",
        "rss": "418040",
        "args": "java -Xmx2g -Xss1m -XX:+UseG1GC -jar app.jar"
      }
    ]
  },
  {
    "timestamp": "2025-08-17T17:39:30.740185599+02:00",
    "processes": [
      {
        "pid": "47663",
        "rss": "451296",
        "args": "java -Xmx2g -Xss1m -XX:+UseG1GC -jar app.jar"
      }
    ]
  },
  {
    "timestamp": "2025-08-17T17:39:31.733870845+02:00",
    "processes": [
      {
        "pid": "47663",
        "rss": "456176",
        "args": "java -Xmx2g -Xss1m -XX:+UseG1GC -jar app.jar"
      }
    ]
  },
  {
    "timestamp": "2025-08-17T17:39:32.742337991+02:00",
    "processes": [
      {
        "pid": "47663",
        "rss": "460016",
        "args": "java -Xmx2g -Xss1m -XX:+UseG1GC -jar app.jar"
      }
    ]
  },
  {
    "timestamp": "2025-08-17T17:39:33.735958083+02:00",
    "processes": [
      {
        "pid": "47663",
        "rss": "461808",
        "args": "java -Xmx2g -Xss1m -XX:+UseG1GC -jar app.jar"
      }
    ]
  },
  {
    "timestamp": "2025-08-17T17:39:34.735002265+02:00",
    "processes": [
      {
        "pid": "47663",
        "rss": "504528",
        "args": "java -Xmx2g -Xss1m -XX:+UseG1GC -jar app.jar"
      }
    ]
  },
  {
    "timestamp": "2025-08-17T17:39:35.73502082+02:00",
    "processes": [
      {
        "pid": "47663",
        "rss": "502252",
        "args": "java -Xmx2g -Xss1m -XX:+UseG1GC -jar app.jar"
      }
    ]
  },
  {
    "timestamp": "2025-08-17T17:39:36.739620068+02:00",
    "processes": [
      {
        "pid": "47663",
        "rss": "504172",
        "args": "java -Xmx2g -Xss1m -XX:+UseG1GC -jar app.jar"
      }
    ]
  },
  {
    "timestamp": "2025-08-17T17:39:37.732155261+02:00",
    "processes": [
      {
        "pid": "47663",
        "rss": "507628",
        "args": "java -Xmx2g -Xss1m -XX:+UseG1GC -jar app.jar"
      }
    ]
  },
  {
    "timestamp": "2025-08-17T17:39:38.734995471+02:00",
    "processes": [
      {
        "pid": "47663",
        "rss": "514796",
        "args": "java -Xmx2g -Xss1m -XX:+UseG1GC -jar app.jar"
      }
    ]
  },
  {
    "timestamp": "2025-08-17T17:39:39.752591061+02:00",
    "processes": [
      {
        "pid": "47663",
        "rss": "518852",
        "args": "java -Xmx2g -Xss1m -XX:+UseG1GC -jar app.jar"
      }
    ]
  },
  {
    "timestamp": "2025-08-17T17:39:40.740038672+02:00",
    "processes": [
      {
        "pid": "47663",
        "rss": "516200",
        "args": "java -Xmx2g -Xss1m -XX:+UseG1GC -jar app.jar"
      }
    ]
  },
  {
    "timestamp": "2025-08-17T17:39:41.739462813+02:00",
    "processes": [
      {
        "pid": "47663",
        "rss": "550244",
        "args": "java -Xmx2g -Xss1m -XX:+UseG1GC -jar app.jar"
      }
    ]
  },
  {
    "timestamp": "2025-08-17T17:39:42.733565483+02:00",
    "processes": [
      {
        "pid": "47663",
        "rss": "550520",
        "args": "java -Xmx2g -Xss1m -XX:+UseG1GC -jar app.jar"
      }
    ]
  },
  {
    "timestamp": "2025-08-17T17:39:43.733115982+02:00",
    "processes": [
      {
        "pid": "47663",
        "rss": "551672",
        "args": "java -Xmx2g -Xss1m -XX:+UseG1GC -jar app.jar"
      }
    ]
  },
  {
    "timestamp": "2025-08-17T17:39:44.739047746+02:00",
    "processes": [
      {
        "pid": "47663",
        "rss": "555512",
        "args": "java -Xmx2g -Xss1m -XX:+UseG1GC -jar app.jar"
      }
    ]
  },
  {
    "timestamp": "2025-08-17T17:39:45.743319206+02:00",
    "processes": [
      {
        "pid": "47663",
        "rss": "556024",
        "args": "java -Xmx2g -Xss1m -XX:+UseG1GC -jar app.jar"
      }
    ]
  },
  {
    "timestamp": "2025-08-17T17:39:46.729877491+02:00",
    "processes": [
      {
        "pid": "47663",
        "rss": "556920",
        "args": "java -Xmx2g -Xss1m -XX:+UseG1GC -jar app.jar"
      }
    ]
  },
  {
    "timestamp": "2025-08-17T17:39:47.736660657+02:00",
    "processes": [
      {
        "pid": "47663",
        "rss": "557304",
        "args": "java -Xmx2g -Xss1m -XX:+UseG1GC -jar app.jar"
      }
    ]
  },
  {
    "timestamp": "2025-08-17T17:39:48.824904939+02:00",
    "processes": [
      {
        "pid": "47663",
        "rss": "557560",
        "args": "java -Xmx2g -Xss1m -XX:+UseG1GC -jar app.jar"
      }
    ]
  },
  {
    "timestamp": "2025-08-17T17:39:49.743445172+02:00",
    "processes": [
      {
        "pid": "47663",
        "rss": "558200",
        "args": "java -Xmx2g -Xss1m -XX:+UseG1GC -jar app.jar"
      }
    ]
  },
  {
    "timestamp": "2025-08-17T17:39:50.725188756+02:00",
    "processes": [
      {
        "pid": "47663",
        "rss": "558712",
        "args": "java -Xmx2g -Xss1m -XX:+UseG1GC -jar app.jar"
      }
    ]
  },
  {
    "timestamp": "2025-08-17T17:39:51.730922471+02:00",
    "processes": [
      {
        "pid": "47663",
        "rss": "549704",
        "args": "java -Xmx2g -Xss1m -XX:+UseG1GC -jar app.jar"
      }
    ]
  }
]
