[
  {
    "timestamp": "2025-08-17T17:14:10.40554259+02:00",
    "processes": [
      {
        "pid": "28624",
        "rss": "682064",
        "args": "java -Xmx2g -Xss1m -XX:+UseShenandoahGC -jar app.jar"
      }
    ]
  },
  {
    "timestamp": "2025-08-17T17:14:11.37357737+02:00",
    "processes": [
      {
        "pid": "28624",
        "rss": "694096",
        "args": "java -Xmx2g -Xss1m -XX:+UseShenandoahGC -jar app.jar"
      }
    ]
  },
  {
    "timestamp": "2025-08-17T17:14:12.378210391+02:00",
    "processes": [
      {
        "pid": "28624",
        "rss": "696400",
        "args": "java -Xmx2g -Xss1m -XX:+UseShenandoahGC -jar app.jar"
      }
    ]
  },
  {
    "timestamp": "2025-08-17T17:14:13.376735096+02:00",
    "processes": [
      {
        "pid": "28624",
        "rss": "701904",
        "args": "java -Xmx2g -Xss1m -XX:+UseShenandoahGC -jar app.jar"
      }
    ]
  },
  {
    "timestamp": "2025-08-17T17:14:14.378329818+02:00",
    "processes": [
      {
        "pid": "28624",
        "rss": "718416",
        "args": "java -Xmx2g -Xss1m -XX:+UseShenandoahGC -jar app.jar"
      }
    ]
  },
  {
    "timestamp": "2025-08-17T17:14:15.406599677+02:00",
    "processes": [
      {
        "pid": "28624",
        "rss": "749648",
        "args": "java -Xmx2g -Xss1m -XX:+UseShenandoahGC -jar app.jar"
      }
    ]
  },
  {
    "timestamp": "2025-08-17T17:14:16.372639375+02:00",
    "processes": [
      {
        "pid": "28624",
        "rss": "797136",
        "args": "java -Xmx2g -Xss1m -XX:+UseShenandoahGC -jar app.jar"
      }
    ]
  },
  {
    "timestamp": "2025-08-17T17:14:17.379034499+02:00",
    "processes": [
      {
        "pid": "28624",
        "rss": "858576",
        "args": "java -Xmx2g -Xss1m -XX:+UseShenandoahGC -jar app.jar"
      }
    ]
  },
  {
    "timestamp": "2025-08-17T17:14:18.380474521+02:00",
    "processes": [
      {
        "pid": "28624",
        "rss": "910032",
        "args": "java -Xmx2g -Xss1m -XX:+UseShenandoahGC -jar app.jar"
      }
    ]
  },
  {
    "timestamp": "2025-08-17T17:14:19.375538251+02:00",
    "processes": [
      {
        "pid": "28624",
        "rss": "915280",
        "args": "java -Xmx2g -Xss1m -XX:+UseShenandoahGC -jar app.jar"
      }
    ]
  },
  {
    "timestamp": "2025-08-17T17:14:20.388035726+02:00",
    "processes": [
      {
        "pid": "28624",
        "rss": "924496",
        "args": "java -Xmx2g -Xss1m -XX:+UseShenandoahGC -jar app.jar"
      }
    ]
  },
  {
    "timestamp": "2025-08-17T17:14:21.373596005+02:00",
    "processes": [
      {
        "pid": "28624",
        "rss": "931024",
        "args": "java -Xmx2g -Xss1m -XX:+UseShenandoahGC -jar app.jar"
      }
    ]
  },
  {
    "timestamp": "2025-08-17T17:14:22.386647494+02:00",
    "processes": [
      {
        "pid": "28624",
        "rss": "941520",
        "args": "java -Xmx2g -Xss1m -XX:+UseShenandoahGC -jar app.jar"
      }
    ]
  },
  {
    "timestamp": "2025-08-17T17:14:23.373159322+02:00",
    "processes": [
      {
        "pid": "28624",
        "rss": "942160",
        "args": "java -Xmx2g -Xss1m -XX:+UseShenandoahGC -jar app.jar"
      }
    ]
  },
  {
    "timestamp": "2025-08-17T17:14:24.376429253+02:00",
    "processes": [
      {
        "pid": "28624",
        "rss": "943312",
        "args": "java -Xmx2g -Xss1m -XX:+UseShenandoahGC -jar app.jar"
      }
    ]
  },
  {
    "timestamp": "2025-08-17T17:14:25.381377819+02:00",
    "processes": [
      {
        "pid": "28624",
        "rss": "985424",
        "args": "java -Xmx2g -Xss1m -XX:+UseShenandoahGC -jar app.jar"
      }
    ]
  },
  {
    "timestamp": "2025-08-17T17:14:26.38113791+02:00",
    "processes": [
      {
        "pid": "28624",
        "rss": "1031020",
        "args": "java -Xmx2g -Xss1m -XX:+UseShenandoahGC -jar app.jar"
      }
    ]
  },
  {
    "timestamp": "2025-08-17T17:14:27.375614944+02:00",
    "processes": [
      {
        "pid": "28624",
        "rss": "1177184",
        "args": "java -Xmx2g -Xss1m -XX:+UseShenandoahGC -jar app.jar"
      }
    ]
  },
  {
    "timestamp": "2025-08-17T17:14:28.372274497+02:00",
    "processes": [
      {
        "pid": "28624",
        "rss": "1309136",
        "args": "java -Xmx2g -Xss1m -XX:+UseShenandoahGC -jar app.jar"
      }
    ]
  },
  {
    "timestamp": "2025-08-17T17:14:29.376098733+02:00",
    "processes": [
      {
        "pid": "28624",
        "rss": "1436980",
        "args": "java -Xmx2g -Xss1m -XX:+UseShenandoahGC -jar app.jar"
      }
    ]
  },
  {
    "timestamp": "2025-08-17T17:14:30.373921494+02:00",
    "processes": [
      {
        "pid": "28624",
        "rss": "1571252",
        "args": "java -Xmx2g -Xss1m -XX:+UseShenandoahGC -jar app.jar"
      }
    ]
  },
  {
    "timestamp": "2025-08-17T17:14:31.383497332+02:00",
    "processes": [
      {
        "pid": "28624",
        "rss": "1694900",
        "args": "java -Xmx2g -Xss1m -XX:+UseShenandoahGC -jar app.jar"
      }
    ]
  },
  {
    "timestamp": "2025-08-17T17:14:32.380498869+02:00",
    "processes": [
      {
        "pid": "28624",
        "rss": "1820468",
        "args": "java -Xmx2g -Xss1m -XX:+UseShenandoahGC -jar app.jar"
      }
    ]
  },
  {
    "timestamp": "2025-08-17T17:14:33.386670485+02:00",
    "processes": [
      {
        "pid": "28624",
        "rss": "1961652",
        "args": "java -Xmx2g -Xss1m -XX:+UseShenandoahGC -jar app.jar"
      }
    ]
  },
  {
    "timestamp": "2025-08-17T17:14:34.383316553+02:00",
    "processes": [
      {
        "pid": "28624",
        "rss": "1971424",
        "args": "java -Xmx2g -Xss1m -XX:+UseShenandoahGC -jar app.jar"
      }
    ]
  },
  {
    "timestamp": "2025-08-17T17:14:35.374121068+02:00",
    "processes": [
      {
        "pid": "28624",
        "rss": "1969612",
        "args": "java -Xmx2g -Xss1m -XX:+UseShenandoahGC -jar app.jar"
      }
    ]
  },
  {
    "timestamp": "2025-08-17T17:14:36.39004138+02:00",
    "processes": [
      {
        "pid": "28624",
        "rss": "1979852",
        "args": "java -Xmx2g -Xss1m -XX:+UseShenandoahGC -jar app.jar"
      }
    ]
  },
  {
    "timestamp": "2025-08-17T17:14:37.372006399+02:00",
    "processes": [
      {
        "pid": "28624",
        "rss": "1984812",
        "args": "java -Xmx2g -Xss1m -XX:+UseShenandoahGC -jar app.jar"
      }
    ]
  },
  {
    "timestamp": "2025-08-17T17:14:38.3695843+02:00",
    "processes": [
      {
        "pid": "28624",
        "rss": "1985964",
        "args": "java -Xmx2g -Xss1m -XX:+UseShenandoahGC -jar app.jar"
      }
    ]
  },
  {
    "timestamp": "2025-08-17T17:14:39.390952175+02:00",
    "processes": [
      {
        "pid": "28624",
        "rss": "1988780",
        "args": "java -Xmx2g -Xss1m -XX:+UseShenandoahGC -jar app.jar"
      }
    ]
  },
  {
    "timestamp": "2025-08-17T17:14:40.38538081+02:00",
    "processes": [
      {
        "pid": "28624",
        "rss": "1991724",
        "args": "java -Xmx2g -Xss1m -XX:+UseShenandoahGC -jar app.jar"
      }
    ]
  },
  {
    "timestamp": "2025-08-17T17:14:41.381178353+02:00",
    "processes": [
      {
        "pid": "28624",
        "rss": "1997208",
        "args": "java -Xmx2g -Xss1m -XX:+UseShenandoahGC -jar app.jar"
      }
    ]
  },
  {
    "timestamp": "2025-08-17T17:14:42.367478179+02:00",
    "processes": [
      {
        "pid": "28624",
        "rss": "2002404",
        "args": "java -Xmx2g -Xss1m -XX:+UseShenandoahGC -jar app.jar"
      }
    ]
  },
  {
    "timestamp": "2025-08-17T17:14:43.383263536+02:00",
    "processes": [
      {
        "pid": "28624",
        "rss": "2003196",
        "args": "java -Xmx2g -Xss1m -XX:+UseShenandoahGC -jar app.jar"
      }
    ]
  }
]
