[
  {
    "timestamp": "2025-08-17T17:05:48.47638857+02:00",
    "processes": [
      {
        "pid": "22620",
        "rss": "75960",
        "args": "./shopcart -H:MaxHeapSize=512m -H:StackSize=1m"
      }
    ]
  },
  {
    "timestamp": "2025-08-17T17:05:49.410572543+02:00",
    "processes": [
      {
        "pid": "22620",
        "rss": "112440",
        "args": "./shopcart -H:MaxHeapSize=512m -H:StackSize=1m"
      }
    ]
  },
  {
    "timestamp": "2025-08-17T17:05:50.401485932+02:00",
    "processes": [
      {
        "pid": "22620",
        "rss": "124004",
        "args": "./shopcart -H:MaxHeapSize=512m -H:StackSize=1m"
      }
    ]
  },
  {
    "timestamp": "2025-08-17T17:05:51.402138572+02:00",
    "processes": [
      {
        "pid": "22620",
        "rss": "125948",
        "args": "./shopcart -H:MaxHeapSize=512m -H:StackSize=1m"
      }
    ]
  },
  {
    "timestamp": "2025-08-17T17:05:52.405256068+02:00",
    "processes": [
      {
        "pid": "22620",
        "rss": "127228",
        "args": "./shopcart -H:MaxHeapSize=512m -H:StackSize=1m"
      }
    ]
  },
  {
    "timestamp": "2025-08-17T17:05:53.401054464+02:00",
    "processes": [
      {
        "pid": "22620",
        "rss": "128508",
        "args": "./shopcart -H:MaxHeapSize=512m -H:StackSize=1m"
      }
    ]
  },
  {
    "timestamp": "2025-08-17T17:05:54.407205435+02:00",
    "processes": [
      {
        "pid": "22620",
        "rss": "129836",
        "args": "./shopcart -H:MaxHeapSize=512m -H:StackSize=1m"
      }
    ]
  },
  {
    "timestamp": "2025-08-17T17:05:55.411937953+02:00",
    "processes": [
      {
        "pid": "22620",
        "rss": "129836",
        "args": "./shopcart -H:MaxHeapSize=512m -H:StackSize=1m"
      }
    ]
  },
  {
    "timestamp": "2025-08-17T17:05:56.403767693+02:00",
    "processes": [
      {
        "pid": "22620",
        "rss": "129964",
        "args": "./shopcart -H:MaxHeapSize=512m -H:StackSize=1m"
      }
    ]
  },
  {
    "timestamp": "2025-08-17T17:05:57.402373795+02:00",
    "processes": [
      {
        "pid": "22620",
        "rss": "128956",
        "args": "./shopcart -H:MaxHeapSize=512m -H:StackSize=1m"
      }
    ]
  },
  {
    "timestamp": "2025-08-17T17:05:58.40419525+02:00",
    "processes": [
      {
        "pid": "22620",
        "rss": "128812",
        "args": "./shopcart -H:MaxHeapSize=512m -H:StackSize=1m"
      }
    ]
  },
  {
    "timestamp": "2025-08-17T17:05:59.411827568+02:00",
    "processes": [
      {
        "pid": "22620",
        "rss": "128812",
        "args": "./shopcart -H:MaxHeapSize=512m -H:StackSize=1m"
      }
    ]
  },
  {
    "timestamp": "2025-08-17T17:06:00.402530215+02:00",
    "processes": [
      {
        "pid": "22620",
        "rss": "126720",
        "args": "./shopcart -H:MaxHeapSize=512m -H:StackSize=1m"
      }
    ]
  },
  {
    "timestamp": "2025-08-17T17:06:01.402140216+02:00",
    "processes": [
      {
        "pid": "22620",
        "rss": "126908",
        "args": "./shopcart -H:MaxHeapSize=512m -H:StackSize=1m"
      }
    ]
  },
  {
    "timestamp": "2025-08-17T17:06:02.40812842+02:00",
    "processes": [
      {
        "pid": "22620",
        "rss": "127080",
        "args": "./shopcart -H:MaxHeapSize=512m -H:StackSize=1m"
      }
    ]
  },
  {
    "timestamp": "2025-08-17T17:06:03.405168434+02:00",
    "processes": [
      {
        "pid": "22620",
        "rss": "127208",
        "args": "./shopcart -H:MaxHeapSize=512m -H:StackSize=1m"
      }
    ]
  },
  {
    "timestamp": "2025-08-17T17:06:04.400863266+02:00",
    "processes": [
      {
        "pid": "22620",
        "rss": "127208",
        "args": "./shopcart -H:MaxHeapSize=512m -H:StackSize=1m"
      }
    ]
  },
  {
    "timestamp": "2025-08-17T17:06:05.40473571+02:00",
    "processes": [
      {
        "pid": "22620",
        "rss": "127208",
        "args": "./shopcart -H:MaxHeapSize=512m -H:StackSize=1m"
      }
    ]
  },
  {
    "timestamp": "2025-08-17T17:06:06.400970212+02:00",
    "processes": [
      {
        "pid": "22620",
        "rss": "127208",
        "args": "./shopcart -H:MaxHeapSize=512m -H:StackSize=1m"
      }
    ]
  },
  {
    "timestamp": "2025-08-17T17:06:07.410147968+02:00",
    "processes": [
      {
        "pid": "22620",
        "rss": "127720",
        "args": "./shopcart -H:MaxHeapSize=512m -H:StackSize=1m"
      }
    ]
  },
  {
    "timestamp": "2025-08-17T17:06:08.405199444+02:00",
    "processes": [
      {
        "pid": "22620",
        "rss": "127076",
        "args": "./shopcart -H:MaxHeapSize=512m -H:StackSize=1m"
      }
    ]
  },
  {
    "timestamp": "2025-08-17T17:06:09.414674037+02:00",
    "processes": [
      {
        "pid": "22620",
        "rss": "127076",
        "args": "./shopcart -H:MaxHeapSize=512m -H:StackSize=1m"
      }
    ]
  },
  {
    "timestamp": "2025-08-17T17:06:10.404685171+02:00",
    "processes": [
      {
        "pid": "22620",
        "rss": "126056",
        "args": "./shopcart -H:MaxHeapSize=512m -H:StackSize=1m"
      }
    ]
  },
  {
    "timestamp": "2025-08-17T17:06:11.413057144+02:00",
    "processes": [
      {
        "pid": "22620",
        "rss": "126056",
        "args": "./shopcart -H:MaxHeapSize=512m -H:StackSize=1m"
      }
    ]
  },
  {
    "timestamp": "2025-08-17T17:06:12.407844112+02:00",
    "processes": [
      {
        "pid": "22620",
        "rss": "125032",
        "args": "./shopcart -H:MaxHeapSize=512m -H:StackSize=1m"
      }
    ]
  },
  {
    "timestamp": "2025-08-17T17:06:13.414970031+02:00",
    "processes": [
      {
        "pid": "22620",
        "rss": "125032",
        "args": "./shopcart -H:MaxHeapSize=512m -H:StackSize=1m"
      }
    ]
  },
  {
    "timestamp": "2025-08-17T17:06:14.408431896+02:00",
    "processes": [
      {
        "pid": "22620",
        "rss": "125032",
        "args": "./shopcart -H:MaxHeapSize=512m -H:StackSize=1m"
      }
    ]
  },
  {
    "timestamp": "2025-08-17T17:06:15.412930739+02:00",
    "processes": [
      {
        "pid": "22620",
        "rss": "125032",
        "args": "./shopcart -H:MaxHeapSize=512m -H:StackSize=1m"
      }
    ]
  },
  {
    "timestamp": "2025-08-17T17:06:16.402806941+02:00",
    "processes": [
      {
        "pid": "22620",
        "rss": "124520",
        "args": "./shopcart -H:MaxHeapSize=512m -H:StackSize=1m"
      }
    ]
  },
  {
    "timestamp": "2025-08-17T17:06:17.40916591+02:00",
    "processes": [
      {
        "pid": "22620",
        "rss": "123496",
        "args": "./shopcart -H:MaxHeapSize=512m -H:StackSize=1m"
      }
    ]
  },
  {
    "timestamp": "2025-08-17T17:06:18.423219966+02:00",
    "processes": [
      {
        "pid": "22620",
        "rss": "123496",
        "args": "./shopcart -H:MaxHeapSize=512m -H:StackSize=1m"
      }
    ]
  }
]
