[
  {
    "timestamp": "2025-08-17T17:24:43.051635057+02:00",
    "processes": [
      {
        "pid": "36911",
        "rss": "247728",
        "args": "java -Xmx4g -Xss1m -XX:+UseShenandoahGC -jar app.jar"
      }
    ]
  },
  {
    "timestamp": "2025-08-17T17:24:43.977706722+02:00",
    "processes": [
      {
        "pid": "36911",
        "rss": "254392",
        "args": "java -Xmx4g -Xss1m -XX:+UseShenandoahGC -jar app.jar"
      }
    ]
  },
  {
    "timestamp": "2025-08-17T17:24:44.958492263+02:00",
    "processes": [
      {
        "pid": "36911",
        "rss": "237260",
        "args": "java -Xmx4g -Xss1m -XX:+UseShenandoahGC -jar app.jar"
      }
    ]
  },
  {
    "timestamp": "2025-08-17T17:24:45.957134234+02:00",
    "processes": [
      {
        "pid": "36911",
        "rss": "261628",
        "args": "java -Xmx4g -Xss1m -XX:+UseShenandoahGC -jar app.jar"
      }
    ]
  },
  {
    "timestamp": "2025-08-17T17:24:46.960600604+02:00",
    "processes": [
      {
        "pid": "36911",
        "rss": "303340",
        "args": "java -Xmx4g -Xss1m -XX:+UseShenandoahGC -jar app.jar"
      }
    ]
  },
  {
    "timestamp": "2025-08-17T17:24:47.972040697+02:00",
    "processes": [
      {
        "pid": "36911",
        "rss": "328512",
        "args": "java -Xmx4g -Xss1m -XX:+UseShenandoahGC -jar app.jar"
      }
    ]
  },
  {
    "timestamp": "2025-08-17T17:24:48.9652435+02:00",
    "processes": [
      {
        "pid": "36911",
        "rss": "359076",
        "args": "java -Xmx4g -Xss1m -XX:+UseShenandoahGC -jar app.jar"
      }
    ]
  },
  {
    "timestamp": "2025-08-17T17:24:49.966879717+02:00",
    "processes": [
      {
        "pid": "36911",
        "rss": "392428",
        "args": "java -Xmx4g -Xss1m -XX:+UseShenandoahGC -jar app.jar"
      }
    ]
  },
  {
    "timestamp": "2025-08-17T17:24:50.965074642+02:00",
    "processes": [
      {
        "pid": "36911",
        "rss": "421388",
        "args": "java -Xmx4g -Xss1m -XX:+UseShenandoahGC -jar app.jar"
      }
    ]
  },
  {
    "timestamp": "2025-08-17T17:24:51.999733982+02:00",
    "processes": [
      {
        "pid": "36911",
        "rss": "477396",
        "args": "java -Xmx4g -Xss1m -XX:+UseShenandoahGC -jar app.jar"
      }
    ]
  },
  {
    "timestamp": "2025-08-17T17:24:52.96271693+02:00",
    "processes": [
      {
        "pid": "36911",
        "rss": "501436",
        "args": "java -Xmx4g -Xss1m -XX:+UseShenandoahGC -jar app.jar"
      }
    ]
  },
  {
    "timestamp": "2025-08-17T17:24:53.960868546+02:00",
    "processes": [
      {
        "pid": "36911",
        "rss": "524296",
        "args": "java -Xmx4g -Xss1m -XX:+UseShenandoahGC -jar app.jar"
      }
    ]
  },
  {
    "timestamp": "2025-08-17T17:24:54.964082818+02:00",
    "processes": [
      {
        "pid": "36911",
        "rss": "546332",
        "args": "java -Xmx4g -Xss1m -XX:+UseShenandoahGC -jar app.jar"
      }
    ]
  },
  {
    "timestamp": "2025-08-17T17:24:55.966144063+02:00",
    "processes": [
      {
        "pid": "36911",
        "rss": "565720",
        "args": "java -Xmx4g -Xss1m -XX:+UseShenandoahGC -jar app.jar"
      }
    ]
  },
  {
    "timestamp": "2025-08-17T17:24:56.951814134+02:00",
    "processes": [
      {
        "pid": "36911",
        "rss": "592412",
        "args": "java -Xmx4g -Xss1m -XX:+UseShenandoahGC -jar app.jar"
      }
    ]
  },
  {
    "timestamp": "2025-08-17T17:24:57.961467893+02:00",
    "processes": [
      {
        "pid": "36911",
        "rss": "612912",
        "args": "java -Xmx4g -Xss1m -XX:+UseShenandoahGC -jar app.jar"
      }
    ]
  },
  {
    "timestamp": "2025-08-17T17:24:58.96272844+02:00",
    "processes": [
      {
        "pid": "36911",
        "rss": "631348",
        "args": "java -Xmx4g -Xss1m -XX:+UseShenandoahGC -jar app.jar"
      }
    ]
  },
  {
    "timestamp": "2025-08-17T17:24:59.954383333+02:00",
    "processes": [
      {
        "pid": "36911",
        "rss": "653888",
        "args": "java -Xmx4g -Xss1m -XX:+UseShenandoahGC -jar app.jar"
      }
    ]
  },
  {
    "timestamp": "2025-08-17T17:25:00.951032684+02:00",
    "processes": [
      {
        "pid": "36911",
        "rss": "664748",
        "args": "java -Xmx4g -Xss1m -XX:+UseShenandoahGC -jar app.jar"
      }
    ]
  },
  {
    "timestamp": "2025-08-17T17:25:01.951510884+02:00",
    "processes": [
      {
        "pid": "36911",
        "rss": "683180",
        "args": "java -Xmx4g -Xss1m -XX:+UseShenandoahGC -jar app.jar"
      }
    ]
  },
  {
    "timestamp": "2025-08-17T17:25:02.979065291+02:00",
    "processes": [
      {
        "pid": "36911",
        "rss": "705712",
        "args": "java -Xmx4g -Xss1m -XX:+UseShenandoahGC -jar app.jar"
      }
    ]
  },
  {
    "timestamp": "2025-08-17T17:25:03.958153782+02:00",
    "processes": [
      {
        "pid": "36911",
        "rss": "726192",
        "args": "java -Xmx4g -Xss1m -XX:+UseShenandoahGC -jar app.jar"
      }
    ]
  },
  {
    "timestamp": "2025-08-17T17:25:04.951505127+02:00",
    "processes": [
      {
        "pid": "36911",
        "rss": "748824",
        "args": "java -Xmx4g -Xss1m -XX:+UseShenandoahGC -jar app.jar"
      }
    ]
  },
  {
    "timestamp": "2025-08-17T17:25:05.952501836+02:00",
    "processes": [
      {
        "pid": "36911",
        "rss": "771428",
        "args": "java -Xmx4g -Xss1m -XX:+UseShenandoahGC -jar app.jar"
      }
    ]
  },
  {
    "timestamp": "2025-08-17T17:25:06.961306265+02:00",
    "processes": [
      {
        "pid": "36911",
        "rss": "789888",
        "args": "java -Xmx4g -Xss1m -XX:+UseShenandoahGC -jar app.jar"
      }
    ]
  },
  {
    "timestamp": "2025-08-17T17:25:07.951762613+02:00",
    "processes": [
      {
        "pid": "36911",
        "rss": "812424",
        "args": "java -Xmx4g -Xss1m -XX:+UseShenandoahGC -jar app.jar"
      }
    ]
  },
  {
    "timestamp": "2025-08-17T17:25:08.956481912+02:00",
    "processes": [
      {
        "pid": "36911",
        "rss": "837020",
        "args": "java -Xmx4g -Xss1m -XX:+UseShenandoahGC -jar app.jar"
      }
    ]
  },
  {
    "timestamp": "2025-08-17T17:25:09.961460316+02:00",
    "processes": [
      {
        "pid": "36911",
        "rss": "855456",
        "args": "java -Xmx4g -Xss1m -XX:+UseShenandoahGC -jar app.jar"
      }
    ]
  },
  {
    "timestamp": "2025-08-17T17:25:10.953951105+02:00",
    "processes": [
      {
        "pid": "36911",
        "rss": "875936",
        "args": "java -Xmx4g -Xss1m -XX:+UseShenandoahGC -jar app.jar"
      }
    ]
  },
  {
    "timestamp": "2025-08-17T17:25:11.951568834+02:00",
    "processes": [
      {
        "pid": "36911",
        "rss": "898464",
        "args": "java -Xmx4g -Xss1m -XX:+UseShenandoahGC -jar app.jar"
      }
    ]
  },
  {
    "timestamp": "2025-08-17T17:25:12.950811838+02:00",
    "processes": [
      {
        "pid": "36911",
        "rss": "916896",
        "args": "java -Xmx4g -Xss1m -XX:+UseShenandoahGC -jar app.jar"
      }
    ]
  }
]
