[
  {
    "timestamp": "2025-08-17T16:46:40.772824536+02:00",
    "processes": [
      {
        "pid": "10539",
        "rss": "192132",
        "args": "java -Xmx2g -Xss1m -XX:+UseG1GC -Dquarkus.http.host=0.0.0.0 -Djava.util.logging.manager=org.jboss.logmanager.LogManager -jar /deployments/quarkus-run.jar"
      }
    ]
  },
  {
    "timestamp": "2025-08-17T16:46:41.765669786+02:00",
    "processes": [
      {
        "pid": "10539",
        "rss": "299492",
        "args": "java -Xmx2g -Xss1m -XX:+UseG1GC -Dquarkus.http.host=0.0.0.0 -Djava.util.logging.manager=org.jboss.logmanager.LogManager -jar /deployments/quarkus-run.jar"
      }
    ]
  },
  {
    "timestamp": "2025-08-17T16:46:42.769622308+02:00",
    "processes": [
      {
        "pid": "10539",
        "rss": "464400",
        "args": "java -Xmx2g -Xss1m -XX:+UseG1GC -Dquarkus.http.host=0.0.0.0 -Djava.util.logging.manager=org.jboss.logmanager.LogManager -jar /deployments/quarkus-run.jar"
      }
    ]
  },
  {
    "timestamp": "2025-08-17T16:46:43.760394915+02:00",
    "processes": [
      {
        "pid": "10539",
        "rss": "861448",
        "args": "java -Xmx2g -Xss1m -XX:+UseG1GC -Dquarkus.http.host=0.0.0.0 -Djava.util.logging.manager=org.jboss.logmanager.LogManager -jar /deployments/quarkus-run.jar"
      }
    ]
  },
  {
    "timestamp": "2025-08-17T16:46:44.765634843+02:00",
    "processes": [
      {
        "pid": "10539",
        "rss": "917556",
        "args": "java -Xmx2g -Xss1m -XX:+UseG1GC -Dquarkus.http.host=0.0.0.0 -Djava.util.logging.manager=org.jboss.logmanager.LogManager -jar /deployments/quarkus-run.jar"
      }
    ]
  },
  {
    "timestamp": "2025-08-17T16:46:45.764424766+02:00",
    "processes": [
      {
        "pid": "10539",
        "rss": "929204",
        "args": "java -Xmx2g -Xss1m -XX:+UseG1GC -Dquarkus.http.host=0.0.0.0 -Djava.util.logging.manager=org.jboss.logmanager.LogManager -jar /deployments/quarkus-run.jar"
      }
    ]
  },
  {
    "timestamp": "2025-08-17T16:46:46.767315237+02:00",
    "processes": [
      {
        "pid": "10539",
        "rss": "1081936",
        "args": "java -Xmx2g -Xss1m -XX:+UseG1GC -Dquarkus.http.host=0.0.0.0 -Djava.util.logging.manager=org.jboss.logmanager.LogManager -jar /deployments/quarkus-run.jar"
      }
    ]
  },
  {
    "timestamp": "2025-08-17T16:46:47.775459406+02:00",
    "processes": [
      {
        "pid": "10539",
        "rss": "1110760",
        "args": "java -Xmx2g -Xss1m -XX:+UseG1GC -Dquarkus.http.host=0.0.0.0 -Djava.util.logging.manager=org.jboss.logmanager.LogManager -jar /deployments/quarkus-run.jar"
      }
    ]
  },
  {
    "timestamp": "2025-08-17T16:46:48.771923372+02:00",
    "processes": [
      {
        "pid": "10539",
        "rss": "1128552",
        "args": "java -Xmx2g -Xss1m -XX:+UseG1GC -Dquarkus.http.host=0.0.0.0 -Djava.util.logging.manager=org.jboss.logmanager.LogManager -jar /deployments/quarkus-run.jar"
      }
    ]
  },
  {
    "timestamp": "2025-08-17T16:46:49.773671835+02:00",
    "processes": [
      {
        "pid": "10539",
        "rss": "1130856",
        "args": "java -Xmx2g -Xss1m -XX:+UseG1GC -Dquarkus.http.host=0.0.0.0 -Djava.util.logging.manager=org.jboss.logmanager.LogManager -jar /deployments/quarkus-run.jar"
      }
    ]
  },
  {
    "timestamp": "2025-08-17T16:46:50.759528343+02:00",
    "processes": [
      {
        "pid": "10539",
        "rss": "1160680",
        "args": "java -Xmx2g -Xss1m -XX:+UseG1GC -Dquarkus.http.host=0.0.0.0 -Djava.util.logging.manager=org.jboss.logmanager.LogManager -jar /deployments/quarkus-run.jar"
      }
    ]
  },
  {
    "timestamp": "2025-08-17T16:46:51.770015995+02:00",
    "processes": [
      {
        "pid": "10539",
        "rss": "1181800",
        "args": "java -Xmx2g -Xss1m -XX:+UseG1GC -Dquarkus.http.host=0.0.0.0 -Djava.util.logging.manager=org.jboss.logmanager.LogManager -jar /deployments/quarkus-run.jar"
      }
    ]
  },
  {
    "timestamp": "2025-08-17T16:46:52.763192148+02:00",
    "processes": [
      {
        "pid": "10539",
        "rss": "1213288",
        "args": "java -Xmx2g -Xss1m -XX:+UseG1GC -Dquarkus.http.host=0.0.0.0 -Djava.util.logging.manager=org.jboss.logmanager.LogManager -jar /deployments/quarkus-run.jar"
      }
    ]
  },
  {
    "timestamp": "2025-08-17T16:46:53.765908925+02:00",
    "processes": [
      {
        "pid": "10539",
        "rss": "611644",
        "args": "java -Xmx2g -Xss1m -XX:+UseG1GC -Dquarkus.http.host=0.0.0.0 -Djava.util.logging.manager=org.jboss.logmanager.LogManager -jar /deployments/quarkus-run.jar"
      }
    ]
  },
  {
    "timestamp": "2025-08-17T16:46:54.774755811+02:00",
    "processes": [
      {
        "pid": "10539",
        "rss": "522880",
        "args": "java -Xmx2g -Xss1m -XX:+UseG1GC -Dquarkus.http.host=0.0.0.0 -Djava.util.logging.manager=org.jboss.logmanager.LogManager -jar /deployments/quarkus-run.jar"
      }
    ]
  },
  {
    "timestamp": "2025-08-17T16:46:55.765774717+02:00",
    "processes": [
      {
        "pid": "10539",
        "rss": "762924",
        "args": "java -Xmx2g -Xss1m -XX:+UseG1GC -Dquarkus.http.host=0.0.0.0 -Djava.util.logging.manager=org.jboss.logmanager.LogManager -jar /deployments/quarkus-run.jar"
      }
    ]
  },
  {
    "timestamp": "2025-08-17T16:46:56.806726492+02:00",
    "processes": [
      {
        "pid": "10539",
        "rss": "770868",
        "args": "java -Xmx2g -Xss1m -XX:+UseG1GC -Dquarkus.http.host=0.0.0.0 -Djava.util.logging.manager=org.jboss.logmanager.LogManager -jar /deployments/quarkus-run.jar"
      }
    ]
  },
  {
    "timestamp": "2025-08-17T16:46:57.760263223+02:00",
    "processes": [
      {
        "pid": "10539",
        "rss": "602528",
        "args": "java -Xmx2g -Xss1m -XX:+UseG1GC -Dquarkus.http.host=0.0.0.0 -Djava.util.logging.manager=org.jboss.logmanager.LogManager -jar /deployments/quarkus-run.jar"
      }
    ]
  },
  {
    "timestamp": "2025-08-17T16:46:58.762125165+02:00",
    "processes": [
      {
        "pid": "10539",
        "rss": "728704",
        "args": "java -Xmx2g -Xss1m -XX:+UseG1GC -Dquarkus.http.host=0.0.0.0 -Djava.util.logging.manager=org.jboss.logmanager.LogManager -jar /deployments/quarkus-run.jar"
      }
    ]
  },
  {
    "timestamp": "2025-08-17T16:46:59.753918521+02:00",
    "processes": [
      {
        "pid": "10539",
        "rss": "644548",
        "args": "java -Xmx2g -Xss1m -XX:+UseG1GC -Dquarkus.http.host=0.0.0.0 -Djava.util.logging.manager=org.jboss.logmanager.LogManager -jar /deployments/quarkus-run.jar"
      }
    ]
  },
  {
    "timestamp": "2025-08-17T16:47:00.759600686+02:00",
    "processes": [
      {
        "pid": "10539",
        "rss": "680092",
        "args": "java -Xmx2g -Xss1m -XX:+UseG1GC -Dquarkus.http.host=0.0.0.0 -Djava.util.logging.manager=org.jboss.logmanager.LogManager -jar /deployments/quarkus-run.jar"
      }
    ]
  },
  {
    "timestamp": "2025-08-17T16:47:01.754302034+02:00",
    "processes": [
      {
        "pid": "10539",
        "rss": "872620",
        "args": "java -Xmx2g -Xss1m -XX:+UseG1GC -Dquarkus.http.host=0.0.0.0 -Djava.util.logging.manager=org.jboss.logmanager.LogManager -jar /deployments/quarkus-run.jar"
      }
    ]
  },
  {
    "timestamp": "2025-08-17T16:47:02.755370857+02:00",
    "processes": [
      {
        "pid": "10539",
        "rss": "758432",
        "args": "java -Xmx2g -Xss1m -XX:+UseG1GC -Dquarkus.http.host=0.0.0.0 -Djava.util.logging.manager=org.jboss.logmanager.LogManager -jar /deployments/quarkus-run.jar"
      }
    ]
  },
  {
    "timestamp": "2025-08-17T16:47:03.760661626+02:00",
    "processes": [
      {
        "pid": "10539",
        "rss": "990196",
        "args": "java -Xmx2g -Xss1m -XX:+UseG1GC -Dquarkus.http.host=0.0.0.0 -Djava.util.logging.manager=org.jboss.logmanager.LogManager -jar /deployments/quarkus-run.jar"
      }
    ]
  },
  {
    "timestamp": "2025-08-17T16:47:04.772115372+02:00",
    "processes": [
      {
        "pid": "10539",
        "rss": "1016180",
        "args": "java -Xmx2g -Xss1m -XX:+UseG1GC -Dquarkus.http.host=0.0.0.0 -Djava.util.logging.manager=org.jboss.logmanager.LogManager -jar /deployments/quarkus-run.jar"
      }
    ]
  },
  {
    "timestamp": "2025-08-17T16:47:05.773070278+02:00",
    "processes": [
      {
        "pid": "10539",
        "rss": "800728",
        "args": "java -Xmx2g -Xss1m -XX:+UseG1GC -Dquarkus.http.host=0.0.0.0 -Djava.util.logging.manager=org.jboss.logmanager.LogManager -jar /deployments/quarkus-run.jar"
      }
    ]
  },
  {
    "timestamp": "2025-08-17T16:47:06.768930648+02:00",
    "processes": [
      {
        "pid": "10539",
        "rss": "826136",
        "args": "java -Xmx2g -Xss1m -XX:+UseG1GC -Dquarkus.http.host=0.0.0.0 -Djava.util.logging.manager=org.jboss.logmanager.LogManager -jar /deployments/quarkus-run.jar"
      }
    ]
  },
  {
    "timestamp": "2025-08-17T16:47:07.760521516+02:00",
    "processes": [
      {
        "pid": "10539",
        "rss": "876252",
        "args": "java -Xmx2g -Xss1m -XX:+UseG1GC -Dquarkus.http.host=0.0.0.0 -Djava.util.logging.manager=org.jboss.logmanager.LogManager -jar /deployments/quarkus-run.jar"
      }
    ]
  },
  {
    "timestamp": "2025-08-17T16:47:08.766498315+02:00",
    "processes": [
      {
        "pid": "10539",
        "rss": "739028",
        "args": "java -Xmx2g -Xss1m -XX:+UseG1GC -Dquarkus.http.host=0.0.0.0 -Djava.util.logging.manager=org.jboss.logmanager.LogManager -jar /deployments/quarkus-run.jar"
      }
    ]
  },
  {
    "timestamp": "2025-08-17T16:47:09.756051951+02:00",
    "processes": [
      {
        "pid": "10539",
        "rss": "928280",
        "args": "java -Xmx2g -Xss1m -XX:+UseG1GC -Dquarkus.http.host=0.0.0.0 -Djava.util.logging.manager=org.jboss.logmanager.LogManager -jar /deployments/quarkus-run.jar"
      }
    ]
  },
  {
    "timestamp": "2025-08-17T16:47:10.846313554+02:00",
    "processes": [
      {
        "pid": "10539",
        "rss": "1010588",
        "args": "java -Xmx2g -Xss1m -XX:+UseG1GC -Dquarkus.http.host=0.0.0.0 -Djava.util.logging.manager=org.jboss.logmanager.LogManager -jar /deployments/quarkus-run.jar"
      }
    ]
  }
]
