[
  {
    "timestamp": "2025-08-17T16:36:19.514037202+02:00",
    "processes": [
      {
        "pid": "2922",
        "rss": "226148",
        "args": "java -Xmx4g -Xss1m -XX:+UseShenandoahGC -jar app.jar"
      }
    ]
  },
  {
    "timestamp": "2025-08-17T16:36:20.498718009+02:00",
    "processes": [
      {
        "pid": "2922",
        "rss": "232932",
        "args": "java -Xmx4g -Xss1m -XX:+UseShenandoahGC -jar app.jar"
      }
    ]
  },
  {
    "timestamp": "2025-08-17T16:36:21.502360133+02:00",
    "processes": [
      {
        "pid": "2922",
        "rss": "241740",
        "args": "java -Xmx4g -Xss1m -XX:+UseShenandoahGC -jar app.jar"
      }
    ]
  },
  {
    "timestamp": "2025-08-17T16:36:22.503257379+02:00",
    "processes": [
      {
        "pid": "2922",
        "rss": "306928",
        "args": "java -Xmx4g -Xss1m -XX:+UseShenandoahGC -jar app.jar"
      }
    ]
  },
  {
    "timestamp": "2025-08-17T16:36:23.507218701+02:00",
    "processes": [
      {
        "pid": "2922",
        "rss": "338444",
        "args": "java -Xmx4g -Xss1m -XX:+UseShenandoahGC -jar app.jar"
      }
    ]
  },
  {
    "timestamp": "2025-08-17T16:36:24.518418969+02:00",
    "processes": [
      {
        "pid": "2922",
        "rss": "361744",
        "args": "java -Xmx4g -Xss1m -XX:+UseShenandoahGC -jar app.jar"
      }
    ]
  },
  {
    "timestamp": "2025-08-17T16:36:25.501812907+02:00",
    "processes": [
      {
        "pid": "2922",
        "rss": "386492",
        "args": "java -Xmx4g -Xss1m -XX:+UseShenandoahGC -jar app.jar"
      }
    ]
  },
  {
    "timestamp": "2025-08-17T16:36:26.548164188+02:00",
    "processes": [
      {
        "pid": "2922",
        "rss": "407488",
        "args": "java -Xmx4g -Xss1m -XX:+UseShenandoahGC -jar app.jar"
      }
    ]
  },
  {
    "timestamp": "2025-08-17T16:36:27.51992599+02:00",
    "processes": [
      {
        "pid": "2922",
        "rss": "426220",
        "args": "java -Xmx4g -Xss1m -XX:+UseShenandoahGC -jar app.jar"
      }
    ]
  },
  {
    "timestamp": "2025-08-17T16:36:28.515298761+02:00",
    "processes": [
      {
        "pid": "2922",
        "rss": "463872",
        "args": "java -Xmx4g -Xss1m -XX:+UseShenandoahGC -jar app.jar"
      }
    ]
  },
  {
    "timestamp": "2025-08-17T16:36:29.531532571+02:00",
    "processes": [
      {
        "pid": "2922",
        "rss": "491436",
        "args": "java -Xmx4g -Xss1m -XX:+UseShenandoahGC -jar app.jar"
      }
    ]
  },
  {
    "timestamp": "2025-08-17T16:36:30.512695745+02:00",
    "processes": [
      {
        "pid": "2922",
        "rss": "518820",
        "args": "java -Xmx4g -Xss1m -XX:+UseShenandoahGC -jar app.jar"
      }
    ]
  },
  {
    "timestamp": "2025-08-17T16:36:31.502568744+02:00",
    "processes": [
      {
        "pid": "2922",
        "rss": "537772",
        "args": "java -Xmx4g -Xss1m -XX:+UseShenandoahGC -jar app.jar"
      }
    ]
  },
  {
    "timestamp": "2025-08-17T16:36:32.494095666+02:00",
    "processes": [
      {
        "pid": "2922",
        "rss": "548456",
        "args": "java -Xmx4g -Xss1m -XX:+UseShenandoahGC -jar app.jar"
      }
    ]
  },
  {
    "timestamp": "2025-08-17T16:36:33.492458619+02:00",
    "processes": [
      {
        "pid": "2922",
        "rss": "571096",
        "args": "java -Xmx4g -Xss1m -XX:+UseShenandoahGC -jar app.jar"
      }
    ]
  },
  {
    "timestamp": "2025-08-17T16:36:34.491275284+02:00",
    "processes": [
      {
        "pid": "2922",
        "rss": "591648",
        "args": "java -Xmx4g -Xss1m -XX:+UseShenandoahGC -jar app.jar"
      }
    ]
  },
  {
    "timestamp": "2025-08-17T16:36:35.498459926+02:00",
    "processes": [
      {
        "pid": "2922",
        "rss": "612168",
        "args": "java -Xmx4g -Xss1m -XX:+UseShenandoahGC -jar app.jar"
      }
    ]
  },
  {
    "timestamp": "2025-08-17T16:36:36.48967171+02:00",
    "processes": [
      {
        "pid": "2922",
        "rss": "634756",
        "args": "java -Xmx4g -Xss1m -XX:+UseShenandoahGC -jar app.jar"
      }
    ]
  },
  {
    "timestamp": "2025-08-17T16:36:37.49029234+02:00",
    "processes": [
      {
        "pid": "2922",
        "rss": "635240",
        "args": "java -Xmx4g -Xss1m -XX:+UseShenandoahGC -jar app.jar"
      }
    ]
  },
  {
    "timestamp": "2025-08-17T16:36:38.498183272+02:00",
    "processes": [
      {
        "pid": "2922",
        "rss": "655728",
        "args": "java -Xmx4g -Xss1m -XX:+UseShenandoahGC -jar app.jar"
      }
    ]
  },
  {
    "timestamp": "2025-08-17T16:36:39.487980747+02:00",
    "processes": [
      {
        "pid": "2922",
        "rss": "684416",
        "args": "java -Xmx4g -Xss1m -XX:+UseShenandoahGC -jar app.jar"
      }
    ]
  },
  {
    "timestamp": "2025-08-17T16:36:40.493099139+02:00",
    "processes": [
      {
        "pid": "2922",
        "rss": "700800",
        "args": "java -Xmx4g -Xss1m -XX:+UseShenandoahGC -jar app.jar"
      }
    ]
  },
  {
    "timestamp": "2025-08-17T16:36:41.491199625+02:00",
    "processes": [
      {
        "pid": "2922",
        "rss": "719304",
        "args": "java -Xmx4g -Xss1m -XX:+UseShenandoahGC -jar app.jar"
      }
    ]
  },
  {
    "timestamp": "2025-08-17T16:36:42.488970689+02:00",
    "processes": [
      {
        "pid": "2922",
        "rss": "741868",
        "args": "java -Xmx4g -Xss1m -XX:+UseShenandoahGC -jar app.jar"
      }
    ]
  },
  {
    "timestamp": "2025-08-17T16:36:43.488470399+02:00",
    "processes": [
      {
        "pid": "2922",
        "rss": "764464",
        "args": "java -Xmx4g -Xss1m -XX:+UseShenandoahGC -jar app.jar"
      }
    ]
  },
  {
    "timestamp": "2025-08-17T16:36:44.493608845+02:00",
    "processes": [
      {
        "pid": "2922",
        "rss": "784944",
        "args": "java -Xmx4g -Xss1m -XX:+UseShenandoahGC -jar app.jar"
      }
    ]
  },
  {
    "timestamp": "2025-08-17T16:36:45.48898663+02:00",
    "processes": [
      {
        "pid": "2922",
        "rss": "805448",
        "args": "java -Xmx4g -Xss1m -XX:+UseShenandoahGC -jar app.jar"
      }
    ]
  },
  {
    "timestamp": "2025-08-17T16:36:46.499295309+02:00",
    "processes": [
      {
        "pid": "2922",
        "rss": "823880",
        "args": "java -Xmx4g -Xss1m -XX:+UseShenandoahGC -jar app.jar"
      }
    ]
  },
  {
    "timestamp": "2025-08-17T16:36:47.498278743+02:00",
    "processes": [
      {
        "pid": "2922",
        "rss": "844364",
        "args": "java -Xmx4g -Xss1m -XX:+UseShenandoahGC -jar app.jar"
      }
    ]
  },
  {
    "timestamp": "2025-08-17T16:36:48.48779985+02:00",
    "processes": [
      {
        "pid": "2922",
        "rss": "866892",
        "args": "java -Xmx4g -Xss1m -XX:+UseShenandoahGC -jar app.jar"
      }
    ]
  },
  {
    "timestamp": "2025-08-17T16:36:49.517323755+02:00",
    "processes": [
      {
        "pid": "2922",
        "rss": "883292",
        "args": "java -Xmx4g -Xss1m -XX:+UseShenandoahGC -jar app.jar"
      }
    ]
  }
]
