[
  {
    "timestamp": "2025-08-17T16:55:44.205688836+02:00",
    "processes": [
      {
        "pid": "17643",
        "rss": "234432",
        "args": "java -Xmx4g -Xss1m -XX:+UseShenandoahGC -jar app.jar"
      }
    ]
  },
  {
    "timestamp": "2025-08-17T16:55:45.198847711+02:00",
    "processes": [
      {
        "pid": "17643",
        "rss": "235300",
        "args": "java -Xmx4g -Xss1m -XX:+UseShenandoahGC -jar app.jar"
      }
    ]
  },
  {
    "timestamp": "2025-08-17T16:55:46.195234177+02:00",
    "processes": [
      {
        "pid": "17643",
        "rss": "235276",
        "args": "java -Xmx4g -Xss1m -XX:+UseShenandoahGC -jar app.jar"
      }
    ]
  },
  {
    "timestamp": "2025-08-17T16:55:47.21921138+02:00",
    "processes": [
      {
        "pid": "17643",
        "rss": "258084",
        "args": "java -Xmx4g -Xss1m -XX:+UseShenandoahGC -jar app.jar"
      }
    ]
  },
  {
    "timestamp": "2025-08-17T16:55:48.203333314+02:00",
    "processes": [
      {
        "pid": "17643",
        "rss": "283720",
        "args": "java -Xmx4g -Xss1m -XX:+UseShenandoahGC -jar app.jar"
      }
    ]
  },
  {
    "timestamp": "2025-08-17T16:55:49.188267587+02:00",
    "processes": [
      {
        "pid": "17643",
        "rss": "345640",
        "args": "java -Xmx4g -Xss1m -XX:+UseShenandoahGC -jar app.jar"
      }
    ]
  },
  {
    "timestamp": "2025-08-17T16:55:50.300082154+02:00",
    "processes": [
      {
        "pid": "17643",
        "rss": "368172",
        "args": "java -Xmx4g -Xss1m -XX:+UseShenandoahGC -jar app.jar"
      }
    ]
  },
  {
    "timestamp": "2025-08-17T16:55:51.197114147+02:00",
    "processes": [
      {
        "pid": "17643",
        "rss": "389844",
        "args": "java -Xmx4g -Xss1m -XX:+UseShenandoahGC -jar app.jar"
      }
    ]
  },
  {
    "timestamp": "2025-08-17T16:55:52.195926075+02:00",
    "processes": [
      {
        "pid": "17643",
        "rss": "408596",
        "args": "java -Xmx4g -Xss1m -XX:+UseShenandoahGC -jar app.jar"
      }
    ]
  },
  {
    "timestamp": "2025-08-17T16:55:53.183549831+02:00",
    "processes": [
      {
        "pid": "17643",
        "rss": "435452",
        "args": "java -Xmx4g -Xss1m -XX:+UseShenandoahGC -jar app.jar"
      }
    ]
  },
  {
    "timestamp": "2025-08-17T16:55:54.193753116+02:00",
    "processes": [
      {
        "pid": "17643",
        "rss": "468960",
        "args": "java -Xmx4g -Xss1m -XX:+UseShenandoahGC -jar app.jar"
      }
    ]
  },
  {
    "timestamp": "2025-08-17T16:55:55.189339813+02:00",
    "processes": [
      {
        "pid": "17643",
        "rss": "488340",
        "args": "java -Xmx4g -Xss1m -XX:+UseShenandoahGC -jar app.jar"
      }
    ]
  },
  {
    "timestamp": "2025-08-17T16:55:56.194573597+02:00",
    "processes": [
      {
        "pid": "17643",
        "rss": "513860",
        "args": "java -Xmx4g -Xss1m -XX:+UseShenandoahGC -jar app.jar"
      }
    ]
  },
  {
    "timestamp": "2025-08-17T16:55:57.183986661+02:00",
    "processes": [
      {
        "pid": "17643",
        "rss": "532736",
        "args": "java -Xmx4g -Xss1m -XX:+UseShenandoahGC -jar app.jar"
      }
    ]
  },
  {
    "timestamp": "2025-08-17T16:55:58.172515473+02:00",
    "processes": [
      {
        "pid": "17643",
        "rss": "553568",
        "args": "java -Xmx4g -Xss1m -XX:+UseShenandoahGC -jar app.jar"
      }
    ]
  },
  {
    "timestamp": "2025-08-17T16:55:59.176629671+02:00",
    "processes": [
      {
        "pid": "17643",
        "rss": "574268",
        "args": "java -Xmx4g -Xss1m -XX:+UseShenandoahGC -jar app.jar"
      }
    ]
  },
  {
    "timestamp": "2025-08-17T16:56:00.18499505+02:00",
    "processes": [
      {
        "pid": "17643",
        "rss": "596860",
        "args": "java -Xmx4g -Xss1m -XX:+UseShenandoahGC -jar app.jar"
      }
    ]
  },
  {
    "timestamp": "2025-08-17T16:56:01.187991036+02:00",
    "processes": [
      {
        "pid": "17643",
        "rss": "615332",
        "args": "java -Xmx4g -Xss1m -XX:+UseShenandoahGC -jar app.jar"
      }
    ]
  },
  {
    "timestamp": "2025-08-17T16:56:02.176940899+02:00",
    "processes": [
      {
        "pid": "17643",
        "rss": "625436",
        "args": "java -Xmx4g -Xss1m -XX:+UseShenandoahGC -jar app.jar"
      }
    ]
  },
  {
    "timestamp": "2025-08-17T16:56:03.177807024+02:00",
    "processes": [
      {
        "pid": "17643",
        "rss": "652060",
        "args": "java -Xmx4g -Xss1m -XX:+UseShenandoahGC -jar app.jar"
      }
    ]
  },
  {
    "timestamp": "2025-08-17T16:56:04.185132333+02:00",
    "processes": [
      {
        "pid": "17643",
        "rss": "670516",
        "args": "java -Xmx4g -Xss1m -XX:+UseShenandoahGC -jar app.jar"
      }
    ]
  },
  {
    "timestamp": "2025-08-17T16:56:05.179892733+02:00",
    "processes": [
      {
        "pid": "17643",
        "rss": "691000",
        "args": "java -Xmx4g -Xss1m -XX:+UseShenandoahGC -jar app.jar"
      }
    ]
  },
  {
    "timestamp": "2025-08-17T16:56:06.17370169+02:00",
    "processes": [
      {
        "pid": "17643",
        "rss": "713572",
        "args": "java -Xmx4g -Xss1m -XX:+UseShenandoahGC -jar app.jar"
      }
    ]
  },
  {
    "timestamp": "2025-08-17T16:56:07.173114338+02:00",
    "processes": [
      {
        "pid": "17643",
        "rss": "732036",
        "args": "java -Xmx4g -Xss1m -XX:+UseShenandoahGC -jar app.jar"
      }
    ]
  },
  {
    "timestamp": "2025-08-17T16:56:08.182479407+02:00",
    "processes": [
      {
        "pid": "17643",
        "rss": "752612",
        "args": "java -Xmx4g -Xss1m -XX:+UseShenandoahGC -jar app.jar"
      }
    ]
  },
  {
    "timestamp": "2025-08-17T16:56:09.172971894+02:00",
    "processes": [
      {
        "pid": "17643",
        "rss": "773096",
        "args": "java -Xmx4g -Xss1m -XX:+UseShenandoahGC -jar app.jar"
      }
    ]
  },
  {
    "timestamp": "2025-08-17T16:56:10.196193274+02:00",
    "processes": [
      {
        "pid": "17643",
        "rss": "795652",
        "args": "java -Xmx4g -Xss1m -XX:+UseShenandoahGC -jar app.jar"
      }
    ]
  },
  {
    "timestamp": "2025-08-17T16:56:11.173126529+02:00",
    "processes": [
      {
        "pid": "17643",
        "rss": "812036",
        "args": "java -Xmx4g -Xss1m -XX:+UseShenandoahGC -jar app.jar"
      }
    ]
  },
  {
    "timestamp": "2025-08-17T16:56:12.181840691+02:00",
    "processes": [
      {
        "pid": "17643",
        "rss": "832520",
        "args": "java -Xmx4g -Xss1m -XX:+UseShenandoahGC -jar app.jar"
      }
    ]
  },
  {
    "timestamp": "2025-08-17T16:56:13.173691437+02:00",
    "processes": [
      {
        "pid": "17643",
        "rss": "855052",
        "args": "java -Xmx4g -Xss1m -XX:+UseShenandoahGC -jar app.jar"
      }
    ]
  },
  {
    "timestamp": "2025-08-17T16:56:14.186253179+02:00",
    "processes": [
      {
        "pid": "17643",
        "rss": "873516",
        "args": "java -Xmx4g -Xss1m -XX:+UseShenandoahGC -jar app.jar"
      }
    ]
  }
]
