[
  {
    "timestamp": "2025-08-17T17:30:35.483103282+02:00",
    "processes": [
      {
        "pid": "41328",
        "rss": "151672",
        "args": "java -Xmx2g -Xss1m -XX:+UseG1GC -jar app.jar"
      }
    ]
  },
  {
    "timestamp": "2025-08-17T17:30:36.440219124+02:00",
    "processes": [
      {
        "pid": "41328",
        "rss": "163884",
        "args": "java -Xmx2g -Xss1m -XX:+UseG1GC -jar app.jar"
      }
    ]
  },
  {
    "timestamp": "2025-08-17T17:30:37.451549225+02:00",
    "processes": [
      {
        "pid": "41328",
        "rss": "166024",
        "args": "java -Xmx2g -Xss1m -XX:+UseG1GC -jar app.jar"
      }
    ]
  },
  {
    "timestamp": "2025-08-17T17:30:38.452221234+02:00",
    "processes": [
      {
        "pid": "41328",
        "rss": "168712",
        "args": "java -Xmx2g -Xss1m -XX:+UseG1GC -jar app.jar"
      }
    ]
  },
  {
    "timestamp": "2025-08-17T17:30:39.439924763+02:00",
    "processes": [
      {
        "pid": "41328",
        "rss": "170760",
        "args": "java -Xmx2g -Xss1m -XX:+UseG1GC -jar app.jar"
      }
    ]
  },
  {
    "timestamp": "2025-08-17T17:30:40.439663665+02:00",
    "processes": [
      {
        "pid": "41328",
        "rss": "176264",
        "args": "java -Xmx2g -Xss1m -XX:+UseG1GC -jar app.jar"
      }
    ]
  },
  {
    "timestamp": "2025-08-17T17:30:41.440549316+02:00",
    "processes": [
      {
        "pid": "41328",
        "rss": "184644",
        "args": "java -Xmx2g -Xss1m -XX:+UseG1GC -jar app.jar"
      }
    ]
  },
  {
    "timestamp": "2025-08-17T17:30:42.439632274+02:00",
    "processes": [
      {
        "pid": "41328",
        "rss": "217140",
        "args": "java -Xmx2g -Xss1m -XX:+UseG1GC -jar app.jar"
      }
    ]
  },
  {
    "timestamp": "2025-08-17T17:30:43.441329736+02:00",
    "processes": [
      {
        "pid": "41328",
        "rss": "248580",
        "args": "java -Xmx2g -Xss1m -XX:+UseG1GC -jar app.jar"
      }
    ]
  },
  {
    "timestamp": "2025-08-17T17:30:44.445973284+02:00",
    "processes": [
      {
        "pid": "41328",
        "rss": "275756",
        "args": "java -Xmx2g -Xss1m -XX:+UseG1GC -jar app.jar"
      }
    ]
  },
  {
    "timestamp": "2025-08-17T17:30:45.438829592+02:00",
    "processes": [
      {
        "pid": "41328",
        "rss": "281900",
        "args": "java -Xmx2g -Xss1m -XX:+UseG1GC -jar app.jar"
      }
    ]
  },
  {
    "timestamp": "2025-08-17T17:30:46.450653906+02:00",
    "processes": [
      {
        "pid": "41328",
        "rss": "280348",
        "args": "java -Xmx2g -Xss1m -XX:+UseG1GC -jar app.jar"
      }
    ]
  },
  {
    "timestamp": "2025-08-17T17:30:47.440372583+02:00",
    "processes": [
      {
        "pid": "41328",
        "rss": "280476",
        "args": "java -Xmx2g -Xss1m -XX:+UseG1GC -jar app.jar"
      }
    ]
  },
  {
    "timestamp": "2025-08-17T17:30:48.429328577+02:00",
    "processes": [
      {
        "pid": "41328",
        "rss": "282732",
        "args": "java -Xmx2g -Xss1m -XX:+UseG1GC -jar app.jar"
      }
    ]
  },
  {
    "timestamp": "2025-08-17T17:30:49.434532998+02:00",
    "processes": [
      {
        "pid": "41328",
        "rss": "282732",
        "args": "java -Xmx2g -Xss1m -XX:+UseG1GC -jar app.jar"
      }
    ]
  },
  {
    "timestamp": "2025-08-17T17:30:50.439846686+02:00",
    "processes": [
      {
        "pid": "41328",
        "rss": "282732",
        "args": "java -Xmx2g -Xss1m -XX:+UseG1GC -jar app.jar"
      }
    ]
  },
  {
    "timestamp": "2025-08-17T17:30:51.430860388+02:00",
    "processes": [
      {
        "pid": "41328",
        "rss": "278888",
        "args": "java -Xmx2g -Xss1m -XX:+UseG1GC -jar app.jar"
      }
    ]
  },
  {
    "timestamp": "2025-08-17T17:30:52.441315411+02:00",
    "processes": [
      {
        "pid": "41328",
        "rss": "281012",
        "args": "java -Xmx2g -Xss1m -XX:+UseG1GC -jar app.jar"
      }
    ]
  },
  {
    "timestamp": "2025-08-17T17:30:53.434303418+02:00",
    "processes": [
      {
        "pid": "41328",
        "rss": "281012",
        "args": "java -Xmx2g -Xss1m -XX:+UseG1GC -jar app.jar"
      }
    ]
  },
  {
    "timestamp": "2025-08-17T17:30:54.443366127+02:00",
    "processes": [
      {
        "pid": "41328",
        "rss": "281012",
        "args": "java -Xmx2g -Xss1m -XX:+UseG1GC -jar app.jar"
      }
    ]
  },
  {
    "timestamp": "2025-08-17T17:30:55.437952657+02:00",
    "processes": [
      {
        "pid": "41328",
        "rss": "281012",
        "args": "java -Xmx2g -Xss1m -XX:+UseG1GC -jar app.jar"
      }
    ]
  },
  {
    "timestamp": "2025-08-17T17:30:56.430065535+02:00",
    "processes": [
      {
        "pid": "41328",
        "rss": "281012",
        "args": "java -Xmx2g -Xss1m -XX:+UseG1GC -jar app.jar"
      }
    ]
  },
  {
    "timestamp": "2025-08-17T17:30:57.434174223+02:00",
    "processes": [
      {
        "pid": "41328",
        "rss": "281012",
        "args": "java -Xmx2g -Xss1m -XX:+UseG1GC -jar app.jar"
      }
    ]
  },
  {
    "timestamp": "2025-08-17T17:30:58.43174381+02:00",
    "processes": [
      {
        "pid": "41328",
        "rss": "281012",
        "args": "java -Xmx2g -Xss1m -XX:+UseG1GC -jar app.jar"
      }
    ]
  },
  {
    "timestamp": "2025-08-17T17:30:59.434538071+02:00",
    "processes": [
      {
        "pid": "41328",
        "rss": "283084",
        "args": "java -Xmx2g -Xss1m -XX:+UseG1GC -jar app.jar"
      }
    ]
  },
  {
    "timestamp": "2025-08-17T17:31:00.438097765+02:00",
    "processes": [
      {
        "pid": "41328",
        "rss": "283084",
        "args": "java -Xmx2g -Xss1m -XX:+UseG1GC -jar app.jar"
      }
    ]
  },
  {
    "timestamp": "2025-08-17T17:31:01.434654869+02:00",
    "processes": [
      {
        "pid": "41328",
        "rss": "283212",
        "args": "java -Xmx2g -Xss1m -XX:+UseG1GC -jar app.jar"
      }
    ]
  },
  {
    "timestamp": "2025-08-17T17:31:02.433752118+02:00",
    "processes": [
      {
        "pid": "41328",
        "rss": "283212",
        "args": "java -Xmx2g -Xss1m -XX:+UseG1GC -jar app.jar"
      }
    ]
  },
  {
    "timestamp": "2025-08-17T17:31:03.430782977+02:00",
    "processes": [
      {
        "pid": "41328",
        "rss": "283212",
        "args": "java -Xmx2g -Xss1m -XX:+UseG1GC -jar app.jar"
      }
    ]
  },
  {
    "timestamp": "2025-08-17T17:31:04.431288017+02:00",
    "processes": [
      {
        "pid": "41328",
        "rss": "283212",
        "args": "java -Xmx2g -Xss1m -XX:+UseG1GC -jar app.jar"
      }
    ]
  },
  {
    "timestamp": "2025-08-17T17:31:05.457893873+02:00",
    "processes": [
      {
        "pid": "41328",
        "rss": "283724",
        "args": "java -Xmx2g -Xss1m -XX:+UseG1GC -jar app.jar"
      }
    ]
  }
]
