[
  {
    "timestamp": "2025-08-17T17:26:13.642777153+02:00",
    "processes": [
      {
        "pid": "37844",
        "rss": "338264",
        "args": "java -Xmx2g -Xss1m -XX:+UseG1GC -jar app.jar"
      }
    ]
  },
  {
    "timestamp": "2025-08-17T17:26:14.638188711+02:00",
    "processes": [
      {
        "pid": "37844",
        "rss": "352212",
        "args": "java -Xmx2g -Xss1m -XX:+UseG1GC -jar app.jar"
      }
    ]
  },
  {
    "timestamp": "2025-08-17T17:26:15.738978185+02:00",
    "processes": [
      {
        "pid": "37844",
        "rss": "373300",
        "args": "java -Xmx2g -Xss1m -XX:+UseG1GC -jar app.jar"
      }
    ]
  },
  {
    "timestamp": "2025-08-17T17:26:16.640520783+02:00",
    "processes": [
      {
        "pid": "37844",
        "rss": "374964",
        "args": "java -Xmx2g -Xss1m -XX:+UseG1GC -jar app.jar"
      }
    ]
  },
  {
    "timestamp": "2025-08-17T17:26:17.644483695+02:00",
    "processes": [
      {
        "pid": "37844",
        "rss": "378804",
        "args": "java -Xmx2g -Xss1m -XX:+UseG1GC -jar app.jar"
      }
    ]
  },
  {
    "timestamp": "2025-08-17T17:26:18.659110328+02:00",
    "processes": [
      {
        "pid": "37844",
        "rss": "383412",
        "args": "java -Xmx2g -Xss1m -XX:+UseG1GC -jar app.jar"
      }
    ]
  },
  {
    "timestamp": "2025-08-17T17:26:19.642442864+02:00",
    "processes": [
      {
        "pid": "37844",
        "rss": "385588",
        "args": "java -Xmx2g -Xss1m -XX:+UseG1GC -jar app.jar"
      }
    ]
  },
  {
    "timestamp": "2025-08-17T17:26:20.641920652+02:00",
    "processes": [
      {
        "pid": "37844",
        "rss": "387508",
        "args": "java -Xmx2g -Xss1m -XX:+UseG1GC -jar app.jar"
      }
    ]
  },
  {
    "timestamp": "2025-08-17T17:26:21.64676148+02:00",
    "processes": [
      {
        "pid": "37844",
        "rss": "388532",
        "args": "java -Xmx2g -Xss1m -XX:+UseG1GC -jar app.jar"
      }
    ]
  },
  {
    "timestamp": "2025-08-17T17:26:22.638186927+02:00",
    "processes": [
      {
        "pid": "37844",
        "rss": "390068",
        "args": "java -Xmx2g -Xss1m -XX:+UseG1GC -jar app.jar"
      }
    ]
  },
  {
    "timestamp": "2025-08-17T17:26:23.661954402+02:00",
    "processes": [
      {
        "pid": "37844",
        "rss": "434264",
        "args": "java -Xmx2g -Xss1m -XX:+UseG1GC -jar app.jar"
      }
    ]
  },
  {
    "timestamp": "2025-08-17T17:26:24.651587097+02:00",
    "processes": [
      {
        "pid": "37844",
        "rss": "464580",
        "args": "java -Xmx2g -Xss1m -XX:+UseG1GC -jar app.jar"
      }
    ]
  },
  {
    "timestamp": "2025-08-17T17:26:25.641984517+02:00",
    "processes": [
      {
        "pid": "37844",
        "rss": "466116",
        "args": "java -Xmx2g -Xss1m -XX:+UseG1GC -jar app.jar"
      }
    ]
  },
  {
    "timestamp": "2025-08-17T17:26:26.654154694+02:00",
    "processes": [
      {
        "pid": "37844",
        "rss": "467268",
        "args": "java -Xmx2g -Xss1m -XX:+UseG1GC -jar app.jar"
      }
    ]
  },
  {
    "timestamp": "2025-08-17T17:26:27.642391951+02:00",
    "processes": [
      {
        "pid": "37844",
        "rss": "468420",
        "args": "java -Xmx2g -Xss1m -XX:+UseG1GC -jar app.jar"
      }
    ]
  },
  {
    "timestamp": "2025-08-17T17:26:28.635515553+02:00",
    "processes": [
      {
        "pid": "37844",
        "rss": "469444",
        "args": "java -Xmx2g -Xss1m -XX:+UseG1GC -jar app.jar"
      }
    ]
  },
  {
    "timestamp": "2025-08-17T17:26:29.646002861+02:00",
    "processes": [
      {
        "pid": "37844",
        "rss": "473924",
        "args": "java -Xmx2g -Xss1m -XX:+UseG1GC -jar app.jar"
      }
    ]
  },
  {
    "timestamp": "2025-08-17T17:26:30.64704354+02:00",
    "processes": [
      {
        "pid": "37844",
        "rss": "476868",
        "args": "java -Xmx2g -Xss1m -XX:+UseG1GC -jar app.jar"
      }
    ]
  },
  {
    "timestamp": "2025-08-17T17:26:31.629962426+02:00",
    "processes": [
      {
        "pid": "37844",
        "rss": "481580",
        "args": "java -Xmx2g -Xss1m -XX:+UseG1GC -jar app.jar"
      }
    ]
  },
  {
    "timestamp": "2025-08-17T17:26:32.640594884+02:00",
    "processes": [
      {
        "pid": "37844",
        "rss": "515992",
        "args": "java -Xmx2g -Xss1m -XX:+UseG1GC -jar app.jar"
      }
    ]
  },
  {
    "timestamp": "2025-08-17T17:26:33.64819682+02:00",
    "processes": [
      {
        "pid": "37844",
        "rss": "516376",
        "args": "java -Xmx2g -Xss1m -XX:+UseG1GC -jar app.jar"
      }
    ]
  },
  {
    "timestamp": "2025-08-17T17:26:34.634654909+02:00",
    "processes": [
      {
        "pid": "37844",
        "rss": "517400",
        "args": "java -Xmx2g -Xss1m -XX:+UseG1GC -jar app.jar"
      }
    ]
  },
  {
    "timestamp": "2025-08-17T17:26:35.634356084+02:00",
    "processes": [
      {
        "pid": "37844",
        "rss": "524952",
        "args": "java -Xmx2g -Xss1m -XX:+UseG1GC -jar app.jar"
      }
    ]
  },
  {
    "timestamp": "2025-08-17T17:26:36.645584322+02:00",
    "processes": [
      {
        "pid": "37844",
        "rss": "535140",
        "args": "java -Xmx2g -Xss1m -XX:+UseG1GC -jar app.jar"
      }
    ]
  },
  {
    "timestamp": "2025-08-17T17:26:37.648357128+02:00",
    "processes": [
      {
        "pid": "37844",
        "rss": "535780",
        "args": "java -Xmx2g -Xss1m -XX:+UseG1GC -jar app.jar"
      }
    ]
  },
  {
    "timestamp": "2025-08-17T17:26:38.637763219+02:00",
    "processes": [
      {
        "pid": "37844",
        "rss": "536164",
        "args": "java -Xmx2g -Xss1m -XX:+UseG1GC -jar app.jar"
      }
    ]
  },
  {
    "timestamp": "2025-08-17T17:26:39.637332843+02:00",
    "processes": [
      {
        "pid": "37844",
        "rss": "536420",
        "args": "java -Xmx2g -Xss1m -XX:+UseG1GC -jar app.jar"
      }
    ]
  },
  {
    "timestamp": "2025-08-17T17:26:40.644964831+02:00",
    "processes": [
      {
        "pid": "37844",
        "rss": "536932",
        "args": "java -Xmx2g -Xss1m -XX:+UseG1GC -jar app.jar"
      }
    ]
  },
  {
    "timestamp": "2025-08-17T17:26:41.646532615+02:00",
    "processes": [
      {
        "pid": "37844",
        "rss": "563028",
        "args": "java -Xmx2g -Xss1m -XX:+UseG1GC -jar app.jar"
      }
    ]
  },
  {
    "timestamp": "2025-08-17T17:26:42.655300225+02:00",
    "processes": [
      {
        "pid": "37844",
        "rss": "581936",
        "args": "java -Xmx2g -Xss1m -XX:+UseG1GC -jar app.jar"
      }
    ]
  },
  {
    "timestamp": "2025-08-17T17:26:43.636567054+02:00",
    "processes": [
      {
        "pid": "37844",
        "rss": "582448",
        "args": "java -Xmx2g -Xss1m -XX:+UseG1GC -jar app.jar"
      }
    ]
  },
  {
    "timestamp": "2025-08-17T17:26:44.722518345+02:00",
    "processes": [
      {
        "pid": "37844",
        "rss": "582832",
        "args": "java -Xmx2g -Xss1m -XX:+UseG1GC -jar app.jar"
      }
    ]
  },
  {
    "timestamp": "2025-08-17T17:26:45.645745888+02:00",
    "processes": [
      {
        "pid": "37844",
        "rss": "583472",
        "args": "java -Xmx2g -Xss1m -XX:+UseG1GC -jar app.jar"
      }
    ]
  },
  {
    "timestamp": "2025-08-17T17:26:46.626198073+02:00",
    "processes": [
      {
        "pid": "37844",
        "rss": "583984",
        "args": "java -Xmx2g -Xss1m -XX:+UseG1GC -jar app.jar"
      }
    ]
  }
]
