[
  {
    "timestamp": "2025-08-17T16:35:40.630227495+02:00",
    "processes": [
      {
        "pid": "2436",
        "rss": "147300",
        "args": "java -Xmx2g -Xss1m -XX:+UseG1GC -jar app.jar"
      }
    ]
  },
  {
    "timestamp": "2025-08-17T16:35:41.550119887+02:00",
    "processes": [
      {
        "pid": "2436",
        "rss": "154632",
        "args": "java -Xmx2g -Xss1m -XX:+UseG1GC -jar app.jar"
      }
    ]
  },
  {
    "timestamp": "2025-08-17T16:35:42.560906015+02:00",
    "processes": [
      {
        "pid": "2436",
        "rss": "159368",
        "args": "java -Xmx2g -Xss1m -XX:+UseG1GC -jar app.jar"
      }
    ]
  },
  {
    "timestamp": "2025-08-17T16:35:43.554795553+02:00",
    "processes": [
      {
        "pid": "2436",
        "rss": "163848",
        "args": "java -Xmx2g -Xss1m -XX:+UseG1GC -jar app.jar"
      }
    ]
  },
  {
    "timestamp": "2025-08-17T16:35:44.580061747+02:00",
    "processes": [
      {
        "pid": "2436",
        "rss": "165256",
        "args": "java -Xmx2g -Xss1m -XX:+UseG1GC -jar app.jar"
      }
    ]
  },
  {
    "timestamp": "2025-08-17T16:35:45.570777817+02:00",
    "processes": [
      {
        "pid": "2436",
        "rss": "166408",
        "args": "java -Xmx2g -Xss1m -XX:+UseG1GC -jar app.jar"
      }
    ]
  },
  {
    "timestamp": "2025-08-17T16:35:46.617977631+02:00",
    "processes": [
      {
        "pid": "2436",
        "rss": "174728",
        "args": "java -Xmx2g -Xss1m -XX:+UseG1GC -jar app.jar"
      }
    ]
  },
  {
    "timestamp": "2025-08-17T16:35:47.557931831+02:00",
    "processes": [
      {
        "pid": "2436",
        "rss": "217128",
        "args": "java -Xmx2g -Xss1m -XX:+UseG1GC -jar app.jar"
      }
    ]
  },
  {
    "timestamp": "2025-08-17T16:35:48.550994598+02:00",
    "processes": [
      {
        "pid": "2436",
        "rss": "248424",
        "args": "java -Xmx2g -Xss1m -XX:+UseG1GC -jar app.jar"
      }
    ]
  },
  {
    "timestamp": "2025-08-17T16:35:49.542468853+02:00",
    "processes": [
      {
        "pid": "2436",
        "rss": "264148",
        "args": "java -Xmx2g -Xss1m -XX:+UseG1GC -jar app.jar"
      }
    ]
  },
  {
    "timestamp": "2025-08-17T16:35:50.546564122+02:00",
    "processes": [
      {
        "pid": "2436",
        "rss": "270292",
        "args": "java -Xmx2g -Xss1m -XX:+UseG1GC -jar app.jar"
      }
    ]
  },
  {
    "timestamp": "2025-08-17T16:35:51.552300734+02:00",
    "processes": [
      {
        "pid": "2436",
        "rss": "273400",
        "args": "java -Xmx2g -Xss1m -XX:+UseG1GC -jar app.jar"
      }
    ]
  },
  {
    "timestamp": "2025-08-17T16:35:52.568660525+02:00",
    "processes": [
      {
        "pid": "2436",
        "rss": "284528",
        "args": "java -Xmx2g -Xss1m -XX:+UseG1GC -jar app.jar"
      }
    ]
  },
  {
    "timestamp": "2025-08-17T16:35:53.581730497+02:00",
    "processes": [
      {
        "pid": "2436",
        "rss": "285040",
        "args": "java -Xmx2g -Xss1m -XX:+UseG1GC -jar app.jar"
      }
    ]
  },
  {
    "timestamp": "2025-08-17T16:35:54.542639892+02:00",
    "processes": [
      {
        "pid": "2436",
        "rss": "285296",
        "args": "java -Xmx2g -Xss1m -XX:+UseG1GC -jar app.jar"
      }
    ]
  },
  {
    "timestamp": "2025-08-17T16:35:55.536457043+02:00",
    "processes": [
      {
        "pid": "2436",
        "rss": "285296",
        "args": "java -Xmx2g -Xss1m -XX:+UseG1GC -jar app.jar"
      }
    ]
  },
  {
    "timestamp": "2025-08-17T16:35:56.54926363+02:00",
    "processes": [
      {
        "pid": "2436",
        "rss": "287592",
        "args": "java -Xmx2g -Xss1m -XX:+UseG1GC -jar app.jar"
      }
    ]
  },
  {
    "timestamp": "2025-08-17T16:35:57.536891645+02:00",
    "processes": [
      {
        "pid": "2436",
        "rss": "277800",
        "args": "java -Xmx2g -Xss1m -XX:+UseG1GC -jar app.jar"
      }
    ]
  },
  {
    "timestamp": "2025-08-17T16:35:58.53368678+02:00",
    "processes": [
      {
        "pid": "2436",
        "rss": "277800",
        "args": "java -Xmx2g -Xss1m -XX:+UseG1GC -jar app.jar"
      }
    ]
  },
  {
    "timestamp": "2025-08-17T16:35:59.536921528+02:00",
    "processes": [
      {
        "pid": "2436",
        "rss": "277800",
        "args": "java -Xmx2g -Xss1m -XX:+UseG1GC -jar app.jar"
      }
    ]
  },
  {
    "timestamp": "2025-08-17T16:36:00.543115238+02:00",
    "processes": [
      {
        "pid": "2436",
        "rss": "277928",
        "args": "java -Xmx2g -Xss1m -XX:+UseG1GC -jar app.jar"
      }
    ]
  },
  {
    "timestamp": "2025-08-17T16:36:01.538531701+02:00",
    "processes": [
      {
        "pid": "2436",
        "rss": "277928",
        "args": "java -Xmx2g -Xss1m -XX:+UseG1GC -jar app.jar"
      }
    ]
  },
  {
    "timestamp": "2025-08-17T16:36:02.537422656+02:00",
    "processes": [
      {
        "pid": "2436",
        "rss": "277928",
        "args": "java -Xmx2g -Xss1m -XX:+UseG1GC -jar app.jar"
      }
    ]
  },
  {
    "timestamp": "2025-08-17T16:36:03.541201669+02:00",
    "processes": [
      {
        "pid": "2436",
        "rss": "280024",
        "args": "java -Xmx2g -Xss1m -XX:+UseG1GC -jar app.jar"
      }
    ]
  },
  {
    "timestamp": "2025-08-17T16:36:04.53568408+02:00",
    "processes": [
      {
        "pid": "2436",
        "rss": "280024",
        "args": "java -Xmx2g -Xss1m -XX:+UseG1GC -jar app.jar"
      }
    ]
  },
  {
    "timestamp": "2025-08-17T16:36:05.537481032+02:00",
    "processes": [
      {
        "pid": "2436",
        "rss": "280024",
        "args": "java -Xmx2g -Xss1m -XX:+UseG1GC -jar app.jar"
      }
    ]
  },
  {
    "timestamp": "2025-08-17T16:36:06.540039115+02:00",
    "processes": [
      {
        "pid": "2436",
        "rss": "280152",
        "args": "java -Xmx2g -Xss1m -XX:+UseG1GC -jar app.jar"
      }
    ]
  },
  {
    "timestamp": "2025-08-17T16:36:07.539220806+02:00",
    "processes": [
      {
        "pid": "2436",
        "rss": "280152",
        "args": "java -Xmx2g -Xss1m -XX:+UseG1GC -jar app.jar"
      }
    ]
  },
  {
    "timestamp": "2025-08-17T16:36:08.537714998+02:00",
    "processes": [
      {
        "pid": "2436",
        "rss": "281176",
        "args": "java -Xmx2g -Xss1m -XX:+UseG1GC -jar app.jar"
      }
    ]
  },
  {
    "timestamp": "2025-08-17T16:36:09.537704763+02:00",
    "processes": [
      {
        "pid": "2436",
        "rss": "281176",
        "args": "java -Xmx2g -Xss1m -XX:+UseG1GC -jar app.jar"
      }
    ]
  },
  {
    "timestamp": "2025-08-17T16:36:10.589124473+02:00",
    "processes": [
      {
        "pid": "2436",
        "rss": "281176",
        "args": "java -Xmx2g -Xss1m -XX:+UseG1GC -jar app.jar"
      }
    ]
  }
]
