[
  {
    "timestamp": "2025-08-17T17:07:40.847663068+02:00",
    "processes": [
      {
        "pid": "23686",
        "rss": "697616",
        "args": "java -Xmx2g -Xss1m -XX:+UseShenandoahGC -jar app.jar"
      }
    ]
  },
  {
    "timestamp": "2025-08-17T17:07:41.799747103+02:00",
    "processes": [
      {
        "pid": "23686",
        "rss": "705040",
        "args": "java -Xmx2g -Xss1m -XX:+UseShenandoahGC -jar app.jar"
      }
    ]
  },
  {
    "timestamp": "2025-08-17T17:07:42.806228672+02:00",
    "processes": [
      {
        "pid": "23686",
        "rss": "705472",
        "args": "java -Xmx2g -Xss1m -XX:+UseShenandoahGC -jar app.jar"
      }
    ]
  },
  {
    "timestamp": "2025-08-17T17:07:43.809272143+02:00",
    "processes": [
      {
        "pid": "23686",
        "rss": "708032",
        "args": "java -Xmx2g -Xss1m -XX:+UseShenandoahGC -jar app.jar"
      }
    ]
  },
  {
    "timestamp": "2025-08-17T17:07:44.798841601+02:00",
    "processes": [
      {
        "pid": "23686",
        "rss": "726336",
        "args": "java -Xmx2g -Xss1m -XX:+UseShenandoahGC -jar app.jar"
      }
    ]
  },
  {
    "timestamp": "2025-08-17T17:07:45.809815586+02:00",
    "processes": [
      {
        "pid": "23686",
        "rss": "756416",
        "args": "java -Xmx2g -Xss1m -XX:+UseShenandoahGC -jar app.jar"
      }
    ]
  },
  {
    "timestamp": "2025-08-17T17:07:46.808458209+02:00",
    "processes": [
      {
        "pid": "23686",
        "rss": "795584",
        "args": "java -Xmx2g -Xss1m -XX:+UseShenandoahGC -jar app.jar"
      }
    ]
  },
  {
    "timestamp": "2025-08-17T17:07:47.793430659+02:00",
    "processes": [
      {
        "pid": "23686",
        "rss": "852544",
        "args": "java -Xmx2g -Xss1m -XX:+UseShenandoahGC -jar app.jar"
      }
    ]
  },
  {
    "timestamp": "2025-08-17T17:07:48.797985584+02:00",
    "processes": [
      {
        "pid": "23686",
        "rss": "940464",
        "args": "java -Xmx2g -Xss1m -XX:+UseShenandoahGC -jar app.jar"
      }
    ]
  },
  {
    "timestamp": "2025-08-17T17:07:49.806097353+02:00",
    "processes": [
      {
        "pid": "23686",
        "rss": "960816",
        "args": "java -Xmx2g -Xss1m -XX:+UseShenandoahGC -jar app.jar"
      }
    ]
  },
  {
    "timestamp": "2025-08-17T17:07:50.806266091+02:00",
    "processes": [
      {
        "pid": "23686",
        "rss": "974384",
        "args": "java -Xmx2g -Xss1m -XX:+UseShenandoahGC -jar app.jar"
      }
    ]
  },
  {
    "timestamp": "2025-08-17T17:07:51.795688918+02:00",
    "processes": [
      {
        "pid": "23686",
        "rss": "978096",
        "args": "java -Xmx2g -Xss1m -XX:+UseShenandoahGC -jar app.jar"
      }
    ]
  },
  {
    "timestamp": "2025-08-17T17:07:52.813004371+02:00",
    "processes": [
      {
        "pid": "23686",
        "rss": "996272",
        "args": "java -Xmx2g -Xss1m -XX:+UseShenandoahGC -jar app.jar"
      }
    ]
  },
  {
    "timestamp": "2025-08-17T17:07:53.799656729+02:00",
    "processes": [
      {
        "pid": "23686",
        "rss": "996912",
        "args": "java -Xmx2g -Xss1m -XX:+UseShenandoahGC -jar app.jar"
      }
    ]
  },
  {
    "timestamp": "2025-08-17T17:07:54.798967568+02:00",
    "processes": [
      {
        "pid": "23686",
        "rss": "998576",
        "args": "java -Xmx2g -Xss1m -XX:+UseShenandoahGC -jar app.jar"
      }
    ]
  },
  {
    "timestamp": "2025-08-17T17:07:55.797340248+02:00",
    "processes": [
      {
        "pid": "23686",
        "rss": "1015216",
        "args": "java -Xmx2g -Xss1m -XX:+UseShenandoahGC -jar app.jar"
      }
    ]
  },
  {
    "timestamp": "2025-08-17T17:07:56.796305869+02:00",
    "processes": [
      {
        "pid": "23686",
        "rss": "1051824",
        "args": "java -Xmx2g -Xss1m -XX:+UseShenandoahGC -jar app.jar"
      }
    ]
  },
  {
    "timestamp": "2025-08-17T17:07:57.799424112+02:00",
    "processes": [
      {
        "pid": "23686",
        "rss": "1141552",
        "args": "java -Xmx2g -Xss1m -XX:+UseShenandoahGC -jar app.jar"
      }
    ]
  },
  {
    "timestamp": "2025-08-17T17:07:58.806973154+02:00",
    "processes": [
      {
        "pid": "23686",
        "rss": "1261360",
        "args": "java -Xmx2g -Xss1m -XX:+UseShenandoahGC -jar app.jar"
      }
    ]
  },
  {
    "timestamp": "2025-08-17T17:07:59.820385924+02:00",
    "processes": [
      {
        "pid": "23686",
        "rss": "1391152",
        "args": "java -Xmx2g -Xss1m -XX:+UseShenandoahGC -jar app.jar"
      }
    ]
  },
  {
    "timestamp": "2025-08-17T17:08:00.834185357+02:00",
    "processes": [
      {
        "pid": "23686",
        "rss": "1525808",
        "args": "java -Xmx2g -Xss1m -XX:+UseShenandoahGC -jar app.jar"
      }
    ]
  },
  {
    "timestamp": "2025-08-17T17:08:01.818217111+02:00",
    "processes": [
      {
        "pid": "23686",
        "rss": "1632944",
        "args": "java -Xmx2g -Xss1m -XX:+UseShenandoahGC -jar app.jar"
      }
    ]
  },
  {
    "timestamp": "2025-08-17T17:08:02.808776603+02:00",
    "processes": [
      {
        "pid": "23686",
        "rss": "1760688",
        "args": "java -Xmx2g -Xss1m -XX:+UseShenandoahGC -jar app.jar"
      }
    ]
  },
  {
    "timestamp": "2025-08-17T17:08:03.8305098+02:00",
    "processes": [
      {
        "pid": "23686",
        "rss": "1877808",
        "args": "java -Xmx2g -Xss1m -XX:+UseShenandoahGC -jar app.jar"
      }
    ]
  },
  {
    "timestamp": "2025-08-17T17:08:04.800496215+02:00",
    "processes": [
      {
        "pid": "23686",
        "rss": "1995952",
        "args": "java -Xmx2g -Xss1m -XX:+UseShenandoahGC -jar app.jar"
      }
    ]
  },
  {
    "timestamp": "2025-08-17T17:08:05.799377563+02:00",
    "processes": [
      {
        "pid": "23686",
        "rss": "2016432",
        "args": "java -Xmx2g -Xss1m -XX:+UseShenandoahGC -jar app.jar"
      }
    ]
  },
  {
    "timestamp": "2025-08-17T17:08:06.812093676+02:00",
    "processes": [
      {
        "pid": "23686",
        "rss": "2016816",
        "args": "java -Xmx2g -Xss1m -XX:+UseShenandoahGC -jar app.jar"
      }
    ]
  },
  {
    "timestamp": "2025-08-17T17:08:07.806038544+02:00",
    "processes": [
      {
        "pid": "23686",
        "rss": "2023600",
        "args": "java -Xmx2g -Xss1m -XX:+UseShenandoahGC -jar app.jar"
      }
    ]
  },
  {
    "timestamp": "2025-08-17T17:08:08.800540821+02:00",
    "processes": [
      {
        "pid": "23686",
        "rss": "2027184",
        "args": "java -Xmx2g -Xss1m -XX:+UseShenandoahGC -jar app.jar"
      }
    ]
  },
  {
    "timestamp": "2025-08-17T17:08:09.809782476+02:00",
    "processes": [
      {
        "pid": "23686",
        "rss": "2036528",
        "args": "java -Xmx2g -Xss1m -XX:+UseShenandoahGC -jar app.jar"
      }
    ]
  },
  {
    "timestamp": "2025-08-17T17:08:10.829816508+02:00",
    "processes": [
      {
        "pid": "23686",
        "rss": "2037424",
        "args": "java -Xmx2g -Xss1m -XX:+UseShenandoahGC -jar app.jar"
      }
    ]
  },
  {
    "timestamp": "2025-08-17T17:08:11.798885085+02:00",
    "processes": [
      {
        "pid": "23686",
        "rss": "2050160",
        "args": "java -Xmx2g -Xss1m -XX:+UseShenandoahGC -jar app.jar"
      }
    ]
  },
  {
    "timestamp": "2025-08-17T17:08:12.791287511+02:00",
    "processes": [
      {
        "pid": "23686",
        "rss": "2047772",
        "args": "java -Xmx2g -Xss1m -XX:+UseShenandoahGC -jar app.jar"
      }
    ]
  },
  {
    "timestamp": "2025-08-17T17:08:13.807927299+02:00",
    "processes": [
      {
        "pid": "23686",
        "rss": "2055420",
        "args": "java -Xmx2g -Xss1m -XX:+UseShenandoahGC -jar app.jar"
      }
    ]
  }
]
