[
  {
    "timestamp": "2025-08-17T16:37:49.358199977+02:00",
    "processes": [
      {
        "pid": "3855",
        "rss": "343756",
        "args": "java -Xmx2g -Xss1m -XX:+UseG1GC -jar app.jar"
      }
    ]
  },
  {
    "timestamp": "2025-08-17T16:37:50.369125446+02:00",
    "processes": [
      {
        "pid": "3855",
        "rss": "363084",
        "args": "java -Xmx2g -Xss1m -XX:+UseG1GC -jar app.jar"
      }
    ]
  },
  {
    "timestamp": "2025-08-17T16:37:51.344483975+02:00",
    "processes": [
      {
        "pid": "3855",
        "rss": "366352",
        "args": "java -Xmx2g -Xss1m -XX:+UseG1GC -jar app.jar"
      }
    ]
  },
  {
    "timestamp": "2025-08-17T16:37:52.336800637+02:00",
    "processes": [
      {
        "pid": "3855",
        "rss": "368656",
        "args": "java -Xmx2g -Xss1m -XX:+UseG1GC -jar app.jar"
      }
    ]
  },
  {
    "timestamp": "2025-08-17T16:37:53.340580202+02:00",
    "processes": [
      {
        "pid": "3855",
        "rss": "369936",
        "args": "java -Xmx2g -Xss1m -XX:+UseG1GC -jar app.jar"
      }
    ]
  },
  {
    "timestamp": "2025-08-17T16:37:54.342218723+02:00",
    "processes": [
      {
        "pid": "3855",
        "rss": "374160",
        "args": "java -Xmx2g -Xss1m -XX:+UseG1GC -jar app.jar"
      }
    ]
  },
  {
    "timestamp": "2025-08-17T16:37:55.349206111+02:00",
    "processes": [
      {
        "pid": "3855",
        "rss": "384912",
        "args": "java -Xmx2g -Xss1m -XX:+UseG1GC -jar app.jar"
      }
    ]
  },
  {
    "timestamp": "2025-08-17T16:37:56.336627026+02:00",
    "processes": [
      {
        "pid": "3855",
        "rss": "389392",
        "args": "java -Xmx2g -Xss1m -XX:+UseG1GC -jar app.jar"
      }
    ]
  },
  {
    "timestamp": "2025-08-17T16:37:57.341543628+02:00",
    "processes": [
      {
        "pid": "3855",
        "rss": "406732",
        "args": "java -Xmx2g -Xss1m -XX:+UseG1GC -jar app.jar"
      }
    ]
  },
  {
    "timestamp": "2025-08-17T16:37:58.334132268+02:00",
    "processes": [
      {
        "pid": "3855",
        "rss": "414040",
        "args": "java -Xmx2g -Xss1m -XX:+UseG1GC -jar app.jar"
      }
    ]
  },
  {
    "timestamp": "2025-08-17T16:37:59.350241736+02:00",
    "processes": [
      {
        "pid": "3855",
        "rss": "416088",
        "args": "java -Xmx2g -Xss1m -XX:+UseG1GC -jar app.jar"
      }
    ]
  },
  {
    "timestamp": "2025-08-17T16:38:00.338475288+02:00",
    "processes": [
      {
        "pid": "3855",
        "rss": "416472",
        "args": "java -Xmx2g -Xss1m -XX:+UseG1GC -jar app.jar"
      }
    ]
  },
  {
    "timestamp": "2025-08-17T16:38:01.351285122+02:00",
    "processes": [
      {
        "pid": "3855",
        "rss": "443844",
        "args": "java -Xmx2g -Xss1m -XX:+UseG1GC -jar app.jar"
      }
    ]
  },
  {
    "timestamp": "2025-08-17T16:38:02.33607597+02:00",
    "processes": [
      {
        "pid": "3855",
        "rss": "445764",
        "args": "java -Xmx2g -Xss1m -XX:+UseG1GC -jar app.jar"
      }
    ]
  },
  {
    "timestamp": "2025-08-17T16:38:03.34263193+02:00",
    "processes": [
      {
        "pid": "3855",
        "rss": "446788",
        "args": "java -Xmx2g -Xss1m -XX:+UseG1GC -jar app.jar"
      }
    ]
  },
  {
    "timestamp": "2025-08-17T16:38:04.339175337+02:00",
    "processes": [
      {
        "pid": "3855",
        "rss": "457796",
        "args": "java -Xmx2g -Xss1m -XX:+UseG1GC -jar app.jar"
      }
    ]
  },
  {
    "timestamp": "2025-08-17T16:38:05.337801522+02:00",
    "processes": [
      {
        "pid": "3855",
        "rss": "501116",
        "args": "java -Xmx2g -Xss1m -XX:+UseG1GC -jar app.jar"
      }
    ]
  },
  {
    "timestamp": "2025-08-17T16:38:06.32598508+02:00",
    "processes": [
      {
        "pid": "3855",
        "rss": "502308",
        "args": "java -Xmx2g -Xss1m -XX:+UseG1GC -jar app.jar"
      }
    ]
  },
  {
    "timestamp": "2025-08-17T16:38:07.340597843+02:00",
    "processes": [
      {
        "pid": "3855",
        "rss": "503076",
        "args": "java -Xmx2g -Xss1m -XX:+UseG1GC -jar app.jar"
      }
    ]
  },
  {
    "timestamp": "2025-08-17T16:38:08.331778747+02:00",
    "processes": [
      {
        "pid": "3855",
        "rss": "503844",
        "args": "java -Xmx2g -Xss1m -XX:+UseG1GC -jar app.jar"
      }
    ]
  },
  {
    "timestamp": "2025-08-17T16:38:09.33670913+02:00",
    "processes": [
      {
        "pid": "3855",
        "rss": "504612",
        "args": "java -Xmx2g -Xss1m -XX:+UseG1GC -jar app.jar"
      }
    ]
  },
  {
    "timestamp": "2025-08-17T16:38:10.334307171+02:00",
    "processes": [
      {
        "pid": "3855",
        "rss": "514012",
        "args": "java -Xmx2g -Xss1m -XX:+UseG1GC -jar app.jar"
      }
    ]
  },
  {
    "timestamp": "2025-08-17T16:38:11.333258779+02:00",
    "processes": [
      {
        "pid": "3855",
        "rss": "552904",
        "args": "java -Xmx2g -Xss1m -XX:+UseG1GC -jar app.jar"
      }
    ]
  },
  {
    "timestamp": "2025-08-17T16:38:12.33797868+02:00",
    "processes": [
      {
        "pid": "3855",
        "rss": "553288",
        "args": "java -Xmx2g -Xss1m -XX:+UseG1GC -jar app.jar"
      }
    ]
  },
  {
    "timestamp": "2025-08-17T16:38:13.336783031+02:00",
    "processes": [
      {
        "pid": "3855",
        "rss": "556104",
        "args": "java -Xmx2g -Xss1m -XX:+UseG1GC -jar app.jar"
      }
    ]
  },
  {
    "timestamp": "2025-08-17T16:38:14.351941049+02:00",
    "processes": [
      {
        "pid": "3855",
        "rss": "556744",
        "args": "java -Xmx2g -Xss1m -XX:+UseG1GC -jar app.jar"
      }
    ]
  },
  {
    "timestamp": "2025-08-17T16:38:15.338681002+02:00",
    "processes": [
      {
        "pid": "3855",
        "rss": "557384",
        "args": "java -Xmx2g -Xss1m -XX:+UseG1GC -jar app.jar"
      }
    ]
  },
  {
    "timestamp": "2025-08-17T16:38:16.324159067+02:00",
    "processes": [
      {
        "pid": "3855",
        "rss": "557640",
        "args": "java -Xmx2g -Xss1m -XX:+UseG1GC -jar app.jar"
      }
    ]
  },
  {
    "timestamp": "2025-08-17T16:38:17.335068955+02:00",
    "processes": [
      {
        "pid": "3855",
        "rss": "558280",
        "args": "java -Xmx2g -Xss1m -XX:+UseG1GC -jar app.jar"
      }
    ]
  },
  {
    "timestamp": "2025-08-17T16:38:18.345205417+02:00",
    "processes": [
      {
        "pid": "3855",
        "rss": "558536",
        "args": "java -Xmx2g -Xss1m -XX:+UseG1GC -jar app.jar"
      }
    ]
  },
  {
    "timestamp": "2025-08-17T16:38:19.334191009+02:00",
    "processes": [
      {
        "pid": "3855",
        "rss": "606352",
        "args": "java -Xmx2g -Xss1m -XX:+UseG1GC -jar app.jar"
      }
    ]
  },
  {
    "timestamp": "2025-08-17T16:38:20.331795555+02:00",
    "processes": [
      {
        "pid": "3855",
        "rss": "606992",
        "args": "java -Xmx2g -Xss1m -XX:+UseG1GC -jar app.jar"
      }
    ]
  },
  {
    "timestamp": "2025-08-17T16:38:21.324004075+02:00",
    "processes": [
      {
        "pid": "3855",
        "rss": "607376",
        "args": "java -Xmx2g -Xss1m -XX:+UseG1GC -jar app.jar"
      }
    ]
  },
  {
    "timestamp": "2025-08-17T16:38:22.332086997+02:00",
    "processes": []
  }
]
