[
  {
    "timestamp": "2025-08-17T16:45:53.808890765+02:00",
    "processes": [
      {
        "pid": "9937",
        "rss": "239528",
        "args": "./spring-petclinic -H:MaxHeapSize=512m -H:StackSize=1m"
      }
    ]
  },
  {
    "timestamp": "2025-08-17T16:45:54.7998204+02:00",
    "processes": [
      {
        "pid": "9937",
        "rss": "268732",
        "args": "./spring-petclinic -H:MaxHeapSize=512m -H:StackSize=1m"
      }
    ]
  },
  {
    "timestamp": "2025-08-17T16:45:55.791658102+02:00",
    "processes": [
      {
        "pid": "9937",
        "rss": "257532",
        "args": "./spring-petclinic -H:MaxHeapSize=512m -H:StackSize=1m"
      }
    ]
  },
  {
    "timestamp": "2025-08-17T16:45:56.785947616+02:00",
    "processes": [
      {
        "pid": "9937",
        "rss": "250960",
        "args": "./spring-petclinic -H:MaxHeapSize=512m -H:StackSize=1m"
      }
    ]
  },
  {
    "timestamp": "2025-08-17T16:45:57.787241791+02:00",
    "processes": [
      {
        "pid": "9937",
        "rss": "256700",
        "args": "./spring-petclinic -H:MaxHeapSize=512m -H:StackSize=1m"
      }
    ]
  },
  {
    "timestamp": "2025-08-17T16:45:58.775095073+02:00",
    "processes": [
      {
        "pid": "9937",
        "rss": "275960",
        "args": "./spring-petclinic -H:MaxHeapSize=512m -H:StackSize=1m"
      }
    ]
  },
  {
    "timestamp": "2025-08-17T16:45:59.777678718+02:00",
    "processes": [
      {
        "pid": "9937",
        "rss": "287584",
        "args": "./spring-petclinic -H:MaxHeapSize=512m -H:StackSize=1m"
      }
    ]
  },
  {
    "timestamp": "2025-08-17T16:46:00.786468983+02:00",
    "processes": [
      {
        "pid": "9937",
        "rss": "261904",
        "args": "./spring-petclinic -H:MaxHeapSize=512m -H:StackSize=1m"
      }
    ]
  },
  {
    "timestamp": "2025-08-17T16:46:01.781110432+02:00",
    "processes": [
      {
        "pid": "9937",
        "rss": "264136",
        "args": "./spring-petclinic -H:MaxHeapSize=512m -H:StackSize=1m"
      }
    ]
  },
  {
    "timestamp": "2025-08-17T16:46:02.775097877+02:00",
    "processes": [
      {
        "pid": "9937",
        "rss": "288004",
        "args": "./spring-petclinic -H:MaxHeapSize=512m -H:StackSize=1m"
      }
    ]
  },
  {
    "timestamp": "2025-08-17T16:46:03.779040583+02:00",
    "processes": [
      {
        "pid": "9937",
        "rss": "282964",
        "args": "./spring-petclinic -H:MaxHeapSize=512m -H:StackSize=1m"
      }
    ]
  },
  {
    "timestamp": "2025-08-17T16:46:04.786367452+02:00",
    "processes": [
      {
        "pid": "9937",
        "rss": "276756",
        "args": "./spring-petclinic -H:MaxHeapSize=512m -H:StackSize=1m"
      }
    ]
  },
  {
    "timestamp": "2025-08-17T16:46:05.7849725+02:00",
    "processes": [
      {
        "pid": "9937",
        "rss": "251232",
        "args": "./spring-petclinic -H:MaxHeapSize=512m -H:StackSize=1m"
      }
    ]
  },
  {
    "timestamp": "2025-08-17T16:46:06.782041476+02:00",
    "processes": [
      {
        "pid": "9937",
        "rss": "273908",
        "args": "./spring-petclinic -H:MaxHeapSize=512m -H:StackSize=1m"
      }
    ]
  },
  {
    "timestamp": "2025-08-17T16:46:07.806083549+02:00",
    "processes": [
      {
        "pid": "9937",
        "rss": "271792",
        "args": "./spring-petclinic -H:MaxHeapSize=512m -H:StackSize=1m"
      }
    ]
  },
  {
    "timestamp": "2025-08-17T16:46:08.803831555+02:00",
    "processes": [
      {
        "pid": "9937",
        "rss": "256628",
        "args": "./spring-petclinic -H:MaxHeapSize=512m -H:StackSize=1m"
      }
    ]
  },
  {
    "timestamp": "2025-08-17T16:46:09.776284364+02:00",
    "processes": [
      {
        "pid": "9937",
        "rss": "254744",
        "args": "./spring-petclinic -H:MaxHeapSize=512m -H:StackSize=1m"
      }
    ]
  },
  {
    "timestamp": "2025-08-17T16:46:10.783829289+02:00",
    "processes": [
      {
        "pid": "9937",
        "rss": "258912",
        "args": "./spring-petclinic -H:MaxHeapSize=512m -H:StackSize=1m"
      }
    ]
  },
  {
    "timestamp": "2025-08-17T16:46:11.784842961+02:00",
    "processes": [
      {
        "pid": "9937",
        "rss": "271264",
        "args": "./spring-petclinic -H:MaxHeapSize=512m -H:StackSize=1m"
      }
    ]
  },
  {
    "timestamp": "2025-08-17T16:46:12.794204503+02:00",
    "processes": [
      {
        "pid": "9937",
        "rss": "283308",
        "args": "./spring-petclinic -H:MaxHeapSize=512m -H:StackSize=1m"
      }
    ]
  },
  {
    "timestamp": "2025-08-17T16:46:13.78935431+02:00",
    "processes": [
      {
        "pid": "9937",
        "rss": "264460",
        "args": "./spring-petclinic -H:MaxHeapSize=512m -H:StackSize=1m"
      }
    ]
  },
  {
    "timestamp": "2025-08-17T16:46:14.778415139+02:00",
    "processes": [
      {
        "pid": "9937",
        "rss": "265152",
        "args": "./spring-petclinic -H:MaxHeapSize=512m -H:StackSize=1m"
      }
    ]
  },
  {
    "timestamp": "2025-08-17T16:46:15.782719659+02:00",
    "processes": [
      {
        "pid": "9937",
        "rss": "262044",
        "args": "./spring-petclinic -H:MaxHeapSize=512m -H:StackSize=1m"
      }
    ]
  },
  {
    "timestamp": "2025-08-17T16:46:16.780899582+02:00",
    "processes": [
      {
        "pid": "9937",
        "rss": "320272",
        "args": "./spring-petclinic -H:MaxHeapSize=512m -H:StackSize=1m"
      }
    ]
  },
  {
    "timestamp": "2025-08-17T16:46:17.795832035+02:00",
    "processes": [
      {
        "pid": "9937",
        "rss": "314528",
        "args": "./spring-petclinic -H:MaxHeapSize=512m -H:StackSize=1m"
      }
    ]
  },
  {
    "timestamp": "2025-08-17T16:46:18.783738117+02:00",
    "processes": [
      {
        "pid": "9937",
        "rss": "274796",
        "args": "./spring-petclinic -H:MaxHeapSize=512m -H:StackSize=1m"
      }
    ]
  },
  {
    "timestamp": "2025-08-17T16:46:19.784971059+02:00",
    "processes": [
      {
        "pid": "9937",
        "rss": "277692",
        "args": "./spring-petclinic -H:MaxHeapSize=512m -H:StackSize=1m"
      }
    ]
  },
  {
    "timestamp": "2025-08-17T16:46:20.795871695+02:00",
    "processes": [
      {
        "pid": "9937",
        "rss": "279252",
        "args": "./spring-petclinic -H:MaxHeapSize=512m -H:StackSize=1m"
      }
    ]
  },
  {
    "timestamp": "2025-08-17T16:46:21.777510753+02:00",
    "processes": [
      {
        "pid": "9937",
        "rss": "295000",
        "args": "./spring-petclinic -H:MaxHeapSize=512m -H:StackSize=1m"
      }
    ]
  },
  {
    "timestamp": "2025-08-17T16:46:22.784044639+02:00",
    "processes": [
      {
        "pid": "9937",
        "rss": "264044",
        "args": "./spring-petclinic -H:MaxHeapSize=512m -H:StackSize=1m"
      }
    ]
  },
  {
    "timestamp": "2025-08-17T16:46:23.802529968+02:00",
    "processes": [
      {
        "pid": "9937",
        "rss": "286068",
        "args": "./spring-petclinic -H:MaxHeapSize=512m -H:StackSize=1m"
      }
    ]
  },
  {
    "timestamp": "2025-08-17T16:46:24.77270021+02:00",
    "processes": [
      {
        "pid": "9937",
        "rss": "299428",
        "args": "./spring-petclinic -H:MaxHeapSize=512m -H:StackSize=1m"
      }
    ]
  },
  {
    "timestamp": "2025-08-17T16:46:25.771950399+02:00",
    "processes": [
      {
        "pid": "9937",
        "rss": "299428",
        "args": "./spring-petclinic -H:MaxHeapSize=512m -H:StackSize=1m"
      }
    ]
  },
  {
    "timestamp": "2025-08-17T16:46:26.797732478+02:00",
    "processes": [
      {
        "pid": "9937",
        "rss": "304516",
        "args": "./spring-petclinic -H:MaxHeapSize=512m -H:StackSize=1m"
      }
    ]
  },
  {
    "timestamp": "2025-08-17T16:46:27.793639954+02:00",
    "processes": [
      {
        "pid": "9937",
        "rss": "305156",
        "args": "./spring-petclinic -H:MaxHeapSize=512m -H:StackSize=1m"
      }
    ]
  },
  {
    "timestamp": "2025-08-17T16:46:28.833154674+02:00",
    "processes": [
      {
        "pid": "9937",
        "rss": "305284",
        "args": "./spring-petclinic -H:MaxHeapSize=512m -H:StackSize=1m"
      }
    ]
  },
  {
    "timestamp": "2025-08-17T16:46:29.784511266+02:00",
    "processes": [
      {
        "pid": "9937",
        "rss": "305796",
        "args": "./spring-petclinic -H:MaxHeapSize=512m -H:StackSize=1m"
      }
    ]
  },
  {
    "timestamp": "2025-08-17T16:46:30.777828522+02:00",
    "processes": [
      {
        "pid": "9937",
        "rss": "332420",
        "args": "./spring-petclinic -H:MaxHeapSize=512m -H:StackSize=1m"
      }
    ]
  }
]
