[
  {
    "timestamp": "2025-08-17T17:22:47.023658654+02:00",
    "processes": [
      {
        "pid": "35276",
        "rss": "216064",
        "args": "java -Xmx2g -Xss1m -XX:+UseShenandoahGC -Dquarkus.http.host=0.0.0.0 -Djava.util.logging.manager=org.jboss.logmanager.LogManager -jar /deployments/quarkus-run.jar"
      }
    ]
  },
  {
    "timestamp": "2025-08-17T17:22:48.034913324+02:00",
    "processes": [
      {
        "pid": "35276",
        "rss": "451192",
        "args": "java -Xmx2g -Xss1m -XX:+UseShenandoahGC -Dquarkus.http.host=0.0.0.0 -Djava.util.logging.manager=org.jboss.logmanager.LogManager -jar /deployments/quarkus-run.jar"
      }
    ]
  },
  {
    "timestamp": "2025-08-17T17:22:49.043570218+02:00",
    "processes": [
      {
        "pid": "35276",
        "rss": "709240",
        "args": "java -Xmx2g -Xss1m -XX:+UseShenandoahGC -Dquarkus.http.host=0.0.0.0 -Djava.util.logging.manager=org.jboss.logmanager.LogManager -jar /deployments/quarkus-run.jar"
      }
    ]
  },
  {
    "timestamp": "2025-08-17T17:22:50.027066072+02:00",
    "processes": [
      {
        "pid": "35276",
        "rss": "1002616",
        "args": "java -Xmx2g -Xss1m -XX:+UseShenandoahGC -Dquarkus.http.host=0.0.0.0 -Djava.util.logging.manager=org.jboss.logmanager.LogManager -jar /deployments/quarkus-run.jar"
      }
    ]
  },
  {
    "timestamp": "2025-08-17T17:22:51.071830777+02:00",
    "processes": [
      {
        "pid": "35276",
        "rss": "1278200",
        "args": "java -Xmx2g -Xss1m -XX:+UseShenandoahGC -Dquarkus.http.host=0.0.0.0 -Djava.util.logging.manager=org.jboss.logmanager.LogManager -jar /deployments/quarkus-run.jar"
      }
    ]
  },
  {
    "timestamp": "2025-08-17T17:22:52.013263561+02:00",
    "processes": [
      {
        "pid": "35276",
        "rss": "1637132",
        "args": "java -Xmx2g -Xss1m -XX:+UseShenandoahGC -Dquarkus.http.host=0.0.0.0 -Djava.util.logging.manager=org.jboss.logmanager.LogManager -jar /deployments/quarkus-run.jar"
      }
    ]
  },
  {
    "timestamp": "2025-08-17T17:22:53.037861838+02:00",
    "processes": [
      {
        "pid": "35276",
        "rss": "1924108",
        "args": "java -Xmx2g -Xss1m -XX:+UseShenandoahGC -Dquarkus.http.host=0.0.0.0 -Djava.util.logging.manager=org.jboss.logmanager.LogManager -jar /deployments/quarkus-run.jar"
      }
    ]
  },
  {
    "timestamp": "2025-08-17T17:22:54.019389726+02:00",
    "processes": [
      {
        "pid": "35276",
        "rss": "2088332",
        "args": "java -Xmx2g -Xss1m -XX:+UseShenandoahGC -Dquarkus.http.host=0.0.0.0 -Djava.util.logging.manager=org.jboss.logmanager.LogManager -jar /deployments/quarkus-run.jar"
      }
    ]
  },
  {
    "timestamp": "2025-08-17T17:22:55.018677958+02:00",
    "processes": [
      {
        "pid": "35276",
        "rss": "2143080",
        "args": "java -Xmx2g -Xss1m -XX:+UseShenandoahGC -Dquarkus.http.host=0.0.0.0 -Djava.util.logging.manager=org.jboss.logmanager.LogManager -jar /deployments/quarkus-run.jar"
      }
    ]
  },
  {
    "timestamp": "2025-08-17T17:22:56.016855733+02:00",
    "processes": [
      {
        "pid": "35276",
        "rss": "2197044",
        "args": "java -Xmx2g -Xss1m -XX:+UseShenandoahGC -Dquarkus.http.host=0.0.0.0 -Djava.util.logging.manager=org.jboss.logmanager.LogManager -jar /deployments/quarkus-run.jar"
      }
    ]
  },
  {
    "timestamp": "2025-08-17T17:22:57.013486694+02:00",
    "processes": [
      {
        "pid": "35276",
        "rss": "2266856",
        "args": "java -Xmx2g -Xss1m -XX:+UseShenandoahGC -Dquarkus.http.host=0.0.0.0 -Djava.util.logging.manager=org.jboss.logmanager.LogManager -jar /deployments/quarkus-run.jar"
      }
    ]
  },
  {
    "timestamp": "2025-08-17T17:22:58.037500111+02:00",
    "processes": [
      {
        "pid": "35276",
        "rss": "2283224",
        "args": "java -Xmx2g -Xss1m -XX:+UseShenandoahGC -Dquarkus.http.host=0.0.0.0 -Djava.util.logging.manager=org.jboss.logmanager.LogManager -jar /deployments/quarkus-run.jar"
      }
    ]
  },
  {
    "timestamp": "2025-08-17T17:22:59.0077449+02:00",
    "processes": [
      {
        "pid": "35276",
        "rss": "2308824",
        "args": "java -Xmx2g -Xss1m -XX:+UseShenandoahGC -Dquarkus.http.host=0.0.0.0 -Djava.util.logging.manager=org.jboss.logmanager.LogManager -jar /deployments/quarkus-run.jar"
      }
    ]
  },
  {
    "timestamp": "2025-08-17T17:23:00.01774322+02:00",
    "processes": [
      {
        "pid": "35276",
        "rss": "2313560",
        "args": "java -Xmx2g -Xss1m -XX:+UseShenandoahGC -Dquarkus.http.host=0.0.0.0 -Djava.util.logging.manager=org.jboss.logmanager.LogManager -jar /deployments/quarkus-run.jar"
      }
    ]
  },
  {
    "timestamp": "2025-08-17T17:23:01.009964643+02:00",
    "processes": [
      {
        "pid": "35276",
        "rss": "2319704",
        "args": "java -Xmx2g -Xss1m -XX:+UseShenandoahGC -Dquarkus.http.host=0.0.0.0 -Djava.util.logging.manager=org.jboss.logmanager.LogManager -jar /deployments/quarkus-run.jar"
      }
    ]
  },
  {
    "timestamp": "2025-08-17T17:23:02.012128949+02:00",
    "processes": [
      {
        "pid": "35276",
        "rss": "2321624",
        "args": "java -Xmx2g -Xss1m -XX:+UseShenandoahGC -Dquarkus.http.host=0.0.0.0 -Djava.util.logging.manager=org.jboss.logmanager.LogManager -jar /deployments/quarkus-run.jar"
      }
    ]
  },
  {
    "timestamp": "2025-08-17T17:23:03.013317604+02:00",
    "processes": [
      {
        "pid": "35276",
        "rss": "2323800",
        "args": "java -Xmx2g -Xss1m -XX:+UseShenandoahGC -Dquarkus.http.host=0.0.0.0 -Djava.util.logging.manager=org.jboss.logmanager.LogManager -jar /deployments/quarkus-run.jar"
      }
    ]
  },
  {
    "timestamp": "2025-08-17T17:23:04.017389575+02:00",
    "processes": [
      {
        "pid": "35276",
        "rss": "2335192",
        "args": "java -Xmx2g -Xss1m -XX:+UseShenandoahGC -Dquarkus.http.host=0.0.0.0 -Djava.util.logging.manager=org.jboss.logmanager.LogManager -jar /deployments/quarkus-run.jar"
      }
    ]
  },
  {
    "timestamp": "2025-08-17T17:23:05.011193621+02:00",
    "processes": [
      {
        "pid": "35276",
        "rss": "2351320",
        "args": "java -Xmx2g -Xss1m -XX:+UseShenandoahGC -Dquarkus.http.host=0.0.0.0 -Djava.util.logging.manager=org.jboss.logmanager.LogManager -jar /deployments/quarkus-run.jar"
      }
    ]
  },
  {
    "timestamp": "2025-08-17T17:23:06.009346943+02:00",
    "processes": [
      {
        "pid": "35276",
        "rss": "2361560",
        "args": "java -Xmx2g -Xss1m -XX:+UseShenandoahGC -Dquarkus.http.host=0.0.0.0 -Djava.util.logging.manager=org.jboss.logmanager.LogManager -jar /deployments/quarkus-run.jar"
      }
    ]
  },
  {
    "timestamp": "2025-08-17T17:23:07.008714063+02:00",
    "processes": [
      {
        "pid": "35276",
        "rss": "2365272",
        "args": "java -Xmx2g -Xss1m -XX:+UseShenandoahGC -Dquarkus.http.host=0.0.0.0 -Djava.util.logging.manager=org.jboss.logmanager.LogManager -jar /deployments/quarkus-run.jar"
      }
    ]
  },
  {
    "timestamp": "2025-08-17T17:23:08.012439292+02:00",
    "processes": [
      {
        "pid": "35276",
        "rss": "2367576",
        "args": "java -Xmx2g -Xss1m -XX:+UseShenandoahGC -Dquarkus.http.host=0.0.0.0 -Djava.util.logging.manager=org.jboss.logmanager.LogManager -jar /deployments/quarkus-run.jar"
      }
    ]
  },
  {
    "timestamp": "2025-08-17T17:23:09.004541404+02:00",
    "processes": [
      {
        "pid": "35276",
        "rss": "2371032",
        "args": "java -Xmx2g -Xss1m -XX:+UseShenandoahGC -Dquarkus.http.host=0.0.0.0 -Djava.util.logging.manager=org.jboss.logmanager.LogManager -jar /deployments/quarkus-run.jar"
      }
    ]
  },
  {
    "timestamp": "2025-08-17T17:23:10.011231191+02:00",
    "processes": [
      {
        "pid": "35276",
        "rss": "2372568",
        "args": "java -Xmx2g -Xss1m -XX:+UseShenandoahGC -Dquarkus.http.host=0.0.0.0 -Djava.util.logging.manager=org.jboss.logmanager.LogManager -jar /deployments/quarkus-run.jar"
      }
    ]
  },
  {
    "timestamp": "2025-08-17T17:23:11.019929251+02:00",
    "processes": [
      {
        "pid": "35276",
        "rss": "2372696",
        "args": "java -Xmx2g -Xss1m -XX:+UseShenandoahGC -Dquarkus.http.host=0.0.0.0 -Djava.util.logging.manager=org.jboss.logmanager.LogManager -jar /deployments/quarkus-run.jar"
      }
    ]
  },
  {
    "timestamp": "2025-08-17T17:23:12.009128989+02:00",
    "processes": [
      {
        "pid": "35276",
        "rss": "2375128",
        "args": "java -Xmx2g -Xss1m -XX:+UseShenandoahGC -Dquarkus.http.host=0.0.0.0 -Djava.util.logging.manager=org.jboss.logmanager.LogManager -jar /deployments/quarkus-run.jar"
      }
    ]
  },
  {
    "timestamp": "2025-08-17T17:23:13.015592649+02:00",
    "processes": [
      {
        "pid": "35276",
        "rss": "2375896",
        "args": "java -Xmx2g -Xss1m -XX:+UseShenandoahGC -Dquarkus.http.host=0.0.0.0 -Djava.util.logging.manager=org.jboss.logmanager.LogManager -jar /deployments/quarkus-run.jar"
      }
    ]
  },
  {
    "timestamp": "2025-08-17T17:23:14.027533233+02:00",
    "processes": [
      {
        "pid": "35276",
        "rss": "2378200",
        "args": "java -Xmx2g -Xss1m -XX:+UseShenandoahGC -Dquarkus.http.host=0.0.0.0 -Djava.util.logging.manager=org.jboss.logmanager.LogManager -jar /deployments/quarkus-run.jar"
      }
    ]
  },
  {
    "timestamp": "2025-08-17T17:23:15.063664554+02:00",
    "processes": [
      {
        "pid": "35276",
        "rss": "2378968",
        "args": "java -Xmx2g -Xss1m -XX:+UseShenandoahGC -Dquarkus.http.host=0.0.0.0 -Djava.util.logging.manager=org.jboss.logmanager.LogManager -jar /deployments/quarkus-run.jar"
      }
    ]
  },
  {
    "timestamp": "2025-08-17T17:23:16.014888154+02:00",
    "processes": [
      {
        "pid": "35276",
        "rss": "2379096",
        "args": "java -Xmx2g -Xss1m -XX:+UseShenandoahGC -Dquarkus.http.host=0.0.0.0 -Djava.util.logging.manager=org.jboss.logmanager.LogManager -jar /deployments/quarkus-run.jar"
      }
    ]
  },
  {
    "timestamp": "2025-08-17T17:23:17.186690925+02:00",
    "processes": [
      {
        "pid": "35276",
        "rss": "2381292",
        "args": "java -Xmx2g -Xss1m -XX:+UseShenandoahGC -Dquarkus.http.host=0.0.0.0 -Djava.util.logging.manager=org.jboss.logmanager.LogManager -jar /deployments/quarkus-run.jar"
      }
    ]
  }
]
