[
  {
    "timestamp": "2025-08-17T17:20:39.634583449+02:00",
    "processes": [
      {
        "pid": "33529",
        "rss": "681876",
        "args": "java -Xmx2g -Xss1m -XX:+UseShenandoahGC -jar app.jar"
      }
    ]
  },
  {
    "timestamp": "2025-08-17T17:20:40.600385175+02:00",
    "processes": [
      {
        "pid": "33529",
        "rss": "690964",
        "args": "java -Xmx2g -Xss1m -XX:+UseShenandoahGC -jar app.jar"
      }
    ]
  },
  {
    "timestamp": "2025-08-17T17:20:41.611258319+02:00",
    "processes": [
      {
        "pid": "33529",
        "rss": "692884",
        "args": "java -Xmx2g -Xss1m -XX:+UseShenandoahGC -jar app.jar"
      }
    ]
  },
  {
    "timestamp": "2025-08-17T17:20:42.609093957+02:00",
    "processes": [
      {
        "pid": "33529",
        "rss": "695700",
        "args": "java -Xmx2g -Xss1m -XX:+UseShenandoahGC -jar app.jar"
      }
    ]
  },
  {
    "timestamp": "2025-08-17T17:20:43.597352303+02:00",
    "processes": [
      {
        "pid": "33529",
        "rss": "715796",
        "args": "java -Xmx2g -Xss1m -XX:+UseShenandoahGC -jar app.jar"
      }
    ]
  },
  {
    "timestamp": "2025-08-17T17:20:44.608129718+02:00",
    "processes": [
      {
        "pid": "33529",
        "rss": "744340",
        "args": "java -Xmx2g -Xss1m -XX:+UseShenandoahGC -jar app.jar"
      }
    ]
  },
  {
    "timestamp": "2025-08-17T17:20:45.608480307+02:00",
    "processes": [
      {
        "pid": "33529",
        "rss": "785428",
        "args": "java -Xmx2g -Xss1m -XX:+UseShenandoahGC -jar app.jar"
      }
    ]
  },
  {
    "timestamp": "2025-08-17T17:20:46.609511142+02:00",
    "processes": [
      {
        "pid": "33529",
        "rss": "854128",
        "args": "java -Xmx2g -Xss1m -XX:+UseShenandoahGC -jar app.jar"
      }
    ]
  },
  {
    "timestamp": "2025-08-17T17:20:47.6123236+02:00",
    "processes": [
      {
        "pid": "33529",
        "rss": "922608",
        "args": "java -Xmx2g -Xss1m -XX:+UseShenandoahGC -jar app.jar"
      }
    ]
  },
  {
    "timestamp": "2025-08-17T17:20:48.606947502+02:00",
    "processes": [
      {
        "pid": "33529",
        "rss": "933872",
        "args": "java -Xmx2g -Xss1m -XX:+UseShenandoahGC -jar app.jar"
      }
    ]
  },
  {
    "timestamp": "2025-08-17T17:20:49.623515673+02:00",
    "processes": [
      {
        "pid": "33529",
        "rss": "940400",
        "args": "java -Xmx2g -Xss1m -XX:+UseShenandoahGC -jar app.jar"
      }
    ]
  },
  {
    "timestamp": "2025-08-17T17:20:50.601755346+02:00",
    "processes": [
      {
        "pid": "33529",
        "rss": "946220",
        "args": "java -Xmx2g -Xss1m -XX:+UseShenandoahGC -jar app.jar"
      }
    ]
  },
  {
    "timestamp": "2025-08-17T17:20:51.605590116+02:00",
    "processes": [
      {
        "pid": "33529",
        "rss": "959148",
        "args": "java -Xmx2g -Xss1m -XX:+UseShenandoahGC -jar app.jar"
      }
    ]
  },
  {
    "timestamp": "2025-08-17T17:20:52.601496045+02:00",
    "processes": [
      {
        "pid": "33529",
        "rss": "970668",
        "args": "java -Xmx2g -Xss1m -XX:+UseShenandoahGC -jar app.jar"
      }
    ]
  },
  {
    "timestamp": "2025-08-17T17:20:53.60039691+02:00",
    "processes": [
      {
        "pid": "33529",
        "rss": "974380",
        "args": "java -Xmx2g -Xss1m -XX:+UseShenandoahGC -jar app.jar"
      }
    ]
  },
  {
    "timestamp": "2025-08-17T17:20:54.61509536+02:00",
    "processes": [
      {
        "pid": "33529",
        "rss": "980268",
        "args": "java -Xmx2g -Xss1m -XX:+UseShenandoahGC -jar app.jar"
      }
    ]
  },
  {
    "timestamp": "2025-08-17T17:20:55.611444384+02:00",
    "processes": [
      {
        "pid": "33529",
        "rss": "1031468",
        "args": "java -Xmx2g -Xss1m -XX:+UseShenandoahGC -jar app.jar"
      }
    ]
  },
  {
    "timestamp": "2025-08-17T17:20:56.602309832+02:00",
    "processes": [
      {
        "pid": "33529",
        "rss": "1099436",
        "args": "java -Xmx2g -Xss1m -XX:+UseShenandoahGC -jar app.jar"
      }
    ]
  },
  {
    "timestamp": "2025-08-17T17:20:57.60996231+02:00",
    "processes": [
      {
        "pid": "33529",
        "rss": "1218476",
        "args": "java -Xmx2g -Xss1m -XX:+UseShenandoahGC -jar app.jar"
      }
    ]
  },
  {
    "timestamp": "2025-08-17T17:20:58.599488352+02:00",
    "processes": [
      {
        "pid": "33529",
        "rss": "1348780",
        "args": "java -Xmx2g -Xss1m -XX:+UseShenandoahGC -jar app.jar"
      }
    ]
  },
  {
    "timestamp": "2025-08-17T17:20:59.60856644+02:00",
    "processes": [
      {
        "pid": "33529",
        "rss": "1490092",
        "args": "java -Xmx2g -Xss1m -XX:+UseShenandoahGC -jar app.jar"
      }
    ]
  },
  {
    "timestamp": "2025-08-17T17:21:00.604013723+02:00",
    "processes": [
      {
        "pid": "33529",
        "rss": "1605932",
        "args": "java -Xmx2g -Xss1m -XX:+UseShenandoahGC -jar app.jar"
      }
    ]
  },
  {
    "timestamp": "2025-08-17T17:21:01.610313613+02:00",
    "processes": [
      {
        "pid": "33529",
        "rss": "1751736",
        "args": "java -Xmx2g -Xss1m -XX:+UseShenandoahGC -jar app.jar"
      }
    ]
  },
  {
    "timestamp": "2025-08-17T17:21:02.602142909+02:00",
    "processes": [
      {
        "pid": "33529",
        "rss": "1872056",
        "args": "java -Xmx2g -Xss1m -XX:+UseShenandoahGC -jar app.jar"
      }
    ]
  },
  {
    "timestamp": "2025-08-17T17:21:03.623345639+02:00",
    "processes": [
      {
        "pid": "33529",
        "rss": "1995748",
        "args": "java -Xmx2g -Xss1m -XX:+UseShenandoahGC -jar app.jar"
      }
    ]
  },
  {
    "timestamp": "2025-08-17T17:21:04.616857192+02:00",
    "processes": [
      {
        "pid": "33529",
        "rss": "2044900",
        "args": "java -Xmx2g -Xss1m -XX:+UseShenandoahGC -jar app.jar"
      }
    ]
  },
  {
    "timestamp": "2025-08-17T17:21:05.603850679+02:00",
    "processes": [
      {
        "pid": "33529",
        "rss": "2045028",
        "args": "java -Xmx2g -Xss1m -XX:+UseShenandoahGC -jar app.jar"
      }
    ]
  },
  {
    "timestamp": "2025-08-17T17:21:06.610778102+02:00",
    "processes": [
      {
        "pid": "33529",
        "rss": "2049252",
        "args": "java -Xmx2g -Xss1m -XX:+UseShenandoahGC -jar app.jar"
      }
    ]
  },
  {
    "timestamp": "2025-08-17T17:21:07.617379633+02:00",
    "processes": [
      {
        "pid": "33529",
        "rss": "2054884",
        "args": "java -Xmx2g -Xss1m -XX:+UseShenandoahGC -jar app.jar"
      }
    ]
  },
  {
    "timestamp": "2025-08-17T17:21:08.609345309+02:00",
    "processes": [
      {
        "pid": "33529",
        "rss": "2055524",
        "args": "java -Xmx2g -Xss1m -XX:+UseShenandoahGC -jar app.jar"
      }
    ]
  },
  {
    "timestamp": "2025-08-17T17:21:09.682356882+02:00",
    "processes": [
      {
        "pid": "33529",
        "rss": "2088936",
        "args": "java -Xmx2g -Xss1m -XX:+UseShenandoahGC -jar app.jar"
      }
    ]
  },
  {
    "timestamp": "2025-08-17T17:21:10.625844012+02:00",
    "processes": [
      {
        "pid": "33529",
        "rss": "2090728",
        "args": "java -Xmx2g -Xss1m -XX:+UseShenandoahGC -jar app.jar"
      }
    ]
  },
  {
    "timestamp": "2025-08-17T17:21:11.60295708+02:00",
    "processes": [
      {
        "pid": "33529",
        "rss": "2088652",
        "args": "java -Xmx2g -Xss1m -XX:+UseShenandoahGC -jar app.jar"
      }
    ]
  },
  {
    "timestamp": "2025-08-17T17:21:12.596344524+02:00",
    "processes": [
      {
        "pid": "33529",
        "rss": "2079600",
        "args": "java -Xmx2g -Xss1m -XX:+UseShenandoahGC -jar app.jar"
      }
    ]
  }
]
