[
  {
    "timestamp": "2025-08-17T17:00:18.568937271+02:00",
    "processes": [
      {
        "pid": "20936",
        "rss": "228392",
        "args": "java -Xmx2g -Xss1m -XX:+UseShenandoahGC -Dquarkus.http.host=0.0.0.0 -Djava.util.logging.manager=org.jboss.logmanager.LogManager -jar /deployments/quarkus-run.jar"
      }
    ]
  },
  {
    "timestamp": "2025-08-17T17:00:19.593041715+02:00",
    "processes": [
      {
        "pid": "20936",
        "rss": "261272",
        "args": "java -Xmx2g -Xss1m -XX:+UseShenandoahGC -Dquarkus.http.host=0.0.0.0 -Djava.util.logging.manager=org.jboss.logmanager.LogManager -jar /deployments/quarkus-run.jar"
      }
    ]
  },
  {
    "timestamp": "2025-08-17T17:00:20.576747079+02:00",
    "processes": [
      {
        "pid": "20936",
        "rss": "505576",
        "args": "java -Xmx2g -Xss1m -XX:+UseShenandoahGC -Dquarkus.http.host=0.0.0.0 -Djava.util.logging.manager=org.jboss.logmanager.LogManager -jar /deployments/quarkus-run.jar"
      }
    ]
  },
  {
    "timestamp": "2025-08-17T17:00:21.58098429+02:00",
    "processes": [
      {
        "pid": "20936",
        "rss": "771560",
        "args": "java -Xmx2g -Xss1m -XX:+UseShenandoahGC -Dquarkus.http.host=0.0.0.0 -Djava.util.logging.manager=org.jboss.logmanager.LogManager -jar /deployments/quarkus-run.jar"
      }
    ]
  },
  {
    "timestamp": "2025-08-17T17:00:22.578788608+02:00",
    "processes": [
      {
        "pid": "20936",
        "rss": "1065320",
        "args": "java -Xmx2g -Xss1m -XX:+UseShenandoahGC -Dquarkus.http.host=0.0.0.0 -Djava.util.logging.manager=org.jboss.logmanager.LogManager -jar /deployments/quarkus-run.jar"
      }
    ]
  },
  {
    "timestamp": "2025-08-17T17:00:23.581126906+02:00",
    "processes": [
      {
        "pid": "20936",
        "rss": "1415016",
        "args": "java -Xmx2g -Xss1m -XX:+UseShenandoahGC -Dquarkus.http.host=0.0.0.0 -Djava.util.logging.manager=org.jboss.logmanager.LogManager -jar /deployments/quarkus-run.jar"
      }
    ]
  },
  {
    "timestamp": "2025-08-17T17:00:24.57390145+02:00",
    "processes": [
      {
        "pid": "20936",
        "rss": "1749096",
        "args": "java -Xmx2g -Xss1m -XX:+UseShenandoahGC -Dquarkus.http.host=0.0.0.0 -Djava.util.logging.manager=org.jboss.logmanager.LogManager -jar /deployments/quarkus-run.jar"
      }
    ]
  },
  {
    "timestamp": "2025-08-17T17:00:25.603250819+02:00",
    "processes": [
      {
        "pid": "20936",
        "rss": "1921512",
        "args": "java -Xmx2g -Xss1m -XX:+UseShenandoahGC -Dquarkus.http.host=0.0.0.0 -Djava.util.logging.manager=org.jboss.logmanager.LogManager -jar /deployments/quarkus-run.jar"
      }
    ]
  },
  {
    "timestamp": "2025-08-17T17:00:26.578935175+02:00",
    "processes": [
      {
        "pid": "20936",
        "rss": "2014056",
        "args": "java -Xmx2g -Xss1m -XX:+UseShenandoahGC -Dquarkus.http.host=0.0.0.0 -Djava.util.logging.manager=org.jboss.logmanager.LogManager -jar /deployments/quarkus-run.jar"
      }
    ]
  },
  {
    "timestamp": "2025-08-17T17:00:27.577422891+02:00",
    "processes": [
      {
        "pid": "20936",
        "rss": "2139240",
        "args": "java -Xmx2g -Xss1m -XX:+UseShenandoahGC -Dquarkus.http.host=0.0.0.0 -Djava.util.logging.manager=org.jboss.logmanager.LogManager -jar /deployments/quarkus-run.jar"
      }
    ]
  },
  {
    "timestamp": "2025-08-17T17:00:28.576606946+02:00",
    "processes": [
      {
        "pid": "20936",
        "rss": "2201448",
        "args": "java -Xmx2g -Xss1m -XX:+UseShenandoahGC -Dquarkus.http.host=0.0.0.0 -Djava.util.logging.manager=org.jboss.logmanager.LogManager -jar /deployments/quarkus-run.jar"
      }
    ]
  },
  {
    "timestamp": "2025-08-17T17:00:29.575226802+02:00",
    "processes": [
      {
        "pid": "20936",
        "rss": "2265176",
        "args": "java -Xmx2g -Xss1m -XX:+UseShenandoahGC -Dquarkus.http.host=0.0.0.0 -Djava.util.logging.manager=org.jboss.logmanager.LogManager -jar /deployments/quarkus-run.jar"
      }
    ]
  },
  {
    "timestamp": "2025-08-17T17:00:30.576452311+02:00",
    "processes": [
      {
        "pid": "20936",
        "rss": "2290264",
        "args": "java -Xmx2g -Xss1m -XX:+UseShenandoahGC -Dquarkus.http.host=0.0.0.0 -Djava.util.logging.manager=org.jboss.logmanager.LogManager -jar /deployments/quarkus-run.jar"
      }
    ]
  },
  {
    "timestamp": "2025-08-17T17:00:31.574944124+02:00",
    "processes": [
      {
        "pid": "20936",
        "rss": "2317616",
        "args": "java -Xmx2g -Xss1m -XX:+UseShenandoahGC -Dquarkus.http.host=0.0.0.0 -Djava.util.logging.manager=org.jboss.logmanager.LogManager -jar /deployments/quarkus-run.jar"
      }
    ]
  },
  {
    "timestamp": "2025-08-17T17:00:32.581955288+02:00",
    "processes": [
      {
        "pid": "20936",
        "rss": "2335152",
        "args": "java -Xmx2g -Xss1m -XX:+UseShenandoahGC -Dquarkus.http.host=0.0.0.0 -Djava.util.logging.manager=org.jboss.logmanager.LogManager -jar /deployments/quarkus-run.jar"
      }
    ]
  },
  {
    "timestamp": "2025-08-17T17:00:33.567841885+02:00",
    "processes": [
      {
        "pid": "20936",
        "rss": "2341296",
        "args": "java -Xmx2g -Xss1m -XX:+UseShenandoahGC -Dquarkus.http.host=0.0.0.0 -Djava.util.logging.manager=org.jboss.logmanager.LogManager -jar /deployments/quarkus-run.jar"
      }
    ]
  },
  {
    "timestamp": "2025-08-17T17:00:34.576969714+02:00",
    "processes": [
      {
        "pid": "20936",
        "rss": "2351856",
        "args": "java -Xmx2g -Xss1m -XX:+UseShenandoahGC -Dquarkus.http.host=0.0.0.0 -Djava.util.logging.manager=org.jboss.logmanager.LogManager -jar /deployments/quarkus-run.jar"
      }
    ]
  },
  {
    "timestamp": "2025-08-17T17:00:35.573054819+02:00",
    "processes": [
      {
        "pid": "20936",
        "rss": "2356976",
        "args": "java -Xmx2g -Xss1m -XX:+UseShenandoahGC -Dquarkus.http.host=0.0.0.0 -Djava.util.logging.manager=org.jboss.logmanager.LogManager -jar /deployments/quarkus-run.jar"
      }
    ]
  },
  {
    "timestamp": "2025-08-17T17:00:36.569617489+02:00",
    "processes": [
      {
        "pid": "20936",
        "rss": "2358728",
        "args": "java -Xmx2g -Xss1m -XX:+UseShenandoahGC -Dquarkus.http.host=0.0.0.0 -Djava.util.logging.manager=org.jboss.logmanager.LogManager -jar /deployments/quarkus-run.jar"
      }
    ]
  },
  {
    "timestamp": "2025-08-17T17:00:37.578925329+02:00",
    "processes": [
      {
        "pid": "20936",
        "rss": "2361672",
        "args": "java -Xmx2g -Xss1m -XX:+UseShenandoahGC -Dquarkus.http.host=0.0.0.0 -Djava.util.logging.manager=org.jboss.logmanager.LogManager -jar /deployments/quarkus-run.jar"
      }
    ]
  },
  {
    "timestamp": "2025-08-17T17:00:38.568044237+02:00",
    "processes": [
      {
        "pid": "20936",
        "rss": "2362824",
        "args": "java -Xmx2g -Xss1m -XX:+UseShenandoahGC -Dquarkus.http.host=0.0.0.0 -Djava.util.logging.manager=org.jboss.logmanager.LogManager -jar /deployments/quarkus-run.jar"
      }
    ]
  },
  {
    "timestamp": "2025-08-17T17:00:39.572898112+02:00",
    "processes": [
      {
        "pid": "20936",
        "rss": "2366664",
        "args": "java -Xmx2g -Xss1m -XX:+UseShenandoahGC -Dquarkus.http.host=0.0.0.0 -Djava.util.logging.manager=org.jboss.logmanager.LogManager -jar /deployments/quarkus-run.jar"
      }
    ]
  },
  {
    "timestamp": "2025-08-17T17:00:40.575073459+02:00",
    "processes": [
      {
        "pid": "20936",
        "rss": "2368968",
        "args": "java -Xmx2g -Xss1m -XX:+UseShenandoahGC -Dquarkus.http.host=0.0.0.0 -Djava.util.logging.manager=org.jboss.logmanager.LogManager -jar /deployments/quarkus-run.jar"
      }
    ]
  },
  {
    "timestamp": "2025-08-17T17:00:41.574076202+02:00",
    "processes": [
      {
        "pid": "20936",
        "rss": "2372296",
        "args": "java -Xmx2g -Xss1m -XX:+UseShenandoahGC -Dquarkus.http.host=0.0.0.0 -Djava.util.logging.manager=org.jboss.logmanager.LogManager -jar /deployments/quarkus-run.jar"
      }
    ]
  },
  {
    "timestamp": "2025-08-17T17:00:42.608316964+02:00",
    "processes": [
      {
        "pid": "20936",
        "rss": "2372680",
        "args": "java -Xmx2g -Xss1m -XX:+UseShenandoahGC -Dquarkus.http.host=0.0.0.0 -Djava.util.logging.manager=org.jboss.logmanager.LogManager -jar /deployments/quarkus-run.jar"
      }
    ]
  },
  {
    "timestamp": "2025-08-17T17:00:43.57564851+02:00",
    "processes": [
      {
        "pid": "20936",
        "rss": "2372680",
        "args": "java -Xmx2g -Xss1m -XX:+UseShenandoahGC -Dquarkus.http.host=0.0.0.0 -Djava.util.logging.manager=org.jboss.logmanager.LogManager -jar /deployments/quarkus-run.jar"
      }
    ]
  },
  {
    "timestamp": "2025-08-17T17:00:44.576154199+02:00",
    "processes": [
      {
        "pid": "20936",
        "rss": "2374728",
        "args": "java -Xmx2g -Xss1m -XX:+UseShenandoahGC -Dquarkus.http.host=0.0.0.0 -Djava.util.logging.manager=org.jboss.logmanager.LogManager -jar /deployments/quarkus-run.jar"
      }
    ]
  },
  {
    "timestamp": "2025-08-17T17:00:45.573940142+02:00",
    "processes": [
      {
        "pid": "20936",
        "rss": "2376392",
        "args": "java -Xmx2g -Xss1m -XX:+UseShenandoahGC -Dquarkus.http.host=0.0.0.0 -Djava.util.logging.manager=org.jboss.logmanager.LogManager -jar /deployments/quarkus-run.jar"
      }
    ]
  },
  {
    "timestamp": "2025-08-17T17:00:46.572673031+02:00",
    "processes": [
      {
        "pid": "20936",
        "rss": "2376520",
        "args": "java -Xmx2g -Xss1m -XX:+UseShenandoahGC -Dquarkus.http.host=0.0.0.0 -Djava.util.logging.manager=org.jboss.logmanager.LogManager -jar /deployments/quarkus-run.jar"
      }
    ]
  },
  {
    "timestamp": "2025-08-17T17:00:47.588374082+02:00",
    "processes": [
      {
        "pid": "20936",
        "rss": "2378628",
        "args": "java -Xmx2g -Xss1m -XX:+UseShenandoahGC -Dquarkus.http.host=0.0.0.0 -Djava.util.logging.manager=org.jboss.logmanager.LogManager -jar /deployments/quarkus-run.jar"
      }
    ]
  },
  {
    "timestamp": "2025-08-17T17:00:48.574383393+02:00",
    "processes": [
      {
        "pid": "20936",
        "rss": "2378756",
        "args": "java -Xmx2g -Xss1m -XX:+UseShenandoahGC -Dquarkus.http.host=0.0.0.0 -Djava.util.logging.manager=org.jboss.logmanager.LogManager -jar /deployments/quarkus-run.jar"
      }
    ]
  }
]
