[
  {
    "timestamp": "2025-08-17T17:41:44.36349391+02:00",
    "processes": [
      {
        "pid": "49464",
        "rss": "174844",
        "args": "java -Xmx2g -Xss1m -XX:+UseG1GC -Dquarkus.http.host=0.0.0.0 -Djava.util.logging.manager=org.jboss.logmanager.LogManager -jar /deployments/quarkus-run.jar"
      }
    ]
  },
  {
    "timestamp": "2025-08-17T17:41:45.35343707+02:00",
    "processes": [
      {
        "pid": "49464",
        "rss": "265440",
        "args": "java -Xmx2g -Xss1m -XX:+UseG1GC -Dquarkus.http.host=0.0.0.0 -Djava.util.logging.manager=org.jboss.logmanager.LogManager -jar /deployments/quarkus-run.jar"
      }
    ]
  },
  {
    "timestamp": "2025-08-17T17:41:46.350331465+02:00",
    "processes": [
      {
        "pid": "49464",
        "rss": "575712",
        "args": "java -Xmx2g -Xss1m -XX:+UseG1GC -Dquarkus.http.host=0.0.0.0 -Djava.util.logging.manager=org.jboss.logmanager.LogManager -jar /deployments/quarkus-run.jar"
      }
    ]
  },
  {
    "timestamp": "2025-08-17T17:41:47.348930466+02:00",
    "processes": [
      {
        "pid": "49464",
        "rss": "598880",
        "args": "java -Xmx2g -Xss1m -XX:+UseG1GC -Dquarkus.http.host=0.0.0.0 -Djava.util.logging.manager=org.jboss.logmanager.LogManager -jar /deployments/quarkus-run.jar"
      }
    ]
  },
  {
    "timestamp": "2025-08-17T17:41:48.353579366+02:00",
    "processes": [
      {
        "pid": "49464",
        "rss": "491532",
        "args": "java -Xmx2g -Xss1m -XX:+UseG1GC -Dquarkus.http.host=0.0.0.0 -Djava.util.logging.manager=org.jboss.logmanager.LogManager -jar /deployments/quarkus-run.jar"
      }
    ]
  },
  {
    "timestamp": "2025-08-17T17:41:49.355696445+02:00",
    "processes": [
      {
        "pid": "49464",
        "rss": "848208",
        "args": "java -Xmx2g -Xss1m -XX:+UseG1GC -Dquarkus.http.host=0.0.0.0 -Djava.util.logging.manager=org.jboss.logmanager.LogManager -jar /deployments/quarkus-run.jar"
      }
    ]
  },
  {
    "timestamp": "2025-08-17T17:41:50.354618768+02:00",
    "processes": [
      {
        "pid": "49464",
        "rss": "865360",
        "args": "java -Xmx2g -Xss1m -XX:+UseG1GC -Dquarkus.http.host=0.0.0.0 -Djava.util.logging.manager=org.jboss.logmanager.LogManager -jar /deployments/quarkus-run.jar"
      }
    ]
  },
  {
    "timestamp": "2025-08-17T17:41:51.345096153+02:00",
    "processes": [
      {
        "pid": "49464",
        "rss": "876880",
        "args": "java -Xmx2g -Xss1m -XX:+UseG1GC -Dquarkus.http.host=0.0.0.0 -Djava.util.logging.manager=org.jboss.logmanager.LogManager -jar /deployments/quarkus-run.jar"
      }
    ]
  },
  {
    "timestamp": "2025-08-17T17:41:52.355021889+02:00",
    "processes": [
      {
        "pid": "49464",
        "rss": "891600",
        "args": "java -Xmx2g -Xss1m -XX:+UseG1GC -Dquarkus.http.host=0.0.0.0 -Djava.util.logging.manager=org.jboss.logmanager.LogManager -jar /deployments/quarkus-run.jar"
      }
    ]
  },
  {
    "timestamp": "2025-08-17T17:41:53.354987602+02:00",
    "processes": [
      {
        "pid": "49464",
        "rss": "620868",
        "args": "java -Xmx2g -Xss1m -XX:+UseG1GC -Dquarkus.http.host=0.0.0.0 -Djava.util.logging.manager=org.jboss.logmanager.LogManager -jar /deployments/quarkus-run.jar"
      }
    ]
  },
  {
    "timestamp": "2025-08-17T17:41:54.354160298+02:00",
    "processes": [
      {
        "pid": "49464",
        "rss": "771076",
        "args": "java -Xmx2g -Xss1m -XX:+UseG1GC -Dquarkus.http.host=0.0.0.0 -Djava.util.logging.manager=org.jboss.logmanager.LogManager -jar /deployments/quarkus-run.jar"
      }
    ]
  },
  {
    "timestamp": "2025-08-17T17:41:55.35037457+02:00",
    "processes": [
      {
        "pid": "49464",
        "rss": "789124",
        "args": "java -Xmx2g -Xss1m -XX:+UseG1GC -Dquarkus.http.host=0.0.0.0 -Djava.util.logging.manager=org.jboss.logmanager.LogManager -jar /deployments/quarkus-run.jar"
      }
    ]
  },
  {
    "timestamp": "2025-08-17T17:41:56.360020949+02:00",
    "processes": [
      {
        "pid": "49464",
        "rss": "1014376",
        "args": "java -Xmx2g -Xss1m -XX:+UseG1GC -Dquarkus.http.host=0.0.0.0 -Djava.util.logging.manager=org.jboss.logmanager.LogManager -jar /deployments/quarkus-run.jar"
      }
    ]
  },
  {
    "timestamp": "2025-08-17T17:41:57.367920956+02:00",
    "processes": [
      {
        "pid": "49464",
        "rss": "1310032",
        "args": "java -Xmx2g -Xss1m -XX:+UseG1GC -Dquarkus.http.host=0.0.0.0 -Djava.util.logging.manager=org.jboss.logmanager.LogManager -jar /deployments/quarkus-run.jar"
      }
    ]
  },
  {
    "timestamp": "2025-08-17T17:41:58.35460195+02:00",
    "processes": [
      {
        "pid": "49464",
        "rss": "536712",
        "args": "java -Xmx2g -Xss1m -XX:+UseG1GC -Dquarkus.http.host=0.0.0.0 -Djava.util.logging.manager=org.jboss.logmanager.LogManager -jar /deployments/quarkus-run.jar"
      }
    ]
  },
  {
    "timestamp": "2025-08-17T17:41:59.349621125+02:00",
    "processes": [
      {
        "pid": "49464",
        "rss": "576468",
        "args": "java -Xmx2g -Xss1m -XX:+UseG1GC -Dquarkus.http.host=0.0.0.0 -Djava.util.logging.manager=org.jboss.logmanager.LogManager -jar /deployments/quarkus-run.jar"
      }
    ]
  },
  {
    "timestamp": "2025-08-17T17:42:00.354583762+02:00",
    "processes": [
      {
        "pid": "49464",
        "rss": "509256",
        "args": "java -Xmx2g -Xss1m -XX:+UseG1GC -Dquarkus.http.host=0.0.0.0 -Djava.util.logging.manager=org.jboss.logmanager.LogManager -jar /deployments/quarkus-run.jar"
      }
    ]
  },
  {
    "timestamp": "2025-08-17T17:42:01.355989211+02:00",
    "processes": [
      {
        "pid": "49464",
        "rss": "555216",
        "args": "java -Xmx2g -Xss1m -XX:+UseG1GC -Dquarkus.http.host=0.0.0.0 -Djava.util.logging.manager=org.jboss.logmanager.LogManager -jar /deployments/quarkus-run.jar"
      }
    ]
  },
  {
    "timestamp": "2025-08-17T17:42:02.359863002+02:00",
    "processes": [
      {
        "pid": "49464",
        "rss": "905552",
        "args": "java -Xmx2g -Xss1m -XX:+UseG1GC -Dquarkus.http.host=0.0.0.0 -Djava.util.logging.manager=org.jboss.logmanager.LogManager -jar /deployments/quarkus-run.jar"
      }
    ]
  },
  {
    "timestamp": "2025-08-17T17:42:03.353272845+02:00",
    "processes": [
      {
        "pid": "49464",
        "rss": "934864",
        "args": "java -Xmx2g -Xss1m -XX:+UseG1GC -Dquarkus.http.host=0.0.0.0 -Djava.util.logging.manager=org.jboss.logmanager.LogManager -jar /deployments/quarkus-run.jar"
      }
    ]
  },
  {
    "timestamp": "2025-08-17T17:42:04.353981973+02:00",
    "processes": [
      {
        "pid": "49464",
        "rss": "1336076",
        "args": "java -Xmx2g -Xss1m -XX:+UseG1GC -Dquarkus.http.host=0.0.0.0 -Djava.util.logging.manager=org.jboss.logmanager.LogManager -jar /deployments/quarkus-run.jar"
      }
    ]
  },
  {
    "timestamp": "2025-08-17T17:42:05.352546111+02:00",
    "processes": [
      {
        "pid": "49464",
        "rss": "1353960",
        "args": "java -Xmx2g -Xss1m -XX:+UseG1GC -Dquarkus.http.host=0.0.0.0 -Djava.util.logging.manager=org.jboss.logmanager.LogManager -jar /deployments/quarkus-run.jar"
      }
    ]
  },
  {
    "timestamp": "2025-08-17T17:42:06.348355502+02:00",
    "processes": [
      {
        "pid": "49464",
        "rss": "1367144",
        "args": "java -Xmx2g -Xss1m -XX:+UseG1GC -Dquarkus.http.host=0.0.0.0 -Djava.util.logging.manager=org.jboss.logmanager.LogManager -jar /deployments/quarkus-run.jar"
      }
    ]
  },
  {
    "timestamp": "2025-08-17T17:42:07.35018401+02:00",
    "processes": [
      {
        "pid": "49464",
        "rss": "771908",
        "args": "java -Xmx2g -Xss1m -XX:+UseG1GC -Dquarkus.http.host=0.0.0.0 -Djava.util.logging.manager=org.jboss.logmanager.LogManager -jar /deployments/quarkus-run.jar"
      }
    ]
  },
  {
    "timestamp": "2025-08-17T17:42:08.346048637+02:00",
    "processes": [
      {
        "pid": "49464",
        "rss": "909216",
        "args": "java -Xmx2g -Xss1m -XX:+UseG1GC -Dquarkus.http.host=0.0.0.0 -Djava.util.logging.manager=org.jboss.logmanager.LogManager -jar /deployments/quarkus-run.jar"
      }
    ]
  },
  {
    "timestamp": "2025-08-17T17:42:09.355650566+02:00",
    "processes": [
      {
        "pid": "49464",
        "rss": "1053296",
        "args": "java -Xmx2g -Xss1m -XX:+UseG1GC -Dquarkus.http.host=0.0.0.0 -Djava.util.logging.manager=org.jboss.logmanager.LogManager -jar /deployments/quarkus-run.jar"
      }
    ]
  },
  {
    "timestamp": "2025-08-17T17:42:10.358213123+02:00",
    "processes": [
      {
        "pid": "49464",
        "rss": "1067632",
        "args": "java -Xmx2g -Xss1m -XX:+UseG1GC -Dquarkus.http.host=0.0.0.0 -Djava.util.logging.manager=org.jboss.logmanager.LogManager -jar /deployments/quarkus-run.jar"
      }
    ]
  },
  {
    "timestamp": "2025-08-17T17:42:11.351556949+02:00",
    "processes": [
      {
        "pid": "49464",
        "rss": "1299512",
        "args": "java -Xmx2g -Xss1m -XX:+UseG1GC -Dquarkus.http.host=0.0.0.0 -Djava.util.logging.manager=org.jboss.logmanager.LogManager -jar /deployments/quarkus-run.jar"
      }
    ]
  },
  {
    "timestamp": "2025-08-17T17:42:12.35712362+02:00",
    "processes": [
      {
        "pid": "49464",
        "rss": "1307572",
        "args": "java -Xmx2g -Xss1m -XX:+UseG1GC -Dquarkus.http.host=0.0.0.0 -Djava.util.logging.manager=org.jboss.logmanager.LogManager -jar /deployments/quarkus-run.jar"
      }
    ]
  },
  {
    "timestamp": "2025-08-17T17:42:13.356460349+02:00",
    "processes": [
      {
        "pid": "49464",
        "rss": "1328948",
        "args": "java -Xmx2g -Xss1m -XX:+UseG1GC -Dquarkus.http.host=0.0.0.0 -Djava.util.logging.manager=org.jboss.logmanager.LogManager -jar /deployments/quarkus-run.jar"
      }
    ]
  },
  {
    "timestamp": "2025-08-17T17:42:14.387101237+02:00",
    "processes": [
      {
        "pid": "49464",
        "rss": "1345972",
        "args": "java -Xmx2g -Xss1m -XX:+UseG1GC -Dquarkus.http.host=0.0.0.0 -Djava.util.logging.manager=org.jboss.logmanager.LogManager -jar /deployments/quarkus-run.jar"
      }
    ]
  }
]
