[
  {
    "timestamp": "2025-08-17T16:47:20.45523335+02:00",
    "processes": [
      {
        "pid": "11116",
        "rss": "224704",
        "args": "java -Xmx2g -Xss1m -XX:+UseShenandoahGC -Dquarkus.http.host=0.0.0.0 -Djava.util.logging.manager=org.jboss.logmanager.LogManager -jar /deployments/quarkus-run.jar"
      }
    ]
  },
  {
    "timestamp": "2025-08-17T16:47:21.417828737+02:00",
    "processes": [
      {
        "pid": "11116",
        "rss": "424696",
        "args": "java -Xmx2g -Xss1m -XX:+UseShenandoahGC -Dquarkus.http.host=0.0.0.0 -Djava.util.logging.manager=org.jboss.logmanager.LogManager -jar /deployments/quarkus-run.jar"
      }
    ]
  },
  {
    "timestamp": "2025-08-17T16:47:22.53693981+02:00",
    "processes": [
      {
        "pid": "11116",
        "rss": "675704",
        "args": "java -Xmx2g -Xss1m -XX:+UseShenandoahGC -Dquarkus.http.host=0.0.0.0 -Djava.util.logging.manager=org.jboss.logmanager.LogManager -jar /deployments/quarkus-run.jar"
      }
    ]
  },
  {
    "timestamp": "2025-08-17T16:47:23.396108145+02:00",
    "processes": [
      {
        "pid": "11116",
        "rss": "930172",
        "args": "java -Xmx2g -Xss1m -XX:+UseShenandoahGC -Dquarkus.http.host=0.0.0.0 -Djava.util.logging.manager=org.jboss.logmanager.LogManager -jar /deployments/quarkus-run.jar"
      }
    ]
  },
  {
    "timestamp": "2025-08-17T16:47:24.384285131+02:00",
    "processes": [
      {
        "pid": "11116",
        "rss": "1245052",
        "args": "java -Xmx2g -Xss1m -XX:+UseShenandoahGC -Dquarkus.http.host=0.0.0.0 -Djava.util.logging.manager=org.jboss.logmanager.LogManager -jar /deployments/quarkus-run.jar"
      }
    ]
  },
  {
    "timestamp": "2025-08-17T16:47:25.390866967+02:00",
    "processes": [
      {
        "pid": "11116",
        "rss": "1492860",
        "args": "java -Xmx2g -Xss1m -XX:+UseShenandoahGC -Dquarkus.http.host=0.0.0.0 -Djava.util.logging.manager=org.jboss.logmanager.LogManager -jar /deployments/quarkus-run.jar"
      }
    ]
  },
  {
    "timestamp": "2025-08-17T16:47:26.396909402+02:00",
    "processes": [
      {
        "pid": "11116",
        "rss": "1691388",
        "args": "java -Xmx2g -Xss1m -XX:+UseShenandoahGC -Dquarkus.http.host=0.0.0.0 -Djava.util.logging.manager=org.jboss.logmanager.LogManager -jar /deployments/quarkus-run.jar"
      }
    ]
  },
  {
    "timestamp": "2025-08-17T16:47:27.399178197+02:00",
    "processes": [
      {
        "pid": "11116",
        "rss": "1803848",
        "args": "java -Xmx2g -Xss1m -XX:+UseShenandoahGC -Dquarkus.http.host=0.0.0.0 -Djava.util.logging.manager=org.jboss.logmanager.LogManager -jar /deployments/quarkus-run.jar"
      }
    ]
  },
  {
    "timestamp": "2025-08-17T16:47:28.388301595+02:00",
    "processes": [
      {
        "pid": "11116",
        "rss": "2124244",
        "args": "java -Xmx2g -Xss1m -XX:+UseShenandoahGC -Dquarkus.http.host=0.0.0.0 -Djava.util.logging.manager=org.jboss.logmanager.LogManager -jar /deployments/quarkus-run.jar"
      }
    ]
  },
  {
    "timestamp": "2025-08-17T16:47:29.391178711+02:00",
    "processes": [
      {
        "pid": "11116",
        "rss": "2179156",
        "args": "java -Xmx2g -Xss1m -XX:+UseShenandoahGC -Dquarkus.http.host=0.0.0.0 -Djava.util.logging.manager=org.jboss.logmanager.LogManager -jar /deployments/quarkus-run.jar"
      }
    ]
  },
  {
    "timestamp": "2025-08-17T16:47:30.393698671+02:00",
    "processes": [
      {
        "pid": "11116",
        "rss": "2207444",
        "args": "java -Xmx2g -Xss1m -XX:+UseShenandoahGC -Dquarkus.http.host=0.0.0.0 -Djava.util.logging.manager=org.jboss.logmanager.LogManager -jar /deployments/quarkus-run.jar"
      }
    ]
  },
  {
    "timestamp": "2025-08-17T16:47:31.388420764+02:00",
    "processes": [
      {
        "pid": "11116",
        "rss": "2280148",
        "args": "java -Xmx2g -Xss1m -XX:+UseShenandoahGC -Dquarkus.http.host=0.0.0.0 -Djava.util.logging.manager=org.jboss.logmanager.LogManager -jar /deployments/quarkus-run.jar"
      }
    ]
  },
  {
    "timestamp": "2025-08-17T16:47:32.386078008+02:00",
    "processes": [
      {
        "pid": "11116",
        "rss": "2315732",
        "args": "java -Xmx2g -Xss1m -XX:+UseShenandoahGC -Dquarkus.http.host=0.0.0.0 -Djava.util.logging.manager=org.jboss.logmanager.LogManager -jar /deployments/quarkus-run.jar"
      }
    ]
  },
  {
    "timestamp": "2025-08-17T16:47:33.389804278+02:00",
    "processes": [
      {
        "pid": "11116",
        "rss": "2319956",
        "args": "java -Xmx2g -Xss1m -XX:+UseShenandoahGC -Dquarkus.http.host=0.0.0.0 -Djava.util.logging.manager=org.jboss.logmanager.LogManager -jar /deployments/quarkus-run.jar"
      }
    ]
  },
  {
    "timestamp": "2025-08-17T16:47:34.388120512+02:00",
    "processes": [
      {
        "pid": "11116",
        "rss": "2329044",
        "args": "java -Xmx2g -Xss1m -XX:+UseShenandoahGC -Dquarkus.http.host=0.0.0.0 -Djava.util.logging.manager=org.jboss.logmanager.LogManager -jar /deployments/quarkus-run.jar"
      }
    ]
  },
  {
    "timestamp": "2025-08-17T16:47:35.398253544+02:00",
    "processes": [
      {
        "pid": "11116",
        "rss": "2344916",
        "args": "java -Xmx2g -Xss1m -XX:+UseShenandoahGC -Dquarkus.http.host=0.0.0.0 -Djava.util.logging.manager=org.jboss.logmanager.LogManager -jar /deployments/quarkus-run.jar"
      }
    ]
  },
  {
    "timestamp": "2025-08-17T16:47:36.413957719+02:00",
    "processes": [
      {
        "pid": "11116",
        "rss": "2350036",
        "args": "java -Xmx2g -Xss1m -XX:+UseShenandoahGC -Dquarkus.http.host=0.0.0.0 -Djava.util.logging.manager=org.jboss.logmanager.LogManager -jar /deployments/quarkus-run.jar"
      }
    ]
  },
  {
    "timestamp": "2025-08-17T16:47:37.398557788+02:00",
    "processes": [
      {
        "pid": "11116",
        "rss": "2354004",
        "args": "java -Xmx2g -Xss1m -XX:+UseShenandoahGC -Dquarkus.http.host=0.0.0.0 -Djava.util.logging.manager=org.jboss.logmanager.LogManager -jar /deployments/quarkus-run.jar"
      }
    ]
  },
  {
    "timestamp": "2025-08-17T16:47:38.384522877+02:00",
    "processes": [
      {
        "pid": "11116",
        "rss": "2373460",
        "args": "java -Xmx2g -Xss1m -XX:+UseShenandoahGC -Dquarkus.http.host=0.0.0.0 -Djava.util.logging.manager=org.jboss.logmanager.LogManager -jar /deployments/quarkus-run.jar"
      }
    ]
  },
  {
    "timestamp": "2025-08-17T16:47:39.398526908+02:00",
    "processes": [
      {
        "pid": "11116",
        "rss": "2381396",
        "args": "java -Xmx2g -Xss1m -XX:+UseShenandoahGC -Dquarkus.http.host=0.0.0.0 -Djava.util.logging.manager=org.jboss.logmanager.LogManager -jar /deployments/quarkus-run.jar"
      }
    ]
  },
  {
    "timestamp": "2025-08-17T16:47:40.39151981+02:00",
    "processes": [
      {
        "pid": "11116",
        "rss": "2382804",
        "args": "java -Xmx2g -Xss1m -XX:+UseShenandoahGC -Dquarkus.http.host=0.0.0.0 -Djava.util.logging.manager=org.jboss.logmanager.LogManager -jar /deployments/quarkus-run.jar"
      }
    ]
  },
  {
    "timestamp": "2025-08-17T16:47:41.394021896+02:00",
    "processes": [
      {
        "pid": "11116",
        "rss": "2386132",
        "args": "java -Xmx2g -Xss1m -XX:+UseShenandoahGC -Dquarkus.http.host=0.0.0.0 -Djava.util.logging.manager=org.jboss.logmanager.LogManager -jar /deployments/quarkus-run.jar"
      }
    ]
  },
  {
    "timestamp": "2025-08-17T16:47:42.387422044+02:00",
    "processes": [
      {
        "pid": "11116",
        "rss": "2387156",
        "args": "java -Xmx2g -Xss1m -XX:+UseShenandoahGC -Dquarkus.http.host=0.0.0.0 -Djava.util.logging.manager=org.jboss.logmanager.LogManager -jar /deployments/quarkus-run.jar"
      }
    ]
  },
  {
    "timestamp": "2025-08-17T16:47:43.392504829+02:00",
    "processes": [
      {
        "pid": "11116",
        "rss": "2371944",
        "args": "java -Xmx2g -Xss1m -XX:+UseShenandoahGC -Dquarkus.http.host=0.0.0.0 -Djava.util.logging.manager=org.jboss.logmanager.LogManager -jar /deployments/quarkus-run.jar"
      }
    ]
  },
  {
    "timestamp": "2025-08-17T16:47:44.404148346+02:00",
    "processes": [
      {
        "pid": "11116",
        "rss": "2371944",
        "args": "java -Xmx2g -Xss1m -XX:+UseShenandoahGC -Dquarkus.http.host=0.0.0.0 -Djava.util.logging.manager=org.jboss.logmanager.LogManager -jar /deployments/quarkus-run.jar"
      }
    ]
  },
  {
    "timestamp": "2025-08-17T16:47:45.387733442+02:00",
    "processes": [
      {
        "pid": "11116",
        "rss": "2372456",
        "args": "java -Xmx2g -Xss1m -XX:+UseShenandoahGC -Dquarkus.http.host=0.0.0.0 -Djava.util.logging.manager=org.jboss.logmanager.LogManager -jar /deployments/quarkus-run.jar"
      }
    ]
  },
  {
    "timestamp": "2025-08-17T16:47:46.404052864+02:00",
    "processes": [
      {
        "pid": "11116",
        "rss": "2372712",
        "args": "java -Xmx2g -Xss1m -XX:+UseShenandoahGC -Dquarkus.http.host=0.0.0.0 -Djava.util.logging.manager=org.jboss.logmanager.LogManager -jar /deployments/quarkus-run.jar"
      }
    ]
  },
  {
    "timestamp": "2025-08-17T16:47:47.400098332+02:00",
    "processes": [
      {
        "pid": "11116",
        "rss": "2372712",
        "args": "java -Xmx2g -Xss1m -XX:+UseShenandoahGC -Dquarkus.http.host=0.0.0.0 -Djava.util.logging.manager=org.jboss.logmanager.LogManager -jar /deployments/quarkus-run.jar"
      }
    ]
  },
  {
    "timestamp": "2025-08-17T16:47:48.392930717+02:00",
    "processes": [
      {
        "pid": "11116",
        "rss": "2376552",
        "args": "java -Xmx2g -Xss1m -XX:+UseShenandoahGC -Dquarkus.http.host=0.0.0.0 -Djava.util.logging.manager=org.jboss.logmanager.LogManager -jar /deployments/quarkus-run.jar"
      }
    ]
  },
  {
    "timestamp": "2025-08-17T16:47:49.386123353+02:00",
    "processes": [
      {
        "pid": "11116",
        "rss": "2376944",
        "args": "java -Xmx2g -Xss1m -XX:+UseShenandoahGC -Dquarkus.http.host=0.0.0.0 -Djava.util.logging.manager=org.jboss.logmanager.LogManager -jar /deployments/quarkus-run.jar"
      }
    ]
  },
  {
    "timestamp": "2025-08-17T16:47:50.395893475+02:00",
    "processes": [
      {
        "pid": "11116",
        "rss": "2379632",
        "args": "java -Xmx2g -Xss1m -XX:+UseShenandoahGC -Dquarkus.http.host=0.0.0.0 -Djava.util.logging.manager=org.jboss.logmanager.LogManager -jar /deployments/quarkus-run.jar"
      }
    ]
  }
]
