[
  {
    "timestamp": "2025-08-17T17:14:50.114825283+02:00",
    "processes": [
      {
        "pid": "29216",
        "rss": "220468",
        "args": "./spring-petclinic -H:MaxHeapSize=512m -H:StackSize=1m"
      }
    ]
  },
  {
    "timestamp": "2025-08-17T17:14:51.099537373+02:00",
    "processes": [
      {
        "pid": "29216",
        "rss": "256760",
        "args": "./spring-petclinic -H:MaxHeapSize=512m -H:StackSize=1m"
      }
    ]
  },
  {
    "timestamp": "2025-08-17T17:14:52.081560439+02:00",
    "processes": [
      {
        "pid": "29216",
        "rss": "263800",
        "args": "./spring-petclinic -H:MaxHeapSize=512m -H:StackSize=1m"
      }
    ]
  },
  {
    "timestamp": "2025-08-17T17:14:53.06952586+02:00",
    "processes": [
      {
        "pid": "29216",
        "rss": "259620",
        "args": "./spring-petclinic -H:MaxHeapSize=512m -H:StackSize=1m"
      }
    ]
  },
  {
    "timestamp": "2025-08-17T17:14:54.077104556+02:00",
    "processes": [
      {
        "pid": "29216",
        "rss": "303624",
        "args": "./spring-petclinic -H:MaxHeapSize=512m -H:StackSize=1m"
      }
    ]
  },
  {
    "timestamp": "2025-08-17T17:14:55.087094393+02:00",
    "processes": [
      {
        "pid": "29216",
        "rss": "321964",
        "args": "./spring-petclinic -H:MaxHeapSize=512m -H:StackSize=1m"
      }
    ]
  },
  {
    "timestamp": "2025-08-17T17:14:56.079053074+02:00",
    "processes": [
      {
        "pid": "29216",
        "rss": "327528",
        "args": "./spring-petclinic -H:MaxHeapSize=512m -H:StackSize=1m"
      }
    ]
  },
  {
    "timestamp": "2025-08-17T17:14:57.074872381+02:00",
    "processes": [
      {
        "pid": "29216",
        "rss": "314732",
        "args": "./spring-petclinic -H:MaxHeapSize=512m -H:StackSize=1m"
      }
    ]
  },
  {
    "timestamp": "2025-08-17T17:14:58.093149829+02:00",
    "processes": [
      {
        "pid": "29216",
        "rss": "311164",
        "args": "./spring-petclinic -H:MaxHeapSize=512m -H:StackSize=1m"
      }
    ]
  },
  {
    "timestamp": "2025-08-17T17:14:59.083351147+02:00",
    "processes": [
      {
        "pid": "29216",
        "rss": "319620",
        "args": "./spring-petclinic -H:MaxHeapSize=512m -H:StackSize=1m"
      }
    ]
  },
  {
    "timestamp": "2025-08-17T17:15:00.071755583+02:00",
    "processes": [
      {
        "pid": "29216",
        "rss": "310412",
        "args": "./spring-petclinic -H:MaxHeapSize=512m -H:StackSize=1m"
      }
    ]
  },
  {
    "timestamp": "2025-08-17T17:15:01.079918085+02:00",
    "processes": [
      {
        "pid": "29216",
        "rss": "320848",
        "args": "./spring-petclinic -H:MaxHeapSize=512m -H:StackSize=1m"
      }
    ]
  },
  {
    "timestamp": "2025-08-17T17:15:02.086969969+02:00",
    "processes": [
      {
        "pid": "29216",
        "rss": "315376",
        "args": "./spring-petclinic -H:MaxHeapSize=512m -H:StackSize=1m"
      }
    ]
  },
  {
    "timestamp": "2025-08-17T17:15:03.099914848+02:00",
    "processes": [
      {
        "pid": "29216",
        "rss": "298808",
        "args": "./spring-petclinic -H:MaxHeapSize=512m -H:StackSize=1m"
      }
    ]
  },
  {
    "timestamp": "2025-08-17T17:15:04.100682105+02:00",
    "processes": [
      {
        "pid": "29216",
        "rss": "312164",
        "args": "./spring-petclinic -H:MaxHeapSize=512m -H:StackSize=1m"
      }
    ]
  },
  {
    "timestamp": "2025-08-17T17:15:05.103560408+02:00",
    "processes": [
      {
        "pid": "29216",
        "rss": "303684",
        "args": "./spring-petclinic -H:MaxHeapSize=512m -H:StackSize=1m"
      }
    ]
  },
  {
    "timestamp": "2025-08-17T17:15:06.081780418+02:00",
    "processes": [
      {
        "pid": "29216",
        "rss": "298916",
        "args": "./spring-petclinic -H:MaxHeapSize=512m -H:StackSize=1m"
      }
    ]
  },
  {
    "timestamp": "2025-08-17T17:15:07.116709241+02:00",
    "processes": [
      {
        "pid": "29216",
        "rss": "307528",
        "args": "./spring-petclinic -H:MaxHeapSize=512m -H:StackSize=1m"
      }
    ]
  },
  {
    "timestamp": "2025-08-17T17:15:08.086830906+02:00",
    "processes": [
      {
        "pid": "29216",
        "rss": "296180",
        "args": "./spring-petclinic -H:MaxHeapSize=512m -H:StackSize=1m"
      }
    ]
  },
  {
    "timestamp": "2025-08-17T17:15:09.075176171+02:00",
    "processes": [
      {
        "pid": "29216",
        "rss": "287944",
        "args": "./spring-petclinic -H:MaxHeapSize=512m -H:StackSize=1m"
      }
    ]
  },
  {
    "timestamp": "2025-08-17T17:15:10.084014752+02:00",
    "processes": [
      {
        "pid": "29216",
        "rss": "308844",
        "args": "./spring-petclinic -H:MaxHeapSize=512m -H:StackSize=1m"
      }
    ]
  },
  {
    "timestamp": "2025-08-17T17:15:11.065672923+02:00",
    "processes": [
      {
        "pid": "29216",
        "rss": "324612",
        "args": "./spring-petclinic -H:MaxHeapSize=512m -H:StackSize=1m"
      }
    ]
  },
  {
    "timestamp": "2025-08-17T17:15:12.086611045+02:00",
    "processes": [
      {
        "pid": "29216",
        "rss": "292304",
        "args": "./spring-petclinic -H:MaxHeapSize=512m -H:StackSize=1m"
      }
    ]
  },
  {
    "timestamp": "2025-08-17T17:15:13.080331482+02:00",
    "processes": [
      {
        "pid": "29216",
        "rss": "285068",
        "args": "./spring-petclinic -H:MaxHeapSize=512m -H:StackSize=1m"
      }
    ]
  },
  {
    "timestamp": "2025-08-17T17:15:14.079678582+02:00",
    "processes": [
      {
        "pid": "29216",
        "rss": "283796",
        "args": "./spring-petclinic -H:MaxHeapSize=512m -H:StackSize=1m"
      }
    ]
  },
  {
    "timestamp": "2025-08-17T17:15:15.066085816+02:00",
    "processes": [
      {
        "pid": "29216",
        "rss": "297880",
        "args": "./spring-petclinic -H:MaxHeapSize=512m -H:StackSize=1m"
      }
    ]
  },
  {
    "timestamp": "2025-08-17T17:15:16.075162921+02:00",
    "processes": [
      {
        "pid": "29216",
        "rss": "300580",
        "args": "./spring-petclinic -H:MaxHeapSize=512m -H:StackSize=1m"
      }
    ]
  },
  {
    "timestamp": "2025-08-17T17:15:17.075392409+02:00",
    "processes": [
      {
        "pid": "29216",
        "rss": "273296",
        "args": "./spring-petclinic -H:MaxHeapSize=512m -H:StackSize=1m"
      }
    ]
  },
  {
    "timestamp": "2025-08-17T17:15:18.072676704+02:00",
    "processes": [
      {
        "pid": "29216",
        "rss": "269404",
        "args": "./spring-petclinic -H:MaxHeapSize=512m -H:StackSize=1m"
      }
    ]
  },
  {
    "timestamp": "2025-08-17T17:15:19.071094216+02:00",
    "processes": [
      {
        "pid": "29216",
        "rss": "321740",
        "args": "./spring-petclinic -H:MaxHeapSize=512m -H:StackSize=1m"
      }
    ]
  },
  {
    "timestamp": "2025-08-17T17:15:20.072764795+02:00",
    "processes": [
      {
        "pid": "29216",
        "rss": "357452",
        "args": "./spring-petclinic -H:MaxHeapSize=512m -H:StackSize=1m"
      }
    ]
  },
  {
    "timestamp": "2025-08-17T17:15:21.068498157+02:00",
    "processes": [
      {
        "pid": "29216",
        "rss": "328380",
        "args": "./spring-petclinic -H:MaxHeapSize=512m -H:StackSize=1m"
      }
    ]
  },
  {
    "timestamp": "2025-08-17T17:15:22.066604603+02:00",
    "processes": [
      {
        "pid": "29216",
        "rss": "328380",
        "args": "./spring-petclinic -H:MaxHeapSize=512m -H:StackSize=1m"
      }
    ]
  },
  {
    "timestamp": "2025-08-17T17:15:23.084472483+02:00",
    "processes": [
      {
        "pid": "29216",
        "rss": "342504",
        "args": "./spring-petclinic -H:MaxHeapSize=512m -H:StackSize=1m"
      }
    ]
  },
  {
    "timestamp": "2025-08-17T17:15:24.078579563+02:00",
    "processes": [
      {
        "pid": "29216",
        "rss": "352872",
        "args": "./spring-petclinic -H:MaxHeapSize=512m -H:StackSize=1m"
      }
    ]
  },
  {
    "timestamp": "2025-08-17T17:15:25.079853948+02:00",
    "processes": [
      {
        "pid": "29216",
        "rss": "353640",
        "args": "./spring-petclinic -H:MaxHeapSize=512m -H:StackSize=1m"
      }
    ]
  },
  {
    "timestamp": "2025-08-17T17:15:26.082543606+02:00",
    "processes": [
      {
        "pid": "29216",
        "rss": "353640",
        "args": "./spring-petclinic -H:MaxHeapSize=512m -H:StackSize=1m"
      }
    ]
  },
  {
    "timestamp": "2025-08-17T17:15:27.079033857+02:00",
    "processes": [
      {
        "pid": "29216",
        "rss": "353768",
        "args": "./spring-petclinic -H:MaxHeapSize=512m -H:StackSize=1m"
      }
    ]
  }
]
