[
  {
    "timestamp": "2025-08-17T16:52:22.006990967+02:00",
    "processes": [
      {
        "pid": "14843",
        "rss": "235724",
        "args": "./spring-petclinic -H:MaxHeapSize=512m -H:StackSize=1m"
      }
    ]
  },
  {
    "timestamp": "2025-08-17T16:52:23.022633459+02:00",
    "processes": [
      {
        "pid": "14843",
        "rss": "268048",
        "args": "./spring-petclinic -H:MaxHeapSize=512m -H:StackSize=1m"
      }
    ]
  },
  {
    "timestamp": "2025-08-17T16:52:24.011885485+02:00",
    "processes": [
      {
        "pid": "14843",
        "rss": "256580",
        "args": "./spring-petclinic -H:MaxHeapSize=512m -H:StackSize=1m"
      }
    ]
  },
  {
    "timestamp": "2025-08-17T16:52:25.010771893+02:00",
    "processes": [
      {
        "pid": "14843",
        "rss": "254568",
        "args": "./spring-petclinic -H:MaxHeapSize=512m -H:StackSize=1m"
      }
    ]
  },
  {
    "timestamp": "2025-08-17T16:52:26.006774052+02:00",
    "processes": [
      {
        "pid": "14843",
        "rss": "240976",
        "args": "./spring-petclinic -H:MaxHeapSize=512m -H:StackSize=1m"
      }
    ]
  },
  {
    "timestamp": "2025-08-17T16:52:27.005944185+02:00",
    "processes": [
      {
        "pid": "14843",
        "rss": "278756",
        "args": "./spring-petclinic -H:MaxHeapSize=512m -H:StackSize=1m"
      }
    ]
  },
  {
    "timestamp": "2025-08-17T16:52:28.028529359+02:00",
    "processes": [
      {
        "pid": "14843",
        "rss": "300256",
        "args": "./spring-petclinic -H:MaxHeapSize=512m -H:StackSize=1m"
      }
    ]
  },
  {
    "timestamp": "2025-08-17T16:52:29.008492887+02:00",
    "processes": [
      {
        "pid": "14843",
        "rss": "286596",
        "args": "./spring-petclinic -H:MaxHeapSize=512m -H:StackSize=1m"
      }
    ]
  },
  {
    "timestamp": "2025-08-17T16:52:30.009860091+02:00",
    "processes": [
      {
        "pid": "14843",
        "rss": "280616",
        "args": "./spring-petclinic -H:MaxHeapSize=512m -H:StackSize=1m"
      }
    ]
  },
  {
    "timestamp": "2025-08-17T16:52:31.020535324+02:00",
    "processes": [
      {
        "pid": "14843",
        "rss": "292380",
        "args": "./spring-petclinic -H:MaxHeapSize=512m -H:StackSize=1m"
      }
    ]
  },
  {
    "timestamp": "2025-08-17T16:52:32.00635774+02:00",
    "processes": [
      {
        "pid": "14843",
        "rss": "289412",
        "args": "./spring-petclinic -H:MaxHeapSize=512m -H:StackSize=1m"
      }
    ]
  },
  {
    "timestamp": "2025-08-17T16:52:33.013184889+02:00",
    "processes": [
      {
        "pid": "14843",
        "rss": "291204",
        "args": "./spring-petclinic -H:MaxHeapSize=512m -H:StackSize=1m"
      }
    ]
  },
  {
    "timestamp": "2025-08-17T16:52:34.006661724+02:00",
    "processes": [
      {
        "pid": "14843",
        "rss": "301812",
        "args": "./spring-petclinic -H:MaxHeapSize=512m -H:StackSize=1m"
      }
    ]
  },
  {
    "timestamp": "2025-08-17T16:52:35.014191236+02:00",
    "processes": [
      {
        "pid": "14843",
        "rss": "306608",
        "args": "./spring-petclinic -H:MaxHeapSize=512m -H:StackSize=1m"
      }
    ]
  },
  {
    "timestamp": "2025-08-17T16:52:36.003250992+02:00",
    "processes": [
      {
        "pid": "14843",
        "rss": "305264",
        "args": "./spring-petclinic -H:MaxHeapSize=512m -H:StackSize=1m"
      }
    ]
  },
  {
    "timestamp": "2025-08-17T16:52:36.998357478+02:00",
    "processes": [
      {
        "pid": "14843",
        "rss": "335488",
        "args": "./spring-petclinic -H:MaxHeapSize=512m -H:StackSize=1m"
      }
    ]
  },
  {
    "timestamp": "2025-08-17T16:52:38.013928256+02:00",
    "processes": [
      {
        "pid": "14843",
        "rss": "321832",
        "args": "./spring-petclinic -H:MaxHeapSize=512m -H:StackSize=1m"
      }
    ]
  },
  {
    "timestamp": "2025-08-17T16:52:39.001920535+02:00",
    "processes": [
      {
        "pid": "14843",
        "rss": "307020",
        "args": "./spring-petclinic -H:MaxHeapSize=512m -H:StackSize=1m"
      }
    ]
  },
  {
    "timestamp": "2025-08-17T16:52:40.023149033+02:00",
    "processes": [
      {
        "pid": "14843",
        "rss": "265580",
        "args": "./spring-petclinic -H:MaxHeapSize=512m -H:StackSize=1m"
      }
    ]
  },
  {
    "timestamp": "2025-08-17T16:52:41.01200943+02:00",
    "processes": [
      {
        "pid": "14843",
        "rss": "256336",
        "args": "./spring-petclinic -H:MaxHeapSize=512m -H:StackSize=1m"
      }
    ]
  },
  {
    "timestamp": "2025-08-17T16:52:42.015275682+02:00",
    "processes": [
      {
        "pid": "14843",
        "rss": "303792",
        "args": "./spring-petclinic -H:MaxHeapSize=512m -H:StackSize=1m"
      }
    ]
  },
  {
    "timestamp": "2025-08-17T16:52:43.00473371+02:00",
    "processes": [
      {
        "pid": "14843",
        "rss": "328488",
        "args": "./spring-petclinic -H:MaxHeapSize=512m -H:StackSize=1m"
      }
    ]
  },
  {
    "timestamp": "2025-08-17T16:52:44.011326391+02:00",
    "processes": [
      {
        "pid": "14843",
        "rss": "321408",
        "args": "./spring-petclinic -H:MaxHeapSize=512m -H:StackSize=1m"
      }
    ]
  },
  {
    "timestamp": "2025-08-17T16:52:45.029668894+02:00",
    "processes": [
      {
        "pid": "14843",
        "rss": "312636",
        "args": "./spring-petclinic -H:MaxHeapSize=512m -H:StackSize=1m"
      }
    ]
  },
  {
    "timestamp": "2025-08-17T16:52:46.009653908+02:00",
    "processes": [
      {
        "pid": "14843",
        "rss": "301112",
        "args": "./spring-petclinic -H:MaxHeapSize=512m -H:StackSize=1m"
      }
    ]
  },
  {
    "timestamp": "2025-08-17T16:52:47.023717666+02:00",
    "processes": [
      {
        "pid": "14843",
        "rss": "289072",
        "args": "./spring-petclinic -H:MaxHeapSize=512m -H:StackSize=1m"
      }
    ]
  },
  {
    "timestamp": "2025-08-17T16:52:48.01615417+02:00",
    "processes": [
      {
        "pid": "14843",
        "rss": "297412",
        "args": "./spring-petclinic -H:MaxHeapSize=512m -H:StackSize=1m"
      }
    ]
  },
  {
    "timestamp": "2025-08-17T16:52:49.017899668+02:00",
    "processes": [
      {
        "pid": "14843",
        "rss": "309612",
        "args": "./spring-petclinic -H:MaxHeapSize=512m -H:StackSize=1m"
      }
    ]
  },
  {
    "timestamp": "2025-08-17T16:52:49.999585711+02:00",
    "processes": [
      {
        "pid": "14843",
        "rss": "326508",
        "args": "./spring-petclinic -H:MaxHeapSize=512m -H:StackSize=1m"
      }
    ]
  },
  {
    "timestamp": "2025-08-17T16:52:51.007869042+02:00",
    "processes": [
      {
        "pid": "14843",
        "rss": "328284",
        "args": "./spring-petclinic -H:MaxHeapSize=512m -H:StackSize=1m"
      }
    ]
  },
  {
    "timestamp": "2025-08-17T16:52:52.014777214+02:00",
    "processes": [
      {
        "pid": "14843",
        "rss": "312340",
        "args": "./spring-petclinic -H:MaxHeapSize=512m -H:StackSize=1m"
      }
    ]
  },
  {
    "timestamp": "2025-08-17T16:52:53.003389727+02:00",
    "processes": [
      {
        "pid": "14843",
        "rss": "326020",
        "args": "./spring-petclinic -H:MaxHeapSize=512m -H:StackSize=1m"
      }
    ]
  },
  {
    "timestamp": "2025-08-17T16:52:54.001450999+02:00",
    "processes": [
      {
        "pid": "14843",
        "rss": "326020",
        "args": "./spring-petclinic -H:MaxHeapSize=512m -H:StackSize=1m"
      }
    ]
  },
  {
    "timestamp": "2025-08-17T16:52:55.013740185+02:00",
    "processes": [
      {
        "pid": "14843",
        "rss": "328448",
        "args": "./spring-petclinic -H:MaxHeapSize=512m -H:StackSize=1m"
      }
    ]
  },
  {
    "timestamp": "2025-08-17T16:52:56.00245801+02:00",
    "processes": [
      {
        "pid": "14843",
        "rss": "343040",
        "args": "./spring-petclinic -H:MaxHeapSize=512m -H:StackSize=1m"
      }
    ]
  },
  {
    "timestamp": "2025-08-17T16:52:57.005277426+02:00",
    "processes": [
      {
        "pid": "14843",
        "rss": "343424",
        "args": "./spring-petclinic -H:MaxHeapSize=512m -H:StackSize=1m"
      }
    ]
  },
  {
    "timestamp": "2025-08-17T16:52:58.014291732+02:00",
    "processes": [
      {
        "pid": "14843",
        "rss": "343424",
        "args": "./spring-petclinic -H:MaxHeapSize=512m -H:StackSize=1m"
      }
    ]
  },
  {
    "timestamp": "2025-08-17T16:52:59.020888611+02:00",
    "processes": [
      {
        "pid": "14843",
        "rss": "343424",
        "args": "./spring-petclinic -H:MaxHeapSize=512m -H:StackSize=1m"
      }
    ]
  }
]
