[
  {
    "timestamp": "2025-08-17T17:50:54.508289507+02:00",
    "processes": [
      {
        "pid": "56543",
        "rss": "214508",
        "args": "java -Xmx4g -Xss1m -XX:+UseShenandoahGC -jar app.jar"
      }
    ]
  },
  {
    "timestamp": "2025-08-17T17:50:55.499724884+02:00",
    "processes": [
      {
        "pid": "56543",
        "rss": "228940",
        "args": "java -Xmx4g -Xss1m -XX:+UseShenandoahGC -jar app.jar"
      }
    ]
  },
  {
    "timestamp": "2025-08-17T17:50:56.493048371+02:00",
    "processes": [
      {
        "pid": "56543",
        "rss": "235908",
        "args": "java -Xmx4g -Xss1m -XX:+UseShenandoahGC -jar app.jar"
      }
    ]
  },
  {
    "timestamp": "2025-08-17T17:50:57.487100945+02:00",
    "processes": [
      {
        "pid": "56543",
        "rss": "250296",
        "args": "java -Xmx4g -Xss1m -XX:+UseShenandoahGC -jar app.jar"
      }
    ]
  },
  {
    "timestamp": "2025-08-17T17:50:58.49994401+02:00",
    "processes": [
      {
        "pid": "56543",
        "rss": "289468",
        "args": "java -Xmx4g -Xss1m -XX:+UseShenandoahGC -jar app.jar"
      }
    ]
  },
  {
    "timestamp": "2025-08-17T17:50:59.485903539+02:00",
    "processes": [
      {
        "pid": "56543",
        "rss": "325080",
        "args": "java -Xmx4g -Xss1m -XX:+UseShenandoahGC -jar app.jar"
      }
    ]
  },
  {
    "timestamp": "2025-08-17T17:51:00.491813456+02:00",
    "processes": [
      {
        "pid": "56543",
        "rss": "383416",
        "args": "java -Xmx4g -Xss1m -XX:+UseShenandoahGC -jar app.jar"
      }
    ]
  },
  {
    "timestamp": "2025-08-17T17:51:01.482856756+02:00",
    "processes": [
      {
        "pid": "56543",
        "rss": "383944",
        "args": "java -Xmx4g -Xss1m -XX:+UseShenandoahGC -jar app.jar"
      }
    ]
  },
  {
    "timestamp": "2025-08-17T17:51:02.500540977+02:00",
    "processes": [
      {
        "pid": "56543",
        "rss": "423020",
        "args": "java -Xmx4g -Xss1m -XX:+UseShenandoahGC -jar app.jar"
      }
    ]
  },
  {
    "timestamp": "2025-08-17T17:51:03.483822768+02:00",
    "processes": [
      {
        "pid": "56543",
        "rss": "447992",
        "args": "java -Xmx4g -Xss1m -XX:+UseShenandoahGC -jar app.jar"
      }
    ]
  },
  {
    "timestamp": "2025-08-17T17:51:04.500886203+02:00",
    "processes": [
      {
        "pid": "56543",
        "rss": "475248",
        "args": "java -Xmx4g -Xss1m -XX:+UseShenandoahGC -jar app.jar"
      }
    ]
  },
  {
    "timestamp": "2025-08-17T17:51:05.504484223+02:00",
    "processes": [
      {
        "pid": "56543",
        "rss": "493472",
        "args": "java -Xmx4g -Xss1m -XX:+UseShenandoahGC -jar app.jar"
      }
    ]
  },
  {
    "timestamp": "2025-08-17T17:51:06.489352277+02:00",
    "processes": [
      {
        "pid": "56543",
        "rss": "520320",
        "args": "java -Xmx4g -Xss1m -XX:+UseShenandoahGC -jar app.jar"
      }
    ]
  },
  {
    "timestamp": "2025-08-17T17:51:07.486950028+02:00",
    "processes": [
      {
        "pid": "56543",
        "rss": "545480",
        "args": "java -Xmx4g -Xss1m -XX:+UseShenandoahGC -jar app.jar"
      }
    ]
  },
  {
    "timestamp": "2025-08-17T17:51:08.484576951+02:00",
    "processes": [
      {
        "pid": "56543",
        "rss": "562056",
        "args": "java -Xmx4g -Xss1m -XX:+UseShenandoahGC -jar app.jar"
      }
    ]
  },
  {
    "timestamp": "2025-08-17T17:51:09.482517695+02:00",
    "processes": [
      {
        "pid": "56543",
        "rss": "584676",
        "args": "java -Xmx4g -Xss1m -XX:+UseShenandoahGC -jar app.jar"
      }
    ]
  },
  {
    "timestamp": "2025-08-17T17:51:10.481206608+02:00",
    "processes": [
      {
        "pid": "56543",
        "rss": "609332",
        "args": "java -Xmx4g -Xss1m -XX:+UseShenandoahGC -jar app.jar"
      }
    ]
  },
  {
    "timestamp": "2025-08-17T17:51:11.486223176+02:00",
    "processes": [
      {
        "pid": "56543",
        "rss": "611968",
        "args": "java -Xmx4g -Xss1m -XX:+UseShenandoahGC -jar app.jar"
      }
    ]
  },
  {
    "timestamp": "2025-08-17T17:51:12.479799032+02:00",
    "processes": [
      {
        "pid": "56543",
        "rss": "632448",
        "args": "java -Xmx4g -Xss1m -XX:+UseShenandoahGC -jar app.jar"
      }
    ]
  },
  {
    "timestamp": "2025-08-17T17:51:13.481150685+02:00",
    "processes": [
      {
        "pid": "56543",
        "rss": "652928",
        "args": "java -Xmx4g -Xss1m -XX:+UseShenandoahGC -jar app.jar"
      }
    ]
  },
  {
    "timestamp": "2025-08-17T17:51:14.47749731+02:00",
    "processes": [
      {
        "pid": "56543",
        "rss": "677512",
        "args": "java -Xmx4g -Xss1m -XX:+UseShenandoahGC -jar app.jar"
      }
    ]
  },
  {
    "timestamp": "2025-08-17T17:51:15.482452988+02:00",
    "processes": [
      {
        "pid": "56543",
        "rss": "697996",
        "args": "java -Xmx4g -Xss1m -XX:+UseShenandoahGC -jar app.jar"
      }
    ]
  },
  {
    "timestamp": "2025-08-17T17:51:16.481769157+02:00",
    "processes": [
      {
        "pid": "56543",
        "rss": "718544",
        "args": "java -Xmx4g -Xss1m -XX:+UseShenandoahGC -jar app.jar"
      }
    ]
  },
  {
    "timestamp": "2025-08-17T17:51:17.481475425+02:00",
    "processes": [
      {
        "pid": "56543",
        "rss": "739128",
        "args": "java -Xmx4g -Xss1m -XX:+UseShenandoahGC -jar app.jar"
      }
    ]
  },
  {
    "timestamp": "2025-08-17T17:51:18.48155569+02:00",
    "processes": [
      {
        "pid": "56543",
        "rss": "763732",
        "args": "java -Xmx4g -Xss1m -XX:+UseShenandoahGC -jar app.jar"
      }
    ]
  },
  {
    "timestamp": "2025-08-17T17:51:19.481682632+02:00",
    "processes": [
      {
        "pid": "56543",
        "rss": "786260",
        "args": "java -Xmx4g -Xss1m -XX:+UseShenandoahGC -jar app.jar"
      }
    ]
  },
  {
    "timestamp": "2025-08-17T17:51:20.485086921+02:00",
    "processes": [
      {
        "pid": "56543",
        "rss": "806760",
        "args": "java -Xmx4g -Xss1m -XX:+UseShenandoahGC -jar app.jar"
      }
    ]
  },
  {
    "timestamp": "2025-08-17T17:51:21.482300016+02:00",
    "processes": [
      {
        "pid": "56543",
        "rss": "825200",
        "args": "java -Xmx4g -Xss1m -XX:+UseShenandoahGC -jar app.jar"
      }
    ]
  },
  {
    "timestamp": "2025-08-17T17:51:22.480438829+02:00",
    "processes": [
      {
        "pid": "56543",
        "rss": "851824",
        "args": "java -Xmx4g -Xss1m -XX:+UseShenandoahGC -jar app.jar"
      }
    ]
  },
  {
    "timestamp": "2025-08-17T17:51:23.48001699+02:00",
    "processes": [
      {
        "pid": "56543",
        "rss": "870256",
        "args": "java -Xmx4g -Xss1m -XX:+UseShenandoahGC -jar app.jar"
      }
    ]
  },
  {
    "timestamp": "2025-08-17T17:51:24.513857321+02:00",
    "processes": [
      {
        "pid": "56543",
        "rss": "886648",
        "args": "java -Xmx4g -Xss1m -XX:+UseShenandoahGC -jar app.jar"
      }
    ]
  }
]
