[
  {
    "timestamp": "2025-08-17T17:21:19.252363602+02:00",
    "processes": [
      {
        "pid": "34115",
        "rss": "234392",
        "args": "./spring-petclinic -H:MaxHeapSize=512m -H:StackSize=1m"
      }
    ]
  },
  {
    "timestamp": "2025-08-17T17:21:20.234012153+02:00",
    "processes": [
      {
        "pid": "34115",
        "rss": "258008",
        "args": "./spring-petclinic -H:MaxHeapSize=512m -H:StackSize=1m"
      }
    ]
  },
  {
    "timestamp": "2025-08-17T17:21:21.239192524+02:00",
    "processes": [
      {
        "pid": "34115",
        "rss": "256416",
        "args": "./spring-petclinic -H:MaxHeapSize=512m -H:StackSize=1m"
      }
    ]
  },
  {
    "timestamp": "2025-08-17T17:21:22.249821704+02:00",
    "processes": [
      {
        "pid": "34115",
        "rss": "279828",
        "args": "./spring-petclinic -H:MaxHeapSize=512m -H:StackSize=1m"
      }
    ]
  },
  {
    "timestamp": "2025-08-17T17:21:23.224752752+02:00",
    "processes": [
      {
        "pid": "34115",
        "rss": "272492",
        "args": "./spring-petclinic -H:MaxHeapSize=512m -H:StackSize=1m"
      }
    ]
  },
  {
    "timestamp": "2025-08-17T17:21:24.229336794+02:00",
    "processes": [
      {
        "pid": "34115",
        "rss": "256760",
        "args": "./spring-petclinic -H:MaxHeapSize=512m -H:StackSize=1m"
      }
    ]
  },
  {
    "timestamp": "2025-08-17T17:21:25.226568357+02:00",
    "processes": [
      {
        "pid": "34115",
        "rss": "269196",
        "args": "./spring-petclinic -H:MaxHeapSize=512m -H:StackSize=1m"
      }
    ]
  },
  {
    "timestamp": "2025-08-17T17:21:26.221394738+02:00",
    "processes": [
      {
        "pid": "34115",
        "rss": "258876",
        "args": "./spring-petclinic -H:MaxHeapSize=512m -H:StackSize=1m"
      }
    ]
  },
  {
    "timestamp": "2025-08-17T17:21:27.230976403+02:00",
    "processes": [
      {
        "pid": "34115",
        "rss": "320632",
        "args": "./spring-petclinic -H:MaxHeapSize=512m -H:StackSize=1m"
      }
    ]
  },
  {
    "timestamp": "2025-08-17T17:21:28.231043244+02:00",
    "processes": [
      {
        "pid": "34115",
        "rss": "314676",
        "args": "./spring-petclinic -H:MaxHeapSize=512m -H:StackSize=1m"
      }
    ]
  },
  {
    "timestamp": "2025-08-17T17:21:29.245208518+02:00",
    "processes": [
      {
        "pid": "34115",
        "rss": "304872",
        "args": "./spring-petclinic -H:MaxHeapSize=512m -H:StackSize=1m"
      }
    ]
  },
  {
    "timestamp": "2025-08-17T17:21:30.27728296+02:00",
    "processes": [
      {
        "pid": "34115",
        "rss": "299316",
        "args": "./spring-petclinic -H:MaxHeapSize=512m -H:StackSize=1m"
      }
    ]
  },
  {
    "timestamp": "2025-08-17T17:21:31.229572462+02:00",
    "processes": [
      {
        "pid": "34115",
        "rss": "284864",
        "args": "./spring-petclinic -H:MaxHeapSize=512m -H:StackSize=1m"
      }
    ]
  },
  {
    "timestamp": "2025-08-17T17:21:32.235643114+02:00",
    "processes": [
      {
        "pid": "34115",
        "rss": "318592",
        "args": "./spring-petclinic -H:MaxHeapSize=512m -H:StackSize=1m"
      }
    ]
  },
  {
    "timestamp": "2025-08-17T17:21:33.235001425+02:00",
    "processes": [
      {
        "pid": "34115",
        "rss": "356736",
        "args": "./spring-petclinic -H:MaxHeapSize=512m -H:StackSize=1m"
      }
    ]
  },
  {
    "timestamp": "2025-08-17T17:21:34.230863522+02:00",
    "processes": [
      {
        "pid": "34115",
        "rss": "373752",
        "args": "./spring-petclinic -H:MaxHeapSize=512m -H:StackSize=1m"
      }
    ]
  },
  {
    "timestamp": "2025-08-17T17:21:35.229732468+02:00",
    "processes": [
      {
        "pid": "34115",
        "rss": "366008",
        "args": "./spring-petclinic -H:MaxHeapSize=512m -H:StackSize=1m"
      }
    ]
  },
  {
    "timestamp": "2025-08-17T17:21:36.230692011+02:00",
    "processes": [
      {
        "pid": "34115",
        "rss": "347256",
        "args": "./spring-petclinic -H:MaxHeapSize=512m -H:StackSize=1m"
      }
    ]
  },
  {
    "timestamp": "2025-08-17T17:21:37.231349586+02:00",
    "processes": [
      {
        "pid": "34115",
        "rss": "330784",
        "args": "./spring-petclinic -H:MaxHeapSize=512m -H:StackSize=1m"
      }
    ]
  },
  {
    "timestamp": "2025-08-17T17:21:38.231829174+02:00",
    "processes": [
      {
        "pid": "34115",
        "rss": "339108",
        "args": "./spring-petclinic -H:MaxHeapSize=512m -H:StackSize=1m"
      }
    ]
  },
  {
    "timestamp": "2025-08-17T17:21:39.229554139+02:00",
    "processes": [
      {
        "pid": "34115",
        "rss": "342144",
        "args": "./spring-petclinic -H:MaxHeapSize=512m -H:StackSize=1m"
      }
    ]
  },
  {
    "timestamp": "2025-08-17T17:21:40.238931632+02:00",
    "processes": [
      {
        "pid": "34115",
        "rss": "327100",
        "args": "./spring-petclinic -H:MaxHeapSize=512m -H:StackSize=1m"
      }
    ]
  },
  {
    "timestamp": "2025-08-17T17:21:41.233916637+02:00",
    "processes": [
      {
        "pid": "34115",
        "rss": "332076",
        "args": "./spring-petclinic -H:MaxHeapSize=512m -H:StackSize=1m"
      }
    ]
  },
  {
    "timestamp": "2025-08-17T17:21:42.254498934+02:00",
    "processes": [
      {
        "pid": "34115",
        "rss": "378460",
        "args": "./spring-petclinic -H:MaxHeapSize=512m -H:StackSize=1m"
      }
    ]
  },
  {
    "timestamp": "2025-08-17T17:21:43.21920771+02:00",
    "processes": [
      {
        "pid": "34115",
        "rss": "369488",
        "args": "./spring-petclinic -H:MaxHeapSize=512m -H:StackSize=1m"
      }
    ]
  },
  {
    "timestamp": "2025-08-17T17:21:44.233483936+02:00",
    "processes": [
      {
        "pid": "34115",
        "rss": "356000",
        "args": "./spring-petclinic -H:MaxHeapSize=512m -H:StackSize=1m"
      }
    ]
  },
  {
    "timestamp": "2025-08-17T17:21:45.227142646+02:00",
    "processes": [
      {
        "pid": "34115",
        "rss": "330520",
        "args": "./spring-petclinic -H:MaxHeapSize=512m -H:StackSize=1m"
      }
    ]
  },
  {
    "timestamp": "2025-08-17T17:21:46.222815065+02:00",
    "processes": [
      {
        "pid": "34115",
        "rss": "379148",
        "args": "./spring-petclinic -H:MaxHeapSize=512m -H:StackSize=1m"
      }
    ]
  },
  {
    "timestamp": "2025-08-17T17:21:47.232135277+02:00",
    "processes": [
      {
        "pid": "34115",
        "rss": "388556",
        "args": "./spring-petclinic -H:MaxHeapSize=512m -H:StackSize=1m"
      }
    ]
  },
  {
    "timestamp": "2025-08-17T17:21:48.230423275+02:00",
    "processes": [
      {
        "pid": "34115",
        "rss": "383860",
        "args": "./spring-petclinic -H:MaxHeapSize=512m -H:StackSize=1m"
      }
    ]
  },
  {
    "timestamp": "2025-08-17T17:21:49.263562809+02:00",
    "processes": [
      {
        "pid": "34115",
        "rss": "366436",
        "args": "./spring-petclinic -H:MaxHeapSize=512m -H:StackSize=1m"
      }
    ]
  },
  {
    "timestamp": "2025-08-17T17:21:50.241066554+02:00",
    "processes": [
      {
        "pid": "34115",
        "rss": "369252",
        "args": "./spring-petclinic -H:MaxHeapSize=512m -H:StackSize=1m"
      }
    ]
  },
  {
    "timestamp": "2025-08-17T17:21:51.224668057+02:00",
    "processes": [
      {
        "pid": "34115",
        "rss": "369252",
        "args": "./spring-petclinic -H:MaxHeapSize=512m -H:StackSize=1m"
      }
    ]
  },
  {
    "timestamp": "2025-08-17T17:21:52.237454362+02:00",
    "processes": [
      {
        "pid": "34115",
        "rss": "372628",
        "args": "./spring-petclinic -H:MaxHeapSize=512m -H:StackSize=1m"
      }
    ]
  },
  {
    "timestamp": "2025-08-17T17:21:53.225147591+02:00",
    "processes": [
      {
        "pid": "34115",
        "rss": "372628",
        "args": "./spring-petclinic -H:MaxHeapSize=512m -H:StackSize=1m"
      }
    ]
  },
  {
    "timestamp": "2025-08-17T17:21:54.224944634+02:00",
    "processes": [
      {
        "pid": "34115",
        "rss": "372628",
        "args": "./spring-petclinic -H:MaxHeapSize=512m -H:StackSize=1m"
      }
    ]
  },
  {
    "timestamp": "2025-08-17T17:21:55.23407934+02:00",
    "processes": [
      {
        "pid": "34115",
        "rss": "372756",
        "args": "./spring-petclinic -H:MaxHeapSize=512m -H:StackSize=1m"
      }
    ]
  },
  {
    "timestamp": "2025-08-17T17:21:56.226868984+02:00",
    "processes": [
      {
        "pid": "34115",
        "rss": "393876",
        "args": "./spring-petclinic -H:MaxHeapSize=512m -H:StackSize=1m"
      }
    ]
  }
]
