[
  {
    "timestamp": "2025-08-17T17:11:43.194927552+02:00",
    "processes": [
      {
        "pid": "27089",
        "rss": "215340",
        "args": "java -Xmx4g -Xss1m -XX:+UseShenandoahGC -jar app.jar"
      }
    ]
  },
  {
    "timestamp": "2025-08-17T17:11:44.196342498+02:00",
    "processes": [
      {
        "pid": "27089",
        "rss": "225000",
        "args": "java -Xmx4g -Xss1m -XX:+UseShenandoahGC -jar app.jar"
      }
    ]
  },
  {
    "timestamp": "2025-08-17T17:11:45.211221354+02:00",
    "processes": [
      {
        "pid": "27089",
        "rss": "230632",
        "args": "java -Xmx4g -Xss1m -XX:+UseShenandoahGC -jar app.jar"
      }
    ]
  },
  {
    "timestamp": "2025-08-17T17:11:46.195748144+02:00",
    "processes": [
      {
        "pid": "27089",
        "rss": "239196",
        "args": "java -Xmx4g -Xss1m -XX:+UseShenandoahGC -jar app.jar"
      }
    ]
  },
  {
    "timestamp": "2025-08-17T17:11:47.190452883+02:00",
    "processes": [
      {
        "pid": "27089",
        "rss": "270036",
        "args": "java -Xmx4g -Xss1m -XX:+UseShenandoahGC -jar app.jar"
      }
    ]
  },
  {
    "timestamp": "2025-08-17T17:11:48.20225304+02:00",
    "processes": [
      {
        "pid": "27089",
        "rss": "304104",
        "args": "java -Xmx4g -Xss1m -XX:+UseShenandoahGC -jar app.jar"
      }
    ]
  },
  {
    "timestamp": "2025-08-17T17:11:49.184207392+02:00",
    "processes": [
      {
        "pid": "27089",
        "rss": "331300",
        "args": "java -Xmx4g -Xss1m -XX:+UseShenandoahGC -jar app.jar"
      }
    ]
  },
  {
    "timestamp": "2025-08-17T17:11:50.185549089+02:00",
    "processes": [
      {
        "pid": "27089",
        "rss": "364576",
        "args": "java -Xmx4g -Xss1m -XX:+UseShenandoahGC -jar app.jar"
      }
    ]
  },
  {
    "timestamp": "2025-08-17T17:11:51.20430705+02:00",
    "processes": [
      {
        "pid": "27089",
        "rss": "392004",
        "args": "java -Xmx4g -Xss1m -XX:+UseShenandoahGC -jar app.jar"
      }
    ]
  },
  {
    "timestamp": "2025-08-17T17:11:52.189701749+02:00",
    "processes": [
      {
        "pid": "27089",
        "rss": "435448",
        "args": "java -Xmx4g -Xss1m -XX:+UseShenandoahGC -jar app.jar"
      }
    ]
  },
  {
    "timestamp": "2025-08-17T17:11:53.187594197+02:00",
    "processes": [
      {
        "pid": "27089",
        "rss": "470460",
        "args": "java -Xmx4g -Xss1m -XX:+UseShenandoahGC -jar app.jar"
      }
    ]
  },
  {
    "timestamp": "2025-08-17T17:11:54.18751661+02:00",
    "processes": [
      {
        "pid": "27089",
        "rss": "489392",
        "args": "java -Xmx4g -Xss1m -XX:+UseShenandoahGC -jar app.jar"
      }
    ]
  },
  {
    "timestamp": "2025-08-17T17:11:55.189852943+02:00",
    "processes": [
      {
        "pid": "27089",
        "rss": "512624",
        "args": "java -Xmx4g -Xss1m -XX:+UseShenandoahGC -jar app.jar"
      }
    ]
  },
  {
    "timestamp": "2025-08-17T17:11:56.202739138+02:00",
    "processes": [
      {
        "pid": "27089",
        "rss": "531480",
        "args": "java -Xmx4g -Xss1m -XX:+UseShenandoahGC -jar app.jar"
      }
    ]
  },
  {
    "timestamp": "2025-08-17T17:11:57.17645438+02:00",
    "processes": [
      {
        "pid": "27089",
        "rss": "556580",
        "args": "java -Xmx4g -Xss1m -XX:+UseShenandoahGC -jar app.jar"
      }
    ]
  },
  {
    "timestamp": "2025-08-17T17:11:58.176670913+02:00",
    "processes": [
      {
        "pid": "27089",
        "rss": "575020",
        "args": "java -Xmx4g -Xss1m -XX:+UseShenandoahGC -jar app.jar"
      }
    ]
  },
  {
    "timestamp": "2025-08-17T17:11:59.177108402+02:00",
    "processes": [
      {
        "pid": "27089",
        "rss": "595572",
        "args": "java -Xmx4g -Xss1m -XX:+UseShenandoahGC -jar app.jar"
      }
    ]
  },
  {
    "timestamp": "2025-08-17T17:12:00.174878848+02:00",
    "processes": [
      {
        "pid": "27089",
        "rss": "589536",
        "args": "java -Xmx4g -Xss1m -XX:+UseShenandoahGC -jar app.jar"
      }
    ]
  },
  {
    "timestamp": "2025-08-17T17:12:01.174256696+02:00",
    "processes": [
      {
        "pid": "27089",
        "rss": "612088",
        "args": "java -Xmx4g -Xss1m -XX:+UseShenandoahGC -jar app.jar"
      }
    ]
  },
  {
    "timestamp": "2025-08-17T17:12:02.184945358+02:00",
    "processes": [
      {
        "pid": "27089",
        "rss": "636676",
        "args": "java -Xmx4g -Xss1m -XX:+UseShenandoahGC -jar app.jar"
      }
    ]
  },
  {
    "timestamp": "2025-08-17T17:12:03.179586139+02:00",
    "processes": [
      {
        "pid": "27089",
        "rss": "653060",
        "args": "java -Xmx4g -Xss1m -XX:+UseShenandoahGC -jar app.jar"
      }
    ]
  },
  {
    "timestamp": "2025-08-17T17:12:04.180341817+02:00",
    "processes": [
      {
        "pid": "27089",
        "rss": "673560",
        "args": "java -Xmx4g -Xss1m -XX:+UseShenandoahGC -jar app.jar"
      }
    ]
  },
  {
    "timestamp": "2025-08-17T17:12:05.177209736+02:00",
    "processes": [
      {
        "pid": "27089",
        "rss": "694056",
        "args": "java -Xmx4g -Xss1m -XX:+UseShenandoahGC -jar app.jar"
      }
    ]
  },
  {
    "timestamp": "2025-08-17T17:12:06.17612145+02:00",
    "processes": [
      {
        "pid": "27089",
        "rss": "716708",
        "args": "java -Xmx4g -Xss1m -XX:+UseShenandoahGC -jar app.jar"
      }
    ]
  },
  {
    "timestamp": "2025-08-17T17:12:07.185111016+02:00",
    "processes": [
      {
        "pid": "27089",
        "rss": "739280",
        "args": "java -Xmx4g -Xss1m -XX:+UseShenandoahGC -jar app.jar"
      }
    ]
  },
  {
    "timestamp": "2025-08-17T17:12:08.174743157+02:00",
    "processes": [
      {
        "pid": "27089",
        "rss": "757728",
        "args": "java -Xmx4g -Xss1m -XX:+UseShenandoahGC -jar app.jar"
      }
    ]
  },
  {
    "timestamp": "2025-08-17T17:12:09.18063372+02:00",
    "processes": [
      {
        "pid": "27089",
        "rss": "778224",
        "args": "java -Xmx4g -Xss1m -XX:+UseShenandoahGC -jar app.jar"
      }
    ]
  },
  {
    "timestamp": "2025-08-17T17:12:10.179075681+02:00",
    "processes": [
      {
        "pid": "27089",
        "rss": "800752",
        "args": "java -Xmx4g -Xss1m -XX:+UseShenandoahGC -jar app.jar"
      }
    ]
  },
  {
    "timestamp": "2025-08-17T17:12:11.175554511+02:00",
    "processes": [
      {
        "pid": "27089",
        "rss": "823284",
        "args": "java -Xmx4g -Xss1m -XX:+UseShenandoahGC -jar app.jar"
      }
    ]
  },
  {
    "timestamp": "2025-08-17T17:12:12.175025821+02:00",
    "processes": [
      {
        "pid": "27089",
        "rss": "841716",
        "args": "java -Xmx4g -Xss1m -XX:+UseShenandoahGC -jar app.jar"
      }
    ]
  },
  {
    "timestamp": "2025-08-17T17:12:13.174094194+02:00",
    "processes": [
      {
        "pid": "27089",
        "rss": "858116",
        "args": "java -Xmx4g -Xss1m -XX:+UseShenandoahGC -jar app.jar"
      }
    ]
  }
]
