[
  {
    "timestamp": "2025-08-17T17:08:20.641880732+02:00",
    "processes": [
      {
        "pid": "24310",
        "rss": "226140",
        "args": "./spring-petclinic -H:MaxHeapSize=512m -H:StackSize=1m"
      }
    ]
  },
  {
    "timestamp": "2025-08-17T17:08:21.669352241+02:00",
    "processes": [
      {
        "pid": "24310",
        "rss": "268436",
        "args": "./spring-petclinic -H:MaxHeapSize=512m -H:StackSize=1m"
      }
    ]
  },
  {
    "timestamp": "2025-08-17T17:08:22.636395631+02:00",
    "processes": [
      {
        "pid": "24310",
        "rss": "258888",
        "args": "./spring-petclinic -H:MaxHeapSize=512m -H:StackSize=1m"
      }
    ]
  },
  {
    "timestamp": "2025-08-17T17:08:23.646028285+02:00",
    "processes": [
      {
        "pid": "24310",
        "rss": "260416",
        "args": "./spring-petclinic -H:MaxHeapSize=512m -H:StackSize=1m"
      }
    ]
  },
  {
    "timestamp": "2025-08-17T17:08:24.634437194+02:00",
    "processes": [
      {
        "pid": "24310",
        "rss": "250736",
        "args": "./spring-petclinic -H:MaxHeapSize=512m -H:StackSize=1m"
      }
    ]
  },
  {
    "timestamp": "2025-08-17T17:08:25.64437273+02:00",
    "processes": [
      {
        "pid": "24310",
        "rss": "259548",
        "args": "./spring-petclinic -H:MaxHeapSize=512m -H:StackSize=1m"
      }
    ]
  },
  {
    "timestamp": "2025-08-17T17:08:26.652785639+02:00",
    "processes": [
      {
        "pid": "24310",
        "rss": "281568",
        "args": "./spring-petclinic -H:MaxHeapSize=512m -H:StackSize=1m"
      }
    ]
  },
  {
    "timestamp": "2025-08-17T17:08:27.657129836+02:00",
    "processes": [
      {
        "pid": "24310",
        "rss": "271356",
        "args": "./spring-petclinic -H:MaxHeapSize=512m -H:StackSize=1m"
      }
    ]
  },
  {
    "timestamp": "2025-08-17T17:08:28.649219903+02:00",
    "processes": [
      {
        "pid": "24310",
        "rss": "284220",
        "args": "./spring-petclinic -H:MaxHeapSize=512m -H:StackSize=1m"
      }
    ]
  },
  {
    "timestamp": "2025-08-17T17:08:29.659140172+02:00",
    "processes": [
      {
        "pid": "24310",
        "rss": "279964",
        "args": "./spring-petclinic -H:MaxHeapSize=512m -H:StackSize=1m"
      }
    ]
  },
  {
    "timestamp": "2025-08-17T17:08:30.66366009+02:00",
    "processes": [
      {
        "pid": "24310",
        "rss": "280752",
        "args": "./spring-petclinic -H:MaxHeapSize=512m -H:StackSize=1m"
      }
    ]
  },
  {
    "timestamp": "2025-08-17T17:08:31.636610924+02:00",
    "processes": [
      {
        "pid": "24310",
        "rss": "316520",
        "args": "./spring-petclinic -H:MaxHeapSize=512m -H:StackSize=1m"
      }
    ]
  },
  {
    "timestamp": "2025-08-17T17:08:32.642646599+02:00",
    "processes": [
      {
        "pid": "24310",
        "rss": "282068",
        "args": "./spring-petclinic -H:MaxHeapSize=512m -H:StackSize=1m"
      }
    ]
  },
  {
    "timestamp": "2025-08-17T17:08:33.653347716+02:00",
    "processes": [
      {
        "pid": "24310",
        "rss": "275652",
        "args": "./spring-petclinic -H:MaxHeapSize=512m -H:StackSize=1m"
      }
    ]
  },
  {
    "timestamp": "2025-08-17T17:08:34.648653826+02:00",
    "processes": [
      {
        "pid": "24310",
        "rss": "272304",
        "args": "./spring-petclinic -H:MaxHeapSize=512m -H:StackSize=1m"
      }
    ]
  },
  {
    "timestamp": "2025-08-17T17:08:35.653664075+02:00",
    "processes": [
      {
        "pid": "24310",
        "rss": "259548",
        "args": "./spring-petclinic -H:MaxHeapSize=512m -H:StackSize=1m"
      }
    ]
  },
  {
    "timestamp": "2025-08-17T17:08:36.694549388+02:00",
    "processes": [
      {
        "pid": "24310",
        "rss": "282248",
        "args": "./spring-petclinic -H:MaxHeapSize=512m -H:StackSize=1m"
      }
    ]
  },
  {
    "timestamp": "2025-08-17T17:08:37.651416201+02:00",
    "processes": [
      {
        "pid": "24310",
        "rss": "278088",
        "args": "./spring-petclinic -H:MaxHeapSize=512m -H:StackSize=1m"
      }
    ]
  },
  {
    "timestamp": "2025-08-17T17:08:38.648126314+02:00",
    "processes": [
      {
        "pid": "24310",
        "rss": "251344",
        "args": "./spring-petclinic -H:MaxHeapSize=512m -H:StackSize=1m"
      }
    ]
  },
  {
    "timestamp": "2025-08-17T17:08:39.644876446+02:00",
    "processes": [
      {
        "pid": "24310",
        "rss": "244760",
        "args": "./spring-petclinic -H:MaxHeapSize=512m -H:StackSize=1m"
      }
    ]
  },
  {
    "timestamp": "2025-08-17T17:08:40.636802073+02:00",
    "processes": [
      {
        "pid": "24310",
        "rss": "265052",
        "args": "./spring-petclinic -H:MaxHeapSize=512m -H:StackSize=1m"
      }
    ]
  },
  {
    "timestamp": "2025-08-17T17:08:41.644612349+02:00",
    "processes": [
      {
        "pid": "24310",
        "rss": "257448",
        "args": "./spring-petclinic -H:MaxHeapSize=512m -H:StackSize=1m"
      }
    ]
  },
  {
    "timestamp": "2025-08-17T17:08:42.640500833+02:00",
    "processes": [
      {
        "pid": "24310",
        "rss": "278976",
        "args": "./spring-petclinic -H:MaxHeapSize=512m -H:StackSize=1m"
      }
    ]
  },
  {
    "timestamp": "2025-08-17T17:08:43.639105789+02:00",
    "processes": [
      {
        "pid": "24310",
        "rss": "275784",
        "args": "./spring-petclinic -H:MaxHeapSize=512m -H:StackSize=1m"
      }
    ]
  },
  {
    "timestamp": "2025-08-17T17:08:44.638213572+02:00",
    "processes": [
      {
        "pid": "24310",
        "rss": "277032",
        "args": "./spring-petclinic -H:MaxHeapSize=512m -H:StackSize=1m"
      }
    ]
  },
  {
    "timestamp": "2025-08-17T17:08:45.642015416+02:00",
    "processes": [
      {
        "pid": "24310",
        "rss": "295820",
        "args": "./spring-petclinic -H:MaxHeapSize=512m -H:StackSize=1m"
      }
    ]
  },
  {
    "timestamp": "2025-08-17T17:08:46.636115699+02:00",
    "processes": [
      {
        "pid": "24310",
        "rss": "285872",
        "args": "./spring-petclinic -H:MaxHeapSize=512m -H:StackSize=1m"
      }
    ]
  },
  {
    "timestamp": "2025-08-17T17:08:47.661132503+02:00",
    "processes": [
      {
        "pid": "24310",
        "rss": "277060",
        "args": "./spring-petclinic -H:MaxHeapSize=512m -H:StackSize=1m"
      }
    ]
  },
  {
    "timestamp": "2025-08-17T17:08:48.633621825+02:00",
    "processes": [
      {
        "pid": "24310",
        "rss": "289132",
        "args": "./spring-petclinic -H:MaxHeapSize=512m -H:StackSize=1m"
      }
    ]
  },
  {
    "timestamp": "2025-08-17T17:08:49.647289604+02:00",
    "processes": [
      {
        "pid": "24310",
        "rss": "293580",
        "args": "./spring-petclinic -H:MaxHeapSize=512m -H:StackSize=1m"
      }
    ]
  },
  {
    "timestamp": "2025-08-17T17:08:50.633918395+02:00",
    "processes": [
      {
        "pid": "24310",
        "rss": "347660",
        "args": "./spring-petclinic -H:MaxHeapSize=512m -H:StackSize=1m"
      }
    ]
  },
  {
    "timestamp": "2025-08-17T17:08:51.641329612+02:00",
    "processes": [
      {
        "pid": "24310",
        "rss": "330732",
        "args": "./spring-petclinic -H:MaxHeapSize=512m -H:StackSize=1m"
      }
    ]
  },
  {
    "timestamp": "2025-08-17T17:08:52.634643562+02:00",
    "processes": [
      {
        "pid": "24310",
        "rss": "330732",
        "args": "./spring-petclinic -H:MaxHeapSize=512m -H:StackSize=1m"
      }
    ]
  },
  {
    "timestamp": "2025-08-17T17:08:53.643888457+02:00",
    "processes": [
      {
        "pid": "24310",
        "rss": "332188",
        "args": "./spring-petclinic -H:MaxHeapSize=512m -H:StackSize=1m"
      }
    ]
  },
  {
    "timestamp": "2025-08-17T17:08:54.647897492+02:00",
    "processes": [
      {
        "pid": "24310",
        "rss": "341916",
        "args": "./spring-petclinic -H:MaxHeapSize=512m -H:StackSize=1m"
      }
    ]
  },
  {
    "timestamp": "2025-08-17T17:08:55.648503593+02:00",
    "processes": [
      {
        "pid": "24310",
        "rss": "341916",
        "args": "./spring-petclinic -H:MaxHeapSize=512m -H:StackSize=1m"
      }
    ]
  },
  {
    "timestamp": "2025-08-17T17:08:56.640369653+02:00",
    "processes": [
      {
        "pid": "24310",
        "rss": "342428",
        "args": "./spring-petclinic -H:MaxHeapSize=512m -H:StackSize=1m"
      }
    ]
  },
  {
    "timestamp": "2025-08-17T17:08:57.637755048+02:00",
    "processes": [
      {
        "pid": "24310",
        "rss": "342684",
        "args": "./spring-petclinic -H:MaxHeapSize=512m -H:StackSize=1m"
      }
    ]
  }
]
