[
  {
    "timestamp": "2025-08-17T17:05:12.161487328+02:00",
    "processes": [
      {
        "pid": "22143",
        "rss": "215336",
        "args": "java -Xmx4g -Xss1m -XX:+UseShenandoahGC -jar app.jar"
      }
    ]
  },
  {
    "timestamp": "2025-08-17T17:05:13.158028718+02:00",
    "processes": [
      {
        "pid": "22143",
        "rss": "238040",
        "args": "java -Xmx4g -Xss1m -XX:+UseShenandoahGC -jar app.jar"
      }
    ]
  },
  {
    "timestamp": "2025-08-17T17:05:14.158608591+02:00",
    "processes": [
      {
        "pid": "22143",
        "rss": "263732",
        "args": "java -Xmx4g -Xss1m -XX:+UseShenandoahGC -jar app.jar"
      }
    ]
  },
  {
    "timestamp": "2025-08-17T17:05:15.158623584+02:00",
    "processes": [
      {
        "pid": "22143",
        "rss": "272252",
        "args": "java -Xmx4g -Xss1m -XX:+UseShenandoahGC -jar app.jar"
      }
    ]
  },
  {
    "timestamp": "2025-08-17T17:05:16.160620433+02:00",
    "processes": [
      {
        "pid": "22143",
        "rss": "307400",
        "args": "java -Xmx4g -Xss1m -XX:+UseShenandoahGC -jar app.jar"
      }
    ]
  },
  {
    "timestamp": "2025-08-17T17:05:17.151970605+02:00",
    "processes": [
      {
        "pid": "22143",
        "rss": "349732",
        "args": "java -Xmx4g -Xss1m -XX:+UseShenandoahGC -jar app.jar"
      }
    ]
  },
  {
    "timestamp": "2025-08-17T17:05:18.164265816+02:00",
    "processes": [
      {
        "pid": "22143",
        "rss": "379024",
        "args": "java -Xmx4g -Xss1m -XX:+UseShenandoahGC -jar app.jar"
      }
    ]
  },
  {
    "timestamp": "2025-08-17T17:05:19.149797697+02:00",
    "processes": [
      {
        "pid": "22143",
        "rss": "400380",
        "args": "java -Xmx4g -Xss1m -XX:+UseShenandoahGC -jar app.jar"
      }
    ]
  },
  {
    "timestamp": "2025-08-17T17:05:20.153584498+02:00",
    "processes": [
      {
        "pid": "22143",
        "rss": "429952",
        "args": "java -Xmx4g -Xss1m -XX:+UseShenandoahGC -jar app.jar"
      }
    ]
  },
  {
    "timestamp": "2025-08-17T17:05:21.148609562+02:00",
    "processes": [
      {
        "pid": "22143",
        "rss": "456992",
        "args": "java -Xmx4g -Xss1m -XX:+UseShenandoahGC -jar app.jar"
      }
    ]
  },
  {
    "timestamp": "2025-08-17T17:05:22.153373522+02:00",
    "processes": [
      {
        "pid": "22143",
        "rss": "483876",
        "args": "java -Xmx4g -Xss1m -XX:+UseShenandoahGC -jar app.jar"
      }
    ]
  },
  {
    "timestamp": "2025-08-17T17:05:23.153236687+02:00",
    "processes": [
      {
        "pid": "22143",
        "rss": "510008",
        "args": "java -Xmx4g -Xss1m -XX:+UseShenandoahGC -jar app.jar"
      }
    ]
  },
  {
    "timestamp": "2025-08-17T17:05:24.171739004+02:00",
    "processes": [
      {
        "pid": "22143",
        "rss": "548012",
        "args": "java -Xmx4g -Xss1m -XX:+UseShenandoahGC -jar app.jar"
      }
    ]
  },
  {
    "timestamp": "2025-08-17T17:05:25.155427366+02:00",
    "processes": [
      {
        "pid": "22143",
        "rss": "569204",
        "args": "java -Xmx4g -Xss1m -XX:+UseShenandoahGC -jar app.jar"
      }
    ]
  },
  {
    "timestamp": "2025-08-17T17:05:26.14871713+02:00",
    "processes": [
      {
        "pid": "22143",
        "rss": "589972",
        "args": "java -Xmx4g -Xss1m -XX:+UseShenandoahGC -jar app.jar"
      }
    ]
  },
  {
    "timestamp": "2025-08-17T17:05:27.155839988+02:00",
    "processes": [
      {
        "pid": "22143",
        "rss": "619076",
        "args": "java -Xmx4g -Xss1m -XX:+UseShenandoahGC -jar app.jar"
      }
    ]
  },
  {
    "timestamp": "2025-08-17T17:05:28.140502793+02:00",
    "processes": [
      {
        "pid": "22143",
        "rss": "635516",
        "args": "java -Xmx4g -Xss1m -XX:+UseShenandoahGC -jar app.jar"
      }
    ]
  },
  {
    "timestamp": "2025-08-17T17:05:29.144080636+02:00",
    "processes": [
      {
        "pid": "22143",
        "rss": "660156",
        "args": "java -Xmx4g -Xss1m -XX:+UseShenandoahGC -jar app.jar"
      }
    ]
  },
  {
    "timestamp": "2025-08-17T17:05:30.142583833+02:00",
    "processes": [
      {
        "pid": "22143",
        "rss": "676344",
        "args": "java -Xmx4g -Xss1m -XX:+UseShenandoahGC -jar app.jar"
      }
    ]
  },
  {
    "timestamp": "2025-08-17T17:05:31.143877942+02:00",
    "processes": [
      {
        "pid": "22143",
        "rss": "694784",
        "args": "java -Xmx4g -Xss1m -XX:+UseShenandoahGC -jar app.jar"
      }
    ]
  },
  {
    "timestamp": "2025-08-17T17:05:32.143873044+02:00",
    "processes": [
      {
        "pid": "22143",
        "rss": "719360",
        "args": "java -Xmx4g -Xss1m -XX:+UseShenandoahGC -jar app.jar"
      }
    ]
  },
  {
    "timestamp": "2025-08-17T17:05:33.150456236+02:00",
    "processes": [
      {
        "pid": "22143",
        "rss": "744028",
        "args": "java -Xmx4g -Xss1m -XX:+UseShenandoahGC -jar app.jar"
      }
    ]
  },
  {
    "timestamp": "2025-08-17T17:05:34.141597633+02:00",
    "processes": [
      {
        "pid": "22143",
        "rss": "766640",
        "args": "java -Xmx4g -Xss1m -XX:+UseShenandoahGC -jar app.jar"
      }
    ]
  },
  {
    "timestamp": "2025-08-17T17:05:35.142017179+02:00",
    "processes": [
      {
        "pid": "22143",
        "rss": "785084",
        "args": "java -Xmx4g -Xss1m -XX:+UseShenandoahGC -jar app.jar"
      }
    ]
  },
  {
    "timestamp": "2025-08-17T17:05:36.146912825+02:00",
    "processes": [
      {
        "pid": "22143",
        "rss": "813760",
        "args": "java -Xmx4g -Xss1m -XX:+UseShenandoahGC -jar app.jar"
      }
    ]
  },
  {
    "timestamp": "2025-08-17T17:05:37.141789522+02:00",
    "processes": [
      {
        "pid": "22143",
        "rss": "832196",
        "args": "java -Xmx4g -Xss1m -XX:+UseShenandoahGC -jar app.jar"
      }
    ]
  },
  {
    "timestamp": "2025-08-17T17:05:38.148108244+02:00",
    "processes": [
      {
        "pid": "22143",
        "rss": "852700",
        "args": "java -Xmx4g -Xss1m -XX:+UseShenandoahGC -jar app.jar"
      }
    ]
  },
  {
    "timestamp": "2025-08-17T17:05:39.150909045+02:00",
    "processes": [
      {
        "pid": "22143",
        "rss": "881372",
        "args": "java -Xmx4g -Xss1m -XX:+UseShenandoahGC -jar app.jar"
      }
    ]
  },
  {
    "timestamp": "2025-08-17T17:05:40.14090126+02:00",
    "processes": [
      {
        "pid": "22143",
        "rss": "899808",
        "args": "java -Xmx4g -Xss1m -XX:+UseShenandoahGC -jar app.jar"
      }
    ]
  },
  {
    "timestamp": "2025-08-17T17:05:41.14535709+02:00",
    "processes": [
      {
        "pid": "22143",
        "rss": "922340",
        "args": "java -Xmx4g -Xss1m -XX:+UseShenandoahGC -jar app.jar"
      }
    ]
  },
  {
    "timestamp": "2025-08-17T17:05:42.1820564+02:00",
    "processes": [
      {
        "pid": "22143",
        "rss": "938724",
        "args": "java -Xmx4g -Xss1m -XX:+UseShenandoahGC -jar app.jar"
      }
    ]
  }
]
