[
  {
    "timestamp": "2025-08-17T16:49:14.68592187+02:00",
    "processes": [
      {
        "pid": "12718",
        "rss": "250312",
        "args": "java -Xmx4g -Xss1m -XX:+UseShenandoahGC -jar app.jar"
      }
    ]
  },
  {
    "timestamp": "2025-08-17T16:49:15.699373874+02:00",
    "processes": [
      {
        "pid": "12718",
        "rss": "257924",
        "args": "java -Xmx4g -Xss1m -XX:+UseShenandoahGC -jar app.jar"
      }
    ]
  },
  {
    "timestamp": "2025-08-17T16:49:16.745097789+02:00",
    "processes": [
      {
        "pid": "12718",
        "rss": "258464",
        "args": "java -Xmx4g -Xss1m -XX:+UseShenandoahGC -jar app.jar"
      }
    ]
  },
  {
    "timestamp": "2025-08-17T16:49:17.68897339+02:00",
    "processes": [
      {
        "pid": "12718",
        "rss": "294632",
        "args": "java -Xmx4g -Xss1m -XX:+UseShenandoahGC -jar app.jar"
      }
    ]
  },
  {
    "timestamp": "2025-08-17T16:49:18.703575645+02:00",
    "processes": [
      {
        "pid": "12718",
        "rss": "327920",
        "args": "java -Xmx4g -Xss1m -XX:+UseShenandoahGC -jar app.jar"
      }
    ]
  },
  {
    "timestamp": "2025-08-17T16:49:19.700385609+02:00",
    "processes": [
      {
        "pid": "12718",
        "rss": "376756",
        "args": "java -Xmx4g -Xss1m -XX:+UseShenandoahGC -jar app.jar"
      }
    ]
  },
  {
    "timestamp": "2025-08-17T16:49:20.698014142+02:00",
    "processes": [
      {
        "pid": "12718",
        "rss": "395792",
        "args": "java -Xmx4g -Xss1m -XX:+UseShenandoahGC -jar app.jar"
      }
    ]
  },
  {
    "timestamp": "2025-08-17T16:49:21.687048515+02:00",
    "processes": [
      {
        "pid": "12718",
        "rss": "425208",
        "args": "java -Xmx4g -Xss1m -XX:+UseShenandoahGC -jar app.jar"
      }
    ]
  },
  {
    "timestamp": "2025-08-17T16:49:22.696771861+02:00",
    "processes": [
      {
        "pid": "12718",
        "rss": "443960",
        "args": "java -Xmx4g -Xss1m -XX:+UseShenandoahGC -jar app.jar"
      }
    ]
  },
  {
    "timestamp": "2025-08-17T16:49:23.697930783+02:00",
    "processes": [
      {
        "pid": "12718",
        "rss": "468844",
        "args": "java -Xmx4g -Xss1m -XX:+UseShenandoahGC -jar app.jar"
      }
    ]
  },
  {
    "timestamp": "2025-08-17T16:49:24.705140092+02:00",
    "processes": [
      {
        "pid": "12718",
        "rss": "493932",
        "args": "java -Xmx4g -Xss1m -XX:+UseShenandoahGC -jar app.jar"
      }
    ]
  },
  {
    "timestamp": "2025-08-17T16:49:25.702353018+02:00",
    "processes": [
      {
        "pid": "12718",
        "rss": "533180",
        "args": "java -Xmx4g -Xss1m -XX:+UseShenandoahGC -jar app.jar"
      }
    ]
  },
  {
    "timestamp": "2025-08-17T16:49:26.697934161+02:00",
    "processes": [
      {
        "pid": "12718",
        "rss": "560076",
        "args": "java -Xmx4g -Xss1m -XX:+UseShenandoahGC -jar app.jar"
      }
    ]
  },
  {
    "timestamp": "2025-08-17T16:49:27.69865436+02:00",
    "processes": [
      {
        "pid": "12718",
        "rss": "578924",
        "args": "java -Xmx4g -Xss1m -XX:+UseShenandoahGC -jar app.jar"
      }
    ]
  },
  {
    "timestamp": "2025-08-17T16:49:28.688137752+02:00",
    "processes": [
      {
        "pid": "12718",
        "rss": "601852",
        "args": "java -Xmx4g -Xss1m -XX:+UseShenandoahGC -jar app.jar"
      }
    ]
  },
  {
    "timestamp": "2025-08-17T16:49:29.696089766+02:00",
    "processes": [
      {
        "pid": "12718",
        "rss": "626456",
        "args": "java -Xmx4g -Xss1m -XX:+UseShenandoahGC -jar app.jar"
      }
    ]
  },
  {
    "timestamp": "2025-08-17T16:49:30.685090017+02:00",
    "processes": [
      {
        "pid": "12718",
        "rss": "642932",
        "args": "java -Xmx4g -Xss1m -XX:+UseShenandoahGC -jar app.jar"
      }
    ]
  },
  {
    "timestamp": "2025-08-17T16:49:31.684312108+02:00",
    "processes": [
      {
        "pid": "12718",
        "rss": "665480",
        "args": "java -Xmx4g -Xss1m -XX:+UseShenandoahGC -jar app.jar"
      }
    ]
  },
  {
    "timestamp": "2025-08-17T16:49:32.690820383+02:00",
    "processes": [
      {
        "pid": "12718",
        "rss": "670464",
        "args": "java -Xmx4g -Xss1m -XX:+UseShenandoahGC -jar app.jar"
      }
    ]
  },
  {
    "timestamp": "2025-08-17T16:49:33.688052171+02:00",
    "processes": [
      {
        "pid": "12718",
        "rss": "688896",
        "args": "java -Xmx4g -Xss1m -XX:+UseShenandoahGC -jar app.jar"
      }
    ]
  },
  {
    "timestamp": "2025-08-17T16:49:34.686319002+02:00",
    "processes": [
      {
        "pid": "12718",
        "rss": "711424",
        "args": "java -Xmx4g -Xss1m -XX:+UseShenandoahGC -jar app.jar"
      }
    ]
  },
  {
    "timestamp": "2025-08-17T16:49:35.692758323+02:00",
    "processes": [
      {
        "pid": "12718",
        "rss": "733960",
        "args": "java -Xmx4g -Xss1m -XX:+UseShenandoahGC -jar app.jar"
      }
    ]
  },
  {
    "timestamp": "2025-08-17T16:49:36.690903952+02:00",
    "processes": [
      {
        "pid": "12718",
        "rss": "756564",
        "args": "java -Xmx4g -Xss1m -XX:+UseShenandoahGC -jar app.jar"
      }
    ]
  },
  {
    "timestamp": "2025-08-17T16:49:37.688274887+02:00",
    "processes": [
      {
        "pid": "12718",
        "rss": "777152",
        "args": "java -Xmx4g -Xss1m -XX:+UseShenandoahGC -jar app.jar"
      }
    ]
  },
  {
    "timestamp": "2025-08-17T16:49:38.686414155+02:00",
    "processes": [
      {
        "pid": "12718",
        "rss": "795596",
        "args": "java -Xmx4g -Xss1m -XX:+UseShenandoahGC -jar app.jar"
      }
    ]
  },
  {
    "timestamp": "2025-08-17T16:49:39.69059822+02:00",
    "processes": [
      {
        "pid": "12718",
        "rss": "820196",
        "args": "java -Xmx4g -Xss1m -XX:+UseShenandoahGC -jar app.jar"
      }
    ]
  },
  {
    "timestamp": "2025-08-17T16:49:40.69153614+02:00",
    "processes": [
      {
        "pid": "12718",
        "rss": "840684",
        "args": "java -Xmx4g -Xss1m -XX:+UseShenandoahGC -jar app.jar"
      }
    ]
  },
  {
    "timestamp": "2025-08-17T16:49:41.698202232+02:00",
    "processes": [
      {
        "pid": "12718",
        "rss": "863240",
        "args": "java -Xmx4g -Xss1m -XX:+UseShenandoahGC -jar app.jar"
      }
    ]
  },
  {
    "timestamp": "2025-08-17T16:49:42.695117199+02:00",
    "processes": [
      {
        "pid": "12718",
        "rss": "881676",
        "args": "java -Xmx4g -Xss1m -XX:+UseShenandoahGC -jar app.jar"
      }
    ]
  },
  {
    "timestamp": "2025-08-17T16:49:43.687489296+02:00",
    "processes": [
      {
        "pid": "12718",
        "rss": "904216",
        "args": "java -Xmx4g -Xss1m -XX:+UseShenandoahGC -jar app.jar"
      }
    ]
  },
  {
    "timestamp": "2025-08-17T16:49:44.693591299+02:00",
    "processes": [
      {
        "pid": "12718",
        "rss": "926780",
        "args": "java -Xmx4g -Xss1m -XX:+UseShenandoahGC -jar app.jar"
      }
    ]
  }
]
