[
  {
    "timestamp": "2025-08-17T16:50:43.950893784+02:00",
    "processes": [
      {
        "pid": "13655",
        "rss": "357108",
        "args": "java -Xmx2g -Xss1m -XX:+UseG1GC -jar app.jar"
      }
    ]
  },
  {
    "timestamp": "2025-08-17T16:50:44.933931554+02:00",
    "processes": [
      {
        "pid": "13655",
        "rss": "371668",
        "args": "java -Xmx2g -Xss1m -XX:+UseG1GC -jar app.jar"
      }
    ]
  },
  {
    "timestamp": "2025-08-17T16:50:45.923126813+02:00",
    "processes": [
      {
        "pid": "13655",
        "rss": "370172",
        "args": "java -Xmx2g -Xss1m -XX:+UseG1GC -jar app.jar"
      }
    ]
  },
  {
    "timestamp": "2025-08-17T16:50:46.946992085+02:00",
    "processes": [
      {
        "pid": "13655",
        "rss": "374652",
        "args": "java -Xmx2g -Xss1m -XX:+UseG1GC -jar app.jar"
      }
    ]
  },
  {
    "timestamp": "2025-08-17T16:50:47.933138897+02:00",
    "processes": [
      {
        "pid": "13655",
        "rss": "390632",
        "args": "java -Xmx2g -Xss1m -XX:+UseG1GC -jar app.jar"
      }
    ]
  },
  {
    "timestamp": "2025-08-17T16:50:48.941422792+02:00",
    "processes": [
      {
        "pid": "13655",
        "rss": "401044",
        "args": "java -Xmx2g -Xss1m -XX:+UseG1GC -jar app.jar"
      }
    ]
  },
  {
    "timestamp": "2025-08-17T16:50:49.932577272+02:00",
    "processes": [
      {
        "pid": "13655",
        "rss": "402324",
        "args": "java -Xmx2g -Xss1m -XX:+UseG1GC -jar app.jar"
      }
    ]
  },
  {
    "timestamp": "2025-08-17T16:50:50.930644548+02:00",
    "processes": [
      {
        "pid": "13655",
        "rss": "404244",
        "args": "java -Xmx2g -Xss1m -XX:+UseG1GC -jar app.jar"
      }
    ]
  },
  {
    "timestamp": "2025-08-17T16:50:51.940906736+02:00",
    "processes": [
      {
        "pid": "13655",
        "rss": "408340",
        "args": "java -Xmx2g -Xss1m -XX:+UseG1GC -jar app.jar"
      }
    ]
  },
  {
    "timestamp": "2025-08-17T16:50:52.926825333+02:00",
    "processes": [
      {
        "pid": "13655",
        "rss": "438284",
        "args": "java -Xmx2g -Xss1m -XX:+UseG1GC -jar app.jar"
      }
    ]
  },
  {
    "timestamp": "2025-08-17T16:50:53.942007218+02:00",
    "processes": [
      {
        "pid": "13655",
        "rss": "438668",
        "args": "java -Xmx2g -Xss1m -XX:+UseG1GC -jar app.jar"
      }
    ]
  },
  {
    "timestamp": "2025-08-17T16:50:54.929779786+02:00",
    "processes": [
      {
        "pid": "13655",
        "rss": "439692",
        "args": "java -Xmx2g -Xss1m -XX:+UseG1GC -jar app.jar"
      }
    ]
  },
  {
    "timestamp": "2025-08-17T16:50:55.936758475+02:00",
    "processes": [
      {
        "pid": "13655",
        "rss": "441228",
        "args": "java -Xmx2g -Xss1m -XX:+UseG1GC -jar app.jar"
      }
    ]
  },
  {
    "timestamp": "2025-08-17T16:50:56.923558107+02:00",
    "processes": [
      {
        "pid": "13655",
        "rss": "441996",
        "args": "java -Xmx2g -Xss1m -XX:+UseG1GC -jar app.jar"
      }
    ]
  },
  {
    "timestamp": "2025-08-17T16:50:57.931407273+02:00",
    "processes": [
      {
        "pid": "13655",
        "rss": "443148",
        "args": "java -Xmx2g -Xss1m -XX:+UseG1GC -jar app.jar"
      }
    ]
  },
  {
    "timestamp": "2025-08-17T16:50:58.928234514+02:00",
    "processes": [
      {
        "pid": "13655",
        "rss": "476868",
        "args": "java -Xmx2g -Xss1m -XX:+UseG1GC -jar app.jar"
      }
    ]
  },
  {
    "timestamp": "2025-08-17T16:50:59.932130285+02:00",
    "processes": [
      {
        "pid": "13655",
        "rss": "484164",
        "args": "java -Xmx2g -Xss1m -XX:+UseG1GC -jar app.jar"
      }
    ]
  },
  {
    "timestamp": "2025-08-17T16:51:00.930104838+02:00",
    "processes": [
      {
        "pid": "13655",
        "rss": "484804",
        "args": "java -Xmx2g -Xss1m -XX:+UseG1GC -jar app.jar"
      }
    ]
  },
  {
    "timestamp": "2025-08-17T16:51:01.939744709+02:00",
    "processes": [
      {
        "pid": "13655",
        "rss": "486504",
        "args": "java -Xmx2g -Xss1m -XX:+UseG1GC -jar app.jar"
      }
    ]
  },
  {
    "timestamp": "2025-08-17T16:51:02.931948566+02:00",
    "processes": [
      {
        "pid": "13655",
        "rss": "526768",
        "args": "java -Xmx2g -Xss1m -XX:+UseG1GC -jar app.jar"
      }
    ]
  },
  {
    "timestamp": "2025-08-17T16:51:03.927274381+02:00",
    "processes": [
      {
        "pid": "13655",
        "rss": "527280",
        "args": "java -Xmx2g -Xss1m -XX:+UseG1GC -jar app.jar"
      }
    ]
  },
  {
    "timestamp": "2025-08-17T16:51:04.923632364+02:00",
    "processes": [
      {
        "pid": "13655",
        "rss": "531376",
        "args": "java -Xmx2g -Xss1m -XX:+UseG1GC -jar app.jar"
      }
    ]
  },
  {
    "timestamp": "2025-08-17T16:51:05.967952168+02:00",
    "processes": [
      {
        "pid": "13655",
        "rss": "546352",
        "args": "java -Xmx2g -Xss1m -XX:+UseG1GC -jar app.jar"
      }
    ]
  },
  {
    "timestamp": "2025-08-17T16:51:06.930164342+02:00",
    "processes": [
      {
        "pid": "13655",
        "rss": "550276",
        "args": "java -Xmx2g -Xss1m -XX:+UseG1GC -jar app.jar"
      }
    ]
  },
  {
    "timestamp": "2025-08-17T16:51:07.922465969+02:00",
    "processes": [
      {
        "pid": "13655",
        "rss": "547332",
        "args": "java -Xmx2g -Xss1m -XX:+UseG1GC -jar app.jar"
      }
    ]
  },
  {
    "timestamp": "2025-08-17T16:51:08.945045737+02:00",
    "processes": [
      {
        "pid": "13655",
        "rss": "547844",
        "args": "java -Xmx2g -Xss1m -XX:+UseG1GC -jar app.jar"
      }
    ]
  },
  {
    "timestamp": "2025-08-17T16:51:09.931495629+02:00",
    "processes": [
      {
        "pid": "13655",
        "rss": "547972",
        "args": "java -Xmx2g -Xss1m -XX:+UseG1GC -jar app.jar"
      }
    ]
  },
  {
    "timestamp": "2025-08-17T16:51:10.928709265+02:00",
    "processes": [
      {
        "pid": "13655",
        "rss": "550276",
        "args": "java -Xmx2g -Xss1m -XX:+UseG1GC -jar app.jar"
      }
    ]
  },
  {
    "timestamp": "2025-08-17T16:51:11.931307106+02:00",
    "processes": [
      {
        "pid": "13655",
        "rss": "589080",
        "args": "java -Xmx2g -Xss1m -XX:+UseG1GC -jar app.jar"
      }
    ]
  },
  {
    "timestamp": "2025-08-17T16:51:12.926754318+02:00",
    "processes": [
      {
        "pid": "13655",
        "rss": "592536",
        "args": "java -Xmx2g -Xss1m -XX:+UseG1GC -jar app.jar"
      }
    ]
  },
  {
    "timestamp": "2025-08-17T16:51:13.934487369+02:00",
    "processes": [
      {
        "pid": "13655",
        "rss": "592920",
        "args": "java -Xmx2g -Xss1m -XX:+UseG1GC -jar app.jar"
      }
    ]
  },
  {
    "timestamp": "2025-08-17T16:51:14.916578382+02:00",
    "processes": [
      {
        "pid": "13655",
        "rss": "593816",
        "args": "java -Xmx2g -Xss1m -XX:+UseG1GC -jar app.jar"
      }
    ]
  },
  {
    "timestamp": "2025-08-17T16:51:15.91432504+02:00",
    "processes": [
      {
        "pid": "13655",
        "rss": "595352",
        "args": "java -Xmx2g -Xss1m -XX:+UseG1GC -jar app.jar"
      }
    ]
  }
]
