[
  {
    "timestamp": "2025-08-17T16:59:38.401938143+02:00",
    "processes": [
      {
        "pid": "20363",
        "rss": "182792",
        "args": "java -Xmx2g -Xss1m -XX:+UseG1GC -Dquarkus.http.host=0.0.0.0 -Djava.util.logging.manager=org.jboss.logmanager.LogManager -jar /deployments/quarkus-run.jar"
      }
    ]
  },
  {
    "timestamp": "2025-08-17T16:59:39.371717848+02:00",
    "processes": [
      {
        "pid": "20363",
        "rss": "288696",
        "args": "java -Xmx2g -Xss1m -XX:+UseG1GC -Dquarkus.http.host=0.0.0.0 -Djava.util.logging.manager=org.jboss.logmanager.LogManager -jar /deployments/quarkus-run.jar"
      }
    ]
  },
  {
    "timestamp": "2025-08-17T16:59:40.365307207+02:00",
    "processes": [
      {
        "pid": "20363",
        "rss": "477092",
        "args": "java -Xmx2g -Xss1m -XX:+UseG1GC -Dquarkus.http.host=0.0.0.0 -Djava.util.logging.manager=org.jboss.logmanager.LogManager -jar /deployments/quarkus-run.jar"
      }
    ]
  },
  {
    "timestamp": "2025-08-17T16:59:41.376370317+02:00",
    "processes": [
      {
        "pid": "20363",
        "rss": "582444",
        "args": "java -Xmx2g -Xss1m -XX:+UseG1GC -Dquarkus.http.host=0.0.0.0 -Djava.util.logging.manager=org.jboss.logmanager.LogManager -jar /deployments/quarkus-run.jar"
      }
    ]
  },
  {
    "timestamp": "2025-08-17T16:59:42.410787229+02:00",
    "processes": [
      {
        "pid": "20363",
        "rss": "1072148",
        "args": "java -Xmx2g -Xss1m -XX:+UseG1GC -Dquarkus.http.host=0.0.0.0 -Djava.util.logging.manager=org.jboss.logmanager.LogManager -jar /deployments/quarkus-run.jar"
      }
    ]
  },
  {
    "timestamp": "2025-08-17T16:59:43.362520452+02:00",
    "processes": [
      {
        "pid": "20363",
        "rss": "1090452",
        "args": "java -Xmx2g -Xss1m -XX:+UseG1GC -Dquarkus.http.host=0.0.0.0 -Djava.util.logging.manager=org.jboss.logmanager.LogManager -jar /deployments/quarkus-run.jar"
      }
    ]
  },
  {
    "timestamp": "2025-08-17T16:59:44.361207842+02:00",
    "processes": [
      {
        "pid": "20363",
        "rss": "1111188",
        "args": "java -Xmx2g -Xss1m -XX:+UseG1GC -Dquarkus.http.host=0.0.0.0 -Djava.util.logging.manager=org.jboss.logmanager.LogManager -jar /deployments/quarkus-run.jar"
      }
    ]
  },
  {
    "timestamp": "2025-08-17T16:59:45.364780077+02:00",
    "processes": [
      {
        "pid": "20363",
        "rss": "700256",
        "args": "java -Xmx2g -Xss1m -XX:+UseG1GC -Dquarkus.http.host=0.0.0.0 -Djava.util.logging.manager=org.jboss.logmanager.LogManager -jar /deployments/quarkus-run.jar"
      }
    ]
  },
  {
    "timestamp": "2025-08-17T16:59:46.363184165+02:00",
    "processes": [
      {
        "pid": "20363",
        "rss": "869988",
        "args": "java -Xmx2g -Xss1m -XX:+UseG1GC -Dquarkus.http.host=0.0.0.0 -Djava.util.logging.manager=org.jboss.logmanager.LogManager -jar /deployments/quarkus-run.jar"
      }
    ]
  },
  {
    "timestamp": "2025-08-17T16:59:47.35921154+02:00",
    "processes": [
      {
        "pid": "20363",
        "rss": "926908",
        "args": "java -Xmx2g -Xss1m -XX:+UseG1GC -Dquarkus.http.host=0.0.0.0 -Djava.util.logging.manager=org.jboss.logmanager.LogManager -jar /deployments/quarkus-run.jar"
      }
    ]
  },
  {
    "timestamp": "2025-08-17T16:59:48.359148244+02:00",
    "processes": [
      {
        "pid": "20363",
        "rss": "957628",
        "args": "java -Xmx2g -Xss1m -XX:+UseG1GC -Dquarkus.http.host=0.0.0.0 -Djava.util.logging.manager=org.jboss.logmanager.LogManager -jar /deployments/quarkus-run.jar"
      }
    ]
  },
  {
    "timestamp": "2025-08-17T16:59:49.363056913+02:00",
    "processes": [
      {
        "pid": "20363",
        "rss": "972604",
        "args": "java -Xmx2g -Xss1m -XX:+UseG1GC -Dquarkus.http.host=0.0.0.0 -Djava.util.logging.manager=org.jboss.logmanager.LogManager -jar /deployments/quarkus-run.jar"
      }
    ]
  },
  {
    "timestamp": "2025-08-17T16:59:50.367919613+02:00",
    "processes": [
      {
        "pid": "20363",
        "rss": "1007548",
        "args": "java -Xmx2g -Xss1m -XX:+UseG1GC -Dquarkus.http.host=0.0.0.0 -Djava.util.logging.manager=org.jboss.logmanager.LogManager -jar /deployments/quarkus-run.jar"
      }
    ]
  },
  {
    "timestamp": "2025-08-17T16:59:51.354213782+02:00",
    "processes": [
      {
        "pid": "20363",
        "rss": "1037884",
        "args": "java -Xmx2g -Xss1m -XX:+UseG1GC -Dquarkus.http.host=0.0.0.0 -Djava.util.logging.manager=org.jboss.logmanager.LogManager -jar /deployments/quarkus-run.jar"
      }
    ]
  },
  {
    "timestamp": "2025-08-17T16:59:52.374427082+02:00",
    "processes": [
      {
        "pid": "20363",
        "rss": "1053884",
        "args": "java -Xmx2g -Xss1m -XX:+UseG1GC -Dquarkus.http.host=0.0.0.0 -Djava.util.logging.manager=org.jboss.logmanager.LogManager -jar /deployments/quarkus-run.jar"
      }
    ]
  },
  {
    "timestamp": "2025-08-17T16:59:53.36744653+02:00",
    "processes": [
      {
        "pid": "20363",
        "rss": "1090620",
        "args": "java -Xmx2g -Xss1m -XX:+UseG1GC -Dquarkus.http.host=0.0.0.0 -Djava.util.logging.manager=org.jboss.logmanager.LogManager -jar /deployments/quarkus-run.jar"
      }
    ]
  },
  {
    "timestamp": "2025-08-17T16:59:54.358288412+02:00",
    "processes": [
      {
        "pid": "20363",
        "rss": "1120316",
        "args": "java -Xmx2g -Xss1m -XX:+UseG1GC -Dquarkus.http.host=0.0.0.0 -Djava.util.logging.manager=org.jboss.logmanager.LogManager -jar /deployments/quarkus-run.jar"
      }
    ]
  },
  {
    "timestamp": "2025-08-17T16:59:55.364594156+02:00",
    "processes": [
      {
        "pid": "20363",
        "rss": "988344",
        "args": "java -Xmx2g -Xss1m -XX:+UseG1GC -Dquarkus.http.host=0.0.0.0 -Djava.util.logging.manager=org.jboss.logmanager.LogManager -jar /deployments/quarkus-run.jar"
      }
    ]
  },
  {
    "timestamp": "2025-08-17T16:59:56.357329163+02:00",
    "processes": [
      {
        "pid": "20363",
        "rss": "358848",
        "args": "java -Xmx2g -Xss1m -XX:+UseG1GC -Dquarkus.http.host=0.0.0.0 -Djava.util.logging.manager=org.jboss.logmanager.LogManager -jar /deployments/quarkus-run.jar"
      }
    ]
  },
  {
    "timestamp": "2025-08-17T16:59:57.359863381+02:00",
    "processes": [
      {
        "pid": "20363",
        "rss": "601924",
        "args": "java -Xmx2g -Xss1m -XX:+UseG1GC -Dquarkus.http.host=0.0.0.0 -Djava.util.logging.manager=org.jboss.logmanager.LogManager -jar /deployments/quarkus-run.jar"
      }
    ]
  },
  {
    "timestamp": "2025-08-17T16:59:58.362601967+02:00",
    "processes": [
      {
        "pid": "20363",
        "rss": "617828",
        "args": "java -Xmx2g -Xss1m -XX:+UseG1GC -Dquarkus.http.host=0.0.0.0 -Djava.util.logging.manager=org.jboss.logmanager.LogManager -jar /deployments/quarkus-run.jar"
      }
    ]
  },
  {
    "timestamp": "2025-08-17T16:59:59.373109402+02:00",
    "processes": [
      {
        "pid": "20363",
        "rss": "844592",
        "args": "java -Xmx2g -Xss1m -XX:+UseG1GC -Dquarkus.http.host=0.0.0.0 -Djava.util.logging.manager=org.jboss.logmanager.LogManager -jar /deployments/quarkus-run.jar"
      }
    ]
  },
  {
    "timestamp": "2025-08-17T17:00:00.36169607+02:00",
    "processes": [
      {
        "pid": "20363",
        "rss": "896504",
        "args": "java -Xmx2g -Xss1m -XX:+UseG1GC -Dquarkus.http.host=0.0.0.0 -Djava.util.logging.manager=org.jboss.logmanager.LogManager -jar /deployments/quarkus-run.jar"
      }
    ]
  },
  {
    "timestamp": "2025-08-17T17:00:01.361983031+02:00",
    "processes": [
      {
        "pid": "20363",
        "rss": "823276",
        "args": "java -Xmx2g -Xss1m -XX:+UseG1GC -Dquarkus.http.host=0.0.0.0 -Djava.util.logging.manager=org.jboss.logmanager.LogManager -jar /deployments/quarkus-run.jar"
      }
    ]
  },
  {
    "timestamp": "2025-08-17T17:00:02.358329005+02:00",
    "processes": [
      {
        "pid": "20363",
        "rss": "1091840",
        "args": "java -Xmx2g -Xss1m -XX:+UseG1GC -Dquarkus.http.host=0.0.0.0 -Djava.util.logging.manager=org.jboss.logmanager.LogManager -jar /deployments/quarkus-run.jar"
      }
    ]
  },
  {
    "timestamp": "2025-08-17T17:00:03.36494244+02:00",
    "processes": [
      {
        "pid": "20363",
        "rss": "1132288",
        "args": "java -Xmx2g -Xss1m -XX:+UseG1GC -Dquarkus.http.host=0.0.0.0 -Djava.util.logging.manager=org.jboss.logmanager.LogManager -jar /deployments/quarkus-run.jar"
      }
    ]
  },
  {
    "timestamp": "2025-08-17T17:00:04.365589006+02:00",
    "processes": [
      {
        "pid": "20363",
        "rss": "1610440",
        "args": "java -Xmx2g -Xss1m -XX:+UseG1GC -Dquarkus.http.host=0.0.0.0 -Djava.util.logging.manager=org.jboss.logmanager.LogManager -jar /deployments/quarkus-run.jar"
      }
    ]
  },
  {
    "timestamp": "2025-08-17T17:00:05.36177699+02:00",
    "processes": [
      {
        "pid": "20363",
        "rss": "1657544",
        "args": "java -Xmx2g -Xss1m -XX:+UseG1GC -Dquarkus.http.host=0.0.0.0 -Djava.util.logging.manager=org.jboss.logmanager.LogManager -jar /deployments/quarkus-run.jar"
      }
    ]
  },
  {
    "timestamp": "2025-08-17T17:00:06.381845285+02:00",
    "processes": [
      {
        "pid": "20363",
        "rss": "1681992",
        "args": "java -Xmx2g -Xss1m -XX:+UseG1GC -Dquarkus.http.host=0.0.0.0 -Djava.util.logging.manager=org.jboss.logmanager.LogManager -jar /deployments/quarkus-run.jar"
      }
    ]
  },
  {
    "timestamp": "2025-08-17T17:00:07.365154842+02:00",
    "processes": [
      {
        "pid": "20363",
        "rss": "1707720",
        "args": "java -Xmx2g -Xss1m -XX:+UseG1GC -Dquarkus.http.host=0.0.0.0 -Djava.util.logging.manager=org.jboss.logmanager.LogManager -jar /deployments/quarkus-run.jar"
      }
    ]
  },
  {
    "timestamp": "2025-08-17T17:00:08.387090333+02:00",
    "processes": [
      {
        "pid": "20363",
        "rss": "671636",
        "args": "java -Xmx2g -Xss1m -XX:+UseG1GC -Dquarkus.http.host=0.0.0.0 -Djava.util.logging.manager=org.jboss.logmanager.LogManager -jar /deployments/quarkus-run.jar"
      }
    ]
  }
]
