[
  {
    "timestamp": "2025-08-17T16:57:13.768207795+02:00",
    "processes": [
      {
        "pid": "18568",
        "rss": "357600",
        "args": "java -Xmx2g -Xss1m -XX:+UseG1GC -jar app.jar"
      }
    ]
  },
  {
    "timestamp": "2025-08-17T16:57:14.772791621+02:00",
    "processes": [
      {
        "pid": "18568",
        "rss": "375648",
        "args": "java -Xmx2g -Xss1m -XX:+UseG1GC -jar app.jar"
      }
    ]
  },
  {
    "timestamp": "2025-08-17T16:57:15.760889515+02:00",
    "processes": [
      {
        "pid": "18568",
        "rss": "369668",
        "args": "java -Xmx2g -Xss1m -XX:+UseG1GC -jar app.jar"
      }
    ]
  },
  {
    "timestamp": "2025-08-17T16:57:16.765184275+02:00",
    "processes": [
      {
        "pid": "18568",
        "rss": "377476",
        "args": "java -Xmx2g -Xss1m -XX:+UseG1GC -jar app.jar"
      }
    ]
  },
  {
    "timestamp": "2025-08-17T16:57:17.778559891+02:00",
    "processes": [
      {
        "pid": "18568",
        "rss": "378244",
        "args": "java -Xmx2g -Xss1m -XX:+UseG1GC -jar app.jar"
      }
    ]
  },
  {
    "timestamp": "2025-08-17T16:57:18.765626084+02:00",
    "processes": [
      {
        "pid": "18568",
        "rss": "381444",
        "args": "java -Xmx2g -Xss1m -XX:+UseG1GC -jar app.jar"
      }
    ]
  },
  {
    "timestamp": "2025-08-17T16:57:19.749704427+02:00",
    "processes": [
      {
        "pid": "18568",
        "rss": "390532",
        "args": "java -Xmx2g -Xss1m -XX:+UseG1GC -jar app.jar"
      }
    ]
  },
  {
    "timestamp": "2025-08-17T16:57:20.747906207+02:00",
    "processes": [
      {
        "pid": "18568",
        "rss": "402492",
        "args": "java -Xmx2g -Xss1m -XX:+UseG1GC -jar app.jar"
      }
    ]
  },
  {
    "timestamp": "2025-08-17T16:57:21.754144869+02:00",
    "processes": [
      {
        "pid": "18568",
        "rss": "408764",
        "args": "java -Xmx2g -Xss1m -XX:+UseG1GC -jar app.jar"
      }
    ]
  },
  {
    "timestamp": "2025-08-17T16:57:22.757196102+02:00",
    "processes": [
      {
        "pid": "18568",
        "rss": "411324",
        "args": "java -Xmx2g -Xss1m -XX:+UseG1GC -jar app.jar"
      }
    ]
  },
  {
    "timestamp": "2025-08-17T16:57:23.760351862+02:00",
    "processes": [
      {
        "pid": "18568",
        "rss": "457680",
        "args": "java -Xmx2g -Xss1m -XX:+UseG1GC -jar app.jar"
      }
    ]
  },
  {
    "timestamp": "2025-08-17T16:57:24.748186065+02:00",
    "processes": [
      {
        "pid": "18568",
        "rss": "458320",
        "args": "java -Xmx2g -Xss1m -XX:+UseG1GC -jar app.jar"
      }
    ]
  },
  {
    "timestamp": "2025-08-17T16:57:25.761484714+02:00",
    "processes": [
      {
        "pid": "18568",
        "rss": "459472",
        "args": "java -Xmx2g -Xss1m -XX:+UseG1GC -jar app.jar"
      }
    ]
  },
  {
    "timestamp": "2025-08-17T16:57:26.763482019+02:00",
    "processes": [
      {
        "pid": "18568",
        "rss": "480208",
        "args": "java -Xmx2g -Xss1m -XX:+UseG1GC -jar app.jar"
      }
    ]
  },
  {
    "timestamp": "2025-08-17T16:57:27.746377116+02:00",
    "processes": [
      {
        "pid": "18568",
        "rss": "488960",
        "args": "java -Xmx2g -Xss1m -XX:+UseG1GC -jar app.jar"
      }
    ]
  },
  {
    "timestamp": "2025-08-17T16:57:28.754232609+02:00",
    "processes": [
      {
        "pid": "18568",
        "rss": "522660",
        "args": "java -Xmx2g -Xss1m -XX:+UseG1GC -jar app.jar"
      }
    ]
  },
  {
    "timestamp": "2025-08-17T16:57:29.757274735+02:00",
    "processes": [
      {
        "pid": "18568",
        "rss": "523556",
        "args": "java -Xmx2g -Xss1m -XX:+UseG1GC -jar app.jar"
      }
    ]
  },
  {
    "timestamp": "2025-08-17T16:57:30.758888456+02:00",
    "processes": [
      {
        "pid": "18568",
        "rss": "526116",
        "args": "java -Xmx2g -Xss1m -XX:+UseG1GC -jar app.jar"
      }
    ]
  },
  {
    "timestamp": "2025-08-17T16:57:31.777860976+02:00",
    "processes": [
      {
        "pid": "18568",
        "rss": "529744",
        "args": "java -Xmx2g -Xss1m -XX:+UseG1GC -jar app.jar"
      }
    ]
  },
  {
    "timestamp": "2025-08-17T16:57:32.756184037+02:00",
    "processes": [
      {
        "pid": "18568",
        "rss": "535120",
        "args": "java -Xmx2g -Xss1m -XX:+UseG1GC -jar app.jar"
      }
    ]
  },
  {
    "timestamp": "2025-08-17T16:57:33.749356428+02:00",
    "processes": [
      {
        "pid": "18568",
        "rss": "535760",
        "args": "java -Xmx2g -Xss1m -XX:+UseG1GC -jar app.jar"
      }
    ]
  },
  {
    "timestamp": "2025-08-17T16:57:34.760513497+02:00",
    "processes": [
      {
        "pid": "18568",
        "rss": "536272",
        "args": "java -Xmx2g -Xss1m -XX:+UseG1GC -jar app.jar"
      }
    ]
  },
  {
    "timestamp": "2025-08-17T16:57:35.762566118+02:00",
    "processes": [
      {
        "pid": "18568",
        "rss": "537040",
        "args": "java -Xmx2g -Xss1m -XX:+UseG1GC -jar app.jar"
      }
    ]
  },
  {
    "timestamp": "2025-08-17T16:57:36.746588936+02:00",
    "processes": [
      {
        "pid": "18568",
        "rss": "540968",
        "args": "java -Xmx2g -Xss1m -XX:+UseG1GC -jar app.jar"
      }
    ]
  },
  {
    "timestamp": "2025-08-17T16:57:37.763163439+02:00",
    "processes": [
      {
        "pid": "18568",
        "rss": "546492",
        "args": "java -Xmx2g -Xss1m -XX:+UseG1GC -jar app.jar"
      }
    ]
  },
  {
    "timestamp": "2025-08-17T16:57:38.750973557+02:00",
    "processes": [
      {
        "pid": "18568",
        "rss": "546748",
        "args": "java -Xmx2g -Xss1m -XX:+UseG1GC -jar app.jar"
      }
    ]
  },
  {
    "timestamp": "2025-08-17T16:57:39.765630337+02:00",
    "processes": [
      {
        "pid": "18568",
        "rss": "548540",
        "args": "java -Xmx2g -Xss1m -XX:+UseG1GC -jar app.jar"
      }
    ]
  },
  {
    "timestamp": "2025-08-17T16:57:40.755301426+02:00",
    "processes": [
      {
        "pid": "18568",
        "rss": "549180",
        "args": "java -Xmx2g -Xss1m -XX:+UseG1GC -jar app.jar"
      }
    ]
  },
  {
    "timestamp": "2025-08-17T16:57:41.749466876+02:00",
    "processes": [
      {
        "pid": "18568",
        "rss": "541276",
        "args": "java -Xmx2g -Xss1m -XX:+UseG1GC -jar app.jar"
      }
    ]
  },
  {
    "timestamp": "2025-08-17T16:57:42.747339237+02:00",
    "processes": [
      {
        "pid": "18568",
        "rss": "563164",
        "args": "java -Xmx2g -Xss1m -XX:+UseG1GC -jar app.jar"
      }
    ]
  },
  {
    "timestamp": "2025-08-17T16:57:43.774574802+02:00",
    "processes": [
      {
        "pid": "18568",
        "rss": "585896",
        "args": "java -Xmx2g -Xss1m -XX:+UseG1GC -jar app.jar"
      }
    ]
  },
  {
    "timestamp": "2025-08-17T16:57:44.755717188+02:00",
    "processes": [
      {
        "pid": "18568",
        "rss": "586536",
        "args": "java -Xmx2g -Xss1m -XX:+UseG1GC -jar app.jar"
      }
    ]
  },
  {
    "timestamp": "2025-08-17T16:57:45.748771373+02:00",
    "processes": [
      {
        "pid": "18568",
        "rss": "587176",
        "args": "java -Xmx2g -Xss1m -XX:+UseG1GC -jar app.jar"
      }
    ]
  },
  {
    "timestamp": "2025-08-17T16:57:46.796620103+02:00",
    "processes": [
      {
        "pid": "18568",
        "rss": "577592",
        "args": "java -Xmx2g -Xss1m -XX:+UseG1GC -jar app.jar"
      }
    ]
  }
]
