[
  {
    "timestamp": "2025-08-17T16:51:42.393024178+02:00",
    "processes": [
      {
        "pid": "14245",
        "rss": "697264",
        "args": "java -Xmx2g -Xss1m -XX:+UseShenandoahGC -jar app.jar"
      }
    ]
  },
  {
    "timestamp": "2025-08-17T16:51:43.353959723+02:00",
    "processes": [
      {
        "pid": "14245",
        "rss": "709424",
        "args": "java -Xmx2g -Xss1m -XX:+UseShenandoahGC -jar app.jar"
      }
    ]
  },
  {
    "timestamp": "2025-08-17T16:51:44.344693018+02:00",
    "processes": [
      {
        "pid": "14245",
        "rss": "710960",
        "args": "java -Xmx2g -Xss1m -XX:+UseShenandoahGC -jar app.jar"
      }
    ]
  },
  {
    "timestamp": "2025-08-17T16:51:45.341806812+02:00",
    "processes": [
      {
        "pid": "14245",
        "rss": "714800",
        "args": "java -Xmx2g -Xss1m -XX:+UseShenandoahGC -jar app.jar"
      }
    ]
  },
  {
    "timestamp": "2025-08-17T16:51:46.342254775+02:00",
    "processes": [
      {
        "pid": "14245",
        "rss": "740528",
        "args": "java -Xmx2g -Xss1m -XX:+UseShenandoahGC -jar app.jar"
      }
    ]
  },
  {
    "timestamp": "2025-08-17T16:51:47.378630529+02:00",
    "processes": [
      {
        "pid": "14245",
        "rss": "766512",
        "args": "java -Xmx2g -Xss1m -XX:+UseShenandoahGC -jar app.jar"
      }
    ]
  },
  {
    "timestamp": "2025-08-17T16:51:48.346473996+02:00",
    "processes": [
      {
        "pid": "14245",
        "rss": "810800",
        "args": "java -Xmx2g -Xss1m -XX:+UseShenandoahGC -jar app.jar"
      }
    ]
  },
  {
    "timestamp": "2025-08-17T16:51:49.348367983+02:00",
    "processes": [
      {
        "pid": "14245",
        "rss": "880176",
        "args": "java -Xmx2g -Xss1m -XX:+UseShenandoahGC -jar app.jar"
      }
    ]
  },
  {
    "timestamp": "2025-08-17T16:51:50.344610794+02:00",
    "processes": [
      {
        "pid": "14245",
        "rss": "933552",
        "args": "java -Xmx2g -Xss1m -XX:+UseShenandoahGC -jar app.jar"
      }
    ]
  },
  {
    "timestamp": "2025-08-17T16:51:51.350960129+02:00",
    "processes": [
      {
        "pid": "14245",
        "rss": "939056",
        "args": "java -Xmx2g -Xss1m -XX:+UseShenandoahGC -jar app.jar"
      }
    ]
  },
  {
    "timestamp": "2025-08-17T16:51:52.346125289+02:00",
    "processes": [
      {
        "pid": "14245",
        "rss": "942384",
        "args": "java -Xmx2g -Xss1m -XX:+UseShenandoahGC -jar app.jar"
      }
    ]
  },
  {
    "timestamp": "2025-08-17T16:51:53.344659282+02:00",
    "processes": [
      {
        "pid": "14245",
        "rss": "950832",
        "args": "java -Xmx2g -Xss1m -XX:+UseShenandoahGC -jar app.jar"
      }
    ]
  },
  {
    "timestamp": "2025-08-17T16:51:54.346299784+02:00",
    "processes": [
      {
        "pid": "14245",
        "rss": "952140",
        "args": "java -Xmx2g -Xss1m -XX:+UseShenandoahGC -jar app.jar"
      }
    ]
  },
  {
    "timestamp": "2025-08-17T16:51:55.349483858+02:00",
    "processes": [
      {
        "pid": "14245",
        "rss": "959184",
        "args": "java -Xmx2g -Xss1m -XX:+UseShenandoahGC -jar app.jar"
      }
    ]
  },
  {
    "timestamp": "2025-08-17T16:51:56.354073143+02:00",
    "processes": [
      {
        "pid": "14245",
        "rss": "966352",
        "args": "java -Xmx2g -Xss1m -XX:+UseShenandoahGC -jar app.jar"
      }
    ]
  },
  {
    "timestamp": "2025-08-17T16:51:57.359894663+02:00",
    "processes": [
      {
        "pid": "14245",
        "rss": "1010000",
        "args": "java -Xmx2g -Xss1m -XX:+UseShenandoahGC -jar app.jar"
      }
    ]
  },
  {
    "timestamp": "2025-08-17T16:51:58.340595897+02:00",
    "processes": [
      {
        "pid": "14245",
        "rss": "1049168",
        "args": "java -Xmx2g -Xss1m -XX:+UseShenandoahGC -jar app.jar"
      }
    ]
  },
  {
    "timestamp": "2025-08-17T16:51:59.350393895+02:00",
    "processes": [
      {
        "pid": "14245",
        "rss": "1172048",
        "args": "java -Xmx2g -Xss1m -XX:+UseShenandoahGC -jar app.jar"
      }
    ]
  },
  {
    "timestamp": "2025-08-17T16:52:00.353005124+02:00",
    "processes": [
      {
        "pid": "14245",
        "rss": "1289724",
        "args": "java -Xmx2g -Xss1m -XX:+UseShenandoahGC -jar app.jar"
      }
    ]
  },
  {
    "timestamp": "2025-08-17T16:52:01.368915243+02:00",
    "processes": [
      {
        "pid": "14245",
        "rss": "1417468",
        "args": "java -Xmx2g -Xss1m -XX:+UseShenandoahGC -jar app.jar"
      }
    ]
  },
  {
    "timestamp": "2025-08-17T16:52:02.344729895+02:00",
    "processes": [
      {
        "pid": "14245",
        "rss": "1530364",
        "args": "java -Xmx2g -Xss1m -XX:+UseShenandoahGC -jar app.jar"
      }
    ]
  },
  {
    "timestamp": "2025-08-17T16:52:03.348772272+02:00",
    "processes": [
      {
        "pid": "14245",
        "rss": "1654140",
        "args": "java -Xmx2g -Xss1m -XX:+UseShenandoahGC -jar app.jar"
      }
    ]
  },
  {
    "timestamp": "2025-08-17T16:52:04.352711955+02:00",
    "processes": [
      {
        "pid": "14245",
        "rss": "1780228",
        "args": "java -Xmx2g -Xss1m -XX:+UseShenandoahGC -jar app.jar"
      }
    ]
  },
  {
    "timestamp": "2025-08-17T16:52:05.3471085+02:00",
    "processes": [
      {
        "pid": "14245",
        "rss": "1921980",
        "args": "java -Xmx2g -Xss1m -XX:+UseShenandoahGC -jar app.jar"
      }
    ]
  },
  {
    "timestamp": "2025-08-17T16:52:06.349685854+02:00",
    "processes": [
      {
        "pid": "14245",
        "rss": "1997332",
        "args": "java -Xmx2g -Xss1m -XX:+UseShenandoahGC -jar app.jar"
      }
    ]
  },
  {
    "timestamp": "2025-08-17T16:52:07.35749581+02:00",
    "processes": [
      {
        "pid": "14245",
        "rss": "2001124",
        "args": "java -Xmx2g -Xss1m -XX:+UseShenandoahGC -jar app.jar"
      }
    ]
  },
  {
    "timestamp": "2025-08-17T16:52:08.339185291+02:00",
    "processes": [
      {
        "pid": "14245",
        "rss": "2003812",
        "args": "java -Xmx2g -Xss1m -XX:+UseShenandoahGC -jar app.jar"
      }
    ]
  },
  {
    "timestamp": "2025-08-17T16:52:09.350148872+02:00",
    "processes": [
      {
        "pid": "14245",
        "rss": "2004836",
        "args": "java -Xmx2g -Xss1m -XX:+UseShenandoahGC -jar app.jar"
      }
    ]
  },
  {
    "timestamp": "2025-08-17T16:52:10.344226148+02:00",
    "processes": [
      {
        "pid": "14245",
        "rss": "2005220",
        "args": "java -Xmx2g -Xss1m -XX:+UseShenandoahGC -jar app.jar"
      }
    ]
  },
  {
    "timestamp": "2025-08-17T16:52:11.343325705+02:00",
    "processes": [
      {
        "pid": "14245",
        "rss": "2006884",
        "args": "java -Xmx2g -Xss1m -XX:+UseShenandoahGC -jar app.jar"
      }
    ]
  },
  {
    "timestamp": "2025-08-17T16:52:12.364591586+02:00",
    "processes": [
      {
        "pid": "14245",
        "rss": "2009316",
        "args": "java -Xmx2g -Xss1m -XX:+UseShenandoahGC -jar app.jar"
      }
    ]
  },
  {
    "timestamp": "2025-08-17T16:52:13.347989852+02:00",
    "processes": [
      {
        "pid": "14245",
        "rss": "2031056",
        "args": "java -Xmx2g -Xss1m -XX:+UseShenandoahGC -jar app.jar"
      }
    ]
  },
  {
    "timestamp": "2025-08-17T16:52:14.363221752+02:00",
    "processes": [
      {
        "pid": "14245",
        "rss": "2034476",
        "args": "java -Xmx2g -Xss1m -XX:+UseShenandoahGC -jar app.jar"
      }
    ]
  },
  {
    "timestamp": "2025-08-17T16:52:15.347793297+02:00",
    "processes": [
      {
        "pid": "14245",
        "rss": "2025788",
        "args": "java -Xmx2g -Xss1m -XX:+UseShenandoahGC -jar app.jar"
      }
    ]
  }
]
