[
  {
    "timestamp": "2025-08-17T17:35:12.022699411+02:00",
    "processes": [
      {
        "pid": "44517",
        "rss": "172780",
        "args": "java -Xmx2g -Xss1m -XX:+UseG1GC -Dquarkus.http.host=0.0.0.0 -Djava.util.logging.manager=org.jboss.logmanager.LogManager -jar /deployments/quarkus-run.jar"
      }
    ]
  },
  {
    "timestamp": "2025-08-17T17:35:12.988852713+02:00",
    "processes": [
      {
        "pid": "44517",
        "rss": "257324",
        "args": "java -Xmx2g -Xss1m -XX:+UseG1GC -Dquarkus.http.host=0.0.0.0 -Djava.util.logging.manager=org.jboss.logmanager.LogManager -jar /deployments/quarkus-run.jar"
      }
    ]
  },
  {
    "timestamp": "2025-08-17T17:35:13.994544263+02:00",
    "processes": [
      {
        "pid": "44517",
        "rss": "415544",
        "args": "java -Xmx2g -Xss1m -XX:+UseG1GC -Dquarkus.http.host=0.0.0.0 -Djava.util.logging.manager=org.jboss.logmanager.LogManager -jar /deployments/quarkus-run.jar"
      }
    ]
  },
  {
    "timestamp": "2025-08-17T17:35:14.994728506+02:00",
    "processes": [
      {
        "pid": "44517",
        "rss": "549168",
        "args": "java -Xmx2g -Xss1m -XX:+UseG1GC -Dquarkus.http.host=0.0.0.0 -Djava.util.logging.manager=org.jboss.logmanager.LogManager -jar /deployments/quarkus-run.jar"
      }
    ]
  },
  {
    "timestamp": "2025-08-17T17:35:15.985431359+02:00",
    "processes": [
      {
        "pid": "44517",
        "rss": "302752",
        "args": "java -Xmx2g -Xss1m -XX:+UseG1GC -Dquarkus.http.host=0.0.0.0 -Djava.util.logging.manager=org.jboss.logmanager.LogManager -jar /deployments/quarkus-run.jar"
      }
    ]
  },
  {
    "timestamp": "2025-08-17T17:35:16.980156152+02:00",
    "processes": [
      {
        "pid": "44517",
        "rss": "434456",
        "args": "java -Xmx2g -Xss1m -XX:+UseG1GC -Dquarkus.http.host=0.0.0.0 -Djava.util.logging.manager=org.jboss.logmanager.LogManager -jar /deployments/quarkus-run.jar"
      }
    ]
  },
  {
    "timestamp": "2025-08-17T17:35:17.979520528+02:00",
    "processes": [
      {
        "pid": "44517",
        "rss": "841336",
        "args": "java -Xmx2g -Xss1m -XX:+UseG1GC -Dquarkus.http.host=0.0.0.0 -Djava.util.logging.manager=org.jboss.logmanager.LogManager -jar /deployments/quarkus-run.jar"
      }
    ]
  },
  {
    "timestamp": "2025-08-17T17:35:18.975462984+02:00",
    "processes": [
      {
        "pid": "44517",
        "rss": "861268",
        "args": "java -Xmx2g -Xss1m -XX:+UseG1GC -Dquarkus.http.host=0.0.0.0 -Djava.util.logging.manager=org.jboss.logmanager.LogManager -jar /deployments/quarkus-run.jar"
      }
    ]
  },
  {
    "timestamp": "2025-08-17T17:35:19.983655902+02:00",
    "processes": [
      {
        "pid": "44517",
        "rss": "886740",
        "args": "java -Xmx2g -Xss1m -XX:+UseG1GC -Dquarkus.http.host=0.0.0.0 -Djava.util.logging.manager=org.jboss.logmanager.LogManager -jar /deployments/quarkus-run.jar"
      }
    ]
  },
  {
    "timestamp": "2025-08-17T17:35:20.981742616+02:00",
    "processes": [
      {
        "pid": "44517",
        "rss": "705548",
        "args": "java -Xmx2g -Xss1m -XX:+UseG1GC -Dquarkus.http.host=0.0.0.0 -Djava.util.logging.manager=org.jboss.logmanager.LogManager -jar /deployments/quarkus-run.jar"
      }
    ]
  },
  {
    "timestamp": "2025-08-17T17:35:21.9848041+02:00",
    "processes": [
      {
        "pid": "44517",
        "rss": "1199884",
        "args": "java -Xmx2g -Xss1m -XX:+UseG1GC -Dquarkus.http.host=0.0.0.0 -Djava.util.logging.manager=org.jboss.logmanager.LogManager -jar /deployments/quarkus-run.jar"
      }
    ]
  },
  {
    "timestamp": "2025-08-17T17:35:22.98543972+02:00",
    "processes": [
      {
        "pid": "44517",
        "rss": "1215116",
        "args": "java -Xmx2g -Xss1m -XX:+UseG1GC -Dquarkus.http.host=0.0.0.0 -Djava.util.logging.manager=org.jboss.logmanager.LogManager -jar /deployments/quarkus-run.jar"
      }
    ]
  },
  {
    "timestamp": "2025-08-17T17:35:23.985642484+02:00",
    "processes": [
      {
        "pid": "44517",
        "rss": "1251972",
        "args": "java -Xmx2g -Xss1m -XX:+UseG1GC -Dquarkus.http.host=0.0.0.0 -Djava.util.logging.manager=org.jboss.logmanager.LogManager -jar /deployments/quarkus-run.jar"
      }
    ]
  },
  {
    "timestamp": "2025-08-17T17:35:24.989560131+02:00",
    "processes": [
      {
        "pid": "44517",
        "rss": "1186904",
        "args": "java -Xmx2g -Xss1m -XX:+UseG1GC -Dquarkus.http.host=0.0.0.0 -Djava.util.logging.manager=org.jboss.logmanager.LogManager -jar /deployments/quarkus-run.jar"
      }
    ]
  },
  {
    "timestamp": "2025-08-17T17:35:25.981470935+02:00",
    "processes": [
      {
        "pid": "44517",
        "rss": "1215192",
        "args": "java -Xmx2g -Xss1m -XX:+UseG1GC -Dquarkus.http.host=0.0.0.0 -Djava.util.logging.manager=org.jboss.logmanager.LogManager -jar /deployments/quarkus-run.jar"
      }
    ]
  },
  {
    "timestamp": "2025-08-17T17:35:26.994564431+02:00",
    "processes": [
      {
        "pid": "44517",
        "rss": "1235032",
        "args": "java -Xmx2g -Xss1m -XX:+UseG1GC -Dquarkus.http.host=0.0.0.0 -Djava.util.logging.manager=org.jboss.logmanager.LogManager -jar /deployments/quarkus-run.jar"
      }
    ]
  },
  {
    "timestamp": "2025-08-17T17:35:27.980918309+02:00",
    "processes": [
      {
        "pid": "44517",
        "rss": "1252056",
        "args": "java -Xmx2g -Xss1m -XX:+UseG1GC -Dquarkus.http.host=0.0.0.0 -Djava.util.logging.manager=org.jboss.logmanager.LogManager -jar /deployments/quarkus-run.jar"
      }
    ]
  },
  {
    "timestamp": "2025-08-17T17:35:28.979673376+02:00",
    "processes": [
      {
        "pid": "44517",
        "rss": "1285592",
        "args": "java -Xmx2g -Xss1m -XX:+UseG1GC -Dquarkus.http.host=0.0.0.0 -Djava.util.logging.manager=org.jboss.logmanager.LogManager -jar /deployments/quarkus-run.jar"
      }
    ]
  },
  {
    "timestamp": "2025-08-17T17:35:29.989924414+02:00",
    "processes": [
      {
        "pid": "44517",
        "rss": "1304536",
        "args": "java -Xmx2g -Xss1m -XX:+UseG1GC -Dquarkus.http.host=0.0.0.0 -Djava.util.logging.manager=org.jboss.logmanager.LogManager -jar /deployments/quarkus-run.jar"
      }
    ]
  },
  {
    "timestamp": "2025-08-17T17:35:30.981242662+02:00",
    "processes": [
      {
        "pid": "44517",
        "rss": "1332568",
        "args": "java -Xmx2g -Xss1m -XX:+UseG1GC -Dquarkus.http.host=0.0.0.0 -Djava.util.logging.manager=org.jboss.logmanager.LogManager -jar /deployments/quarkus-run.jar"
      }
    ]
  },
  {
    "timestamp": "2025-08-17T17:35:31.983180284+02:00",
    "processes": [
      {
        "pid": "44517",
        "rss": "706356",
        "args": "java -Xmx2g -Xss1m -XX:+UseG1GC -Dquarkus.http.host=0.0.0.0 -Djava.util.logging.manager=org.jboss.logmanager.LogManager -jar /deployments/quarkus-run.jar"
      }
    ]
  },
  {
    "timestamp": "2025-08-17T17:35:32.983725905+02:00",
    "processes": [
      {
        "pid": "44517",
        "rss": "479996",
        "args": "java -Xmx2g -Xss1m -XX:+UseG1GC -Dquarkus.http.host=0.0.0.0 -Djava.util.logging.manager=org.jboss.logmanager.LogManager -jar /deployments/quarkus-run.jar"
      }
    ]
  },
  {
    "timestamp": "2025-08-17T17:35:33.97983431+02:00",
    "processes": [
      {
        "pid": "44517",
        "rss": "650020",
        "args": "java -Xmx2g -Xss1m -XX:+UseG1GC -Dquarkus.http.host=0.0.0.0 -Djava.util.logging.manager=org.jboss.logmanager.LogManager -jar /deployments/quarkus-run.jar"
      }
    ]
  },
  {
    "timestamp": "2025-08-17T17:35:34.983469841+02:00",
    "processes": [
      {
        "pid": "44517",
        "rss": "649472",
        "args": "java -Xmx2g -Xss1m -XX:+UseG1GC -Dquarkus.http.host=0.0.0.0 -Djava.util.logging.manager=org.jboss.logmanager.LogManager -jar /deployments/quarkus-run.jar"
      }
    ]
  },
  {
    "timestamp": "2025-08-17T17:35:35.984094539+02:00",
    "processes": [
      {
        "pid": "44517",
        "rss": "752508",
        "args": "java -Xmx2g -Xss1m -XX:+UseG1GC -Dquarkus.http.host=0.0.0.0 -Djava.util.logging.manager=org.jboss.logmanager.LogManager -jar /deployments/quarkus-run.jar"
      }
    ]
  },
  {
    "timestamp": "2025-08-17T17:35:36.984956934+02:00",
    "processes": [
      {
        "pid": "44517",
        "rss": "1050300",
        "args": "java -Xmx2g -Xss1m -XX:+UseG1GC -Dquarkus.http.host=0.0.0.0 -Djava.util.logging.manager=org.jboss.logmanager.LogManager -jar /deployments/quarkus-run.jar"
      }
    ]
  },
  {
    "timestamp": "2025-08-17T17:35:37.991926805+02:00",
    "processes": [
      {
        "pid": "44517",
        "rss": "601588",
        "args": "java -Xmx2g -Xss1m -XX:+UseG1GC -Dquarkus.http.host=0.0.0.0 -Djava.util.logging.manager=org.jboss.logmanager.LogManager -jar /deployments/quarkus-run.jar"
      }
    ]
  },
  {
    "timestamp": "2025-08-17T17:35:38.985515419+02:00",
    "processes": [
      {
        "pid": "44517",
        "rss": "872712",
        "args": "java -Xmx2g -Xss1m -XX:+UseG1GC -Dquarkus.http.host=0.0.0.0 -Djava.util.logging.manager=org.jboss.logmanager.LogManager -jar /deployments/quarkus-run.jar"
      }
    ]
  },
  {
    "timestamp": "2025-08-17T17:35:40.009489717+02:00",
    "processes": [
      {
        "pid": "44517",
        "rss": "940552",
        "args": "java -Xmx2g -Xss1m -XX:+UseG1GC -Dquarkus.http.host=0.0.0.0 -Djava.util.logging.manager=org.jboss.logmanager.LogManager -jar /deployments/quarkus-run.jar"
      }
    ]
  },
  {
    "timestamp": "2025-08-17T17:35:40.977268327+02:00",
    "processes": [
      {
        "pid": "44517",
        "rss": "963720",
        "args": "java -Xmx2g -Xss1m -XX:+UseG1GC -Dquarkus.http.host=0.0.0.0 -Djava.util.logging.manager=org.jboss.logmanager.LogManager -jar /deployments/quarkus-run.jar"
      }
    ]
  },
  {
    "timestamp": "2025-08-17T17:35:41.980503275+02:00",
    "processes": [
      {
        "pid": "44517",
        "rss": "915412",
        "args": "java -Xmx2g -Xss1m -XX:+UseG1GC -Dquarkus.http.host=0.0.0.0 -Djava.util.logging.manager=org.jboss.logmanager.LogManager -jar /deployments/quarkus-run.jar"
      }
    ]
  }
]
