[
  {
    "timestamp": "2025-08-17T16:55:05.017972658+02:00",
    "processes": [
      {
        "pid": "17165",
        "rss": "150080",
        "args": "java -Xmx2g -Xss1m -XX:+UseG1GC -jar app.jar"
      }
    ]
  },
  {
    "timestamp": "2025-08-17T16:55:06.012537291+02:00",
    "processes": [
      {
        "pid": "17165",
        "rss": "160236",
        "args": "java -Xmx2g -Xss1m -XX:+UseG1GC -jar app.jar"
      }
    ]
  },
  {
    "timestamp": "2025-08-17T16:55:07.014458941+02:00",
    "processes": [
      {
        "pid": "17165",
        "rss": "158576",
        "args": "java -Xmx2g -Xss1m -XX:+UseG1GC -jar app.jar"
      }
    ]
  },
  {
    "timestamp": "2025-08-17T16:55:08.010153008+02:00",
    "processes": [
      {
        "pid": "17165",
        "rss": "163184",
        "args": "java -Xmx2g -Xss1m -XX:+UseG1GC -jar app.jar"
      }
    ]
  },
  {
    "timestamp": "2025-08-17T16:55:09.006752938+02:00",
    "processes": [
      {
        "pid": "17165",
        "rss": "183024",
        "args": "java -Xmx2g -Xss1m -XX:+UseG1GC -jar app.jar"
      }
    ]
  },
  {
    "timestamp": "2025-08-17T16:55:10.008230959+02:00",
    "processes": [
      {
        "pid": "17165",
        "rss": "183896",
        "args": "java -Xmx2g -Xss1m -XX:+UseG1GC -jar app.jar"
      }
    ]
  },
  {
    "timestamp": "2025-08-17T16:55:11.007914168+02:00",
    "processes": [
      {
        "pid": "17165",
        "rss": "188364",
        "args": "java -Xmx2g -Xss1m -XX:+UseG1GC -jar app.jar"
      }
    ]
  },
  {
    "timestamp": "2025-08-17T16:55:12.028668525+02:00",
    "processes": [
      {
        "pid": "17165",
        "rss": "188876",
        "args": "java -Xmx2g -Xss1m -XX:+UseG1GC -jar app.jar"
      }
    ]
  },
  {
    "timestamp": "2025-08-17T16:55:13.041462271+02:00",
    "processes": [
      {
        "pid": "17165",
        "rss": "196044",
        "args": "java -Xmx2g -Xss1m -XX:+UseG1GC -jar app.jar"
      }
    ]
  },
  {
    "timestamp": "2025-08-17T16:55:13.99577372+02:00",
    "processes": [
      {
        "pid": "17165",
        "rss": "199372",
        "args": "java -Xmx2g -Xss1m -XX:+UseG1GC -jar app.jar"
      }
    ]
  },
  {
    "timestamp": "2025-08-17T16:55:15.002967342+02:00",
    "processes": [
      {
        "pid": "17165",
        "rss": "199884",
        "args": "java -Xmx2g -Xss1m -XX:+UseG1GC -jar app.jar"
      }
    ]
  },
  {
    "timestamp": "2025-08-17T16:55:15.994170943+02:00",
    "processes": [
      {
        "pid": "17165",
        "rss": "200012",
        "args": "java -Xmx2g -Xss1m -XX:+UseG1GC -jar app.jar"
      }
    ]
  },
  {
    "timestamp": "2025-08-17T16:55:16.998632665+02:00",
    "processes": [
      {
        "pid": "17165",
        "rss": "193140",
        "args": "java -Xmx2g -Xss1m -XX:+UseG1GC -jar app.jar"
      }
    ]
  },
  {
    "timestamp": "2025-08-17T16:55:17.995969319+02:00",
    "processes": [
      {
        "pid": "17165",
        "rss": "193268",
        "args": "java -Xmx2g -Xss1m -XX:+UseG1GC -jar app.jar"
      }
    ]
  },
  {
    "timestamp": "2025-08-17T16:55:18.999114188+02:00",
    "processes": [
      {
        "pid": "17165",
        "rss": "193268",
        "args": "java -Xmx2g -Xss1m -XX:+UseG1GC -jar app.jar"
      }
    ]
  },
  {
    "timestamp": "2025-08-17T16:55:19.994292754+02:00",
    "processes": [
      {
        "pid": "17165",
        "rss": "193396",
        "args": "java -Xmx2g -Xss1m -XX:+UseG1GC -jar app.jar"
      }
    ]
  },
  {
    "timestamp": "2025-08-17T16:55:21.0003458+02:00",
    "processes": [
      {
        "pid": "17165",
        "rss": "193396",
        "args": "java -Xmx2g -Xss1m -XX:+UseG1GC -jar app.jar"
      }
    ]
  },
  {
    "timestamp": "2025-08-17T16:55:21.995151874+02:00",
    "processes": [
      {
        "pid": "17165",
        "rss": "193652",
        "args": "java -Xmx2g -Xss1m -XX:+UseG1GC -jar app.jar"
      }
    ]
  },
  {
    "timestamp": "2025-08-17T16:55:22.995138362+02:00",
    "processes": [
      {
        "pid": "17165",
        "rss": "193652",
        "args": "java -Xmx2g -Xss1m -XX:+UseG1GC -jar app.jar"
      }
    ]
  },
  {
    "timestamp": "2025-08-17T16:55:24.005907016+02:00",
    "processes": [
      {
        "pid": "17165",
        "rss": "193652",
        "args": "java -Xmx2g -Xss1m -XX:+UseG1GC -jar app.jar"
      }
    ]
  },
  {
    "timestamp": "2025-08-17T16:55:24.995721704+02:00",
    "processes": [
      {
        "pid": "17165",
        "rss": "202160",
        "args": "java -Xmx2g -Xss1m -XX:+UseG1GC -jar app.jar"
      }
    ]
  },
  {
    "timestamp": "2025-08-17T16:55:25.996007307+02:00",
    "processes": [
      {
        "pid": "17165",
        "rss": "224764",
        "args": "java -Xmx2g -Xss1m -XX:+UseG1GC -jar app.jar"
      }
    ]
  },
  {
    "timestamp": "2025-08-17T16:55:26.998688974+02:00",
    "processes": [
      {
        "pid": "17165",
        "rss": "249340",
        "args": "java -Xmx2g -Xss1m -XX:+UseG1GC -jar app.jar"
      }
    ]
  },
  {
    "timestamp": "2025-08-17T16:55:28.004652841+02:00",
    "processes": [
      {
        "pid": "17165",
        "rss": "271876",
        "args": "java -Xmx2g -Xss1m -XX:+UseG1GC -jar app.jar"
      }
    ]
  },
  {
    "timestamp": "2025-08-17T16:55:28.997017432+02:00",
    "processes": [
      {
        "pid": "17165",
        "rss": "271876",
        "args": "java -Xmx2g -Xss1m -XX:+UseG1GC -jar app.jar"
      }
    ]
  },
  {
    "timestamp": "2025-08-17T16:55:29.999250278+02:00",
    "processes": [
      {
        "pid": "17165",
        "rss": "271876",
        "args": "java -Xmx2g -Xss1m -XX:+UseG1GC -jar app.jar"
      }
    ]
  },
  {
    "timestamp": "2025-08-17T16:55:31.000597878+02:00",
    "processes": [
      {
        "pid": "17165",
        "rss": "271876",
        "args": "java -Xmx2g -Xss1m -XX:+UseG1GC -jar app.jar"
      }
    ]
  },
  {
    "timestamp": "2025-08-17T16:55:31.999495369+02:00",
    "processes": [
      {
        "pid": "17165",
        "rss": "273924",
        "args": "java -Xmx2g -Xss1m -XX:+UseG1GC -jar app.jar"
      }
    ]
  },
  {
    "timestamp": "2025-08-17T16:55:32.995281366+02:00",
    "processes": [
      {
        "pid": "17165",
        "rss": "273924",
        "args": "java -Xmx2g -Xss1m -XX:+UseG1GC -jar app.jar"
      }
    ]
  },
  {
    "timestamp": "2025-08-17T16:55:33.994084242+02:00",
    "processes": [
      {
        "pid": "17165",
        "rss": "273924",
        "args": "java -Xmx2g -Xss1m -XX:+UseG1GC -jar app.jar"
      }
    ]
  },
  {
    "timestamp": "2025-08-17T16:55:35.032164702+02:00",
    "processes": [
      {
        "pid": "17165",
        "rss": "275076",
        "args": "java -Xmx2g -Xss1m -XX:+UseG1GC -jar app.jar"
      }
    ]
  }
]
