[
  {
    "timestamp": "2025-08-17T16:45:14.194382213+02:00",
    "processes": [
      {
        "pid": "9341",
        "rss": "694192",
        "args": "java -Xmx2g -Xss1m -XX:+UseShenandoahGC -jar app.jar"
      }
    ]
  },
  {
    "timestamp": "2025-08-17T16:45:15.184552812+02:00",
    "processes": [
      {
        "pid": "9341",
        "rss": "704304",
        "args": "java -Xmx2g -Xss1m -XX:+UseShenandoahGC -jar app.jar"
      }
    ]
  },
  {
    "timestamp": "2025-08-17T16:45:16.226536698+02:00",
    "processes": [
      {
        "pid": "9341",
        "rss": "706480",
        "args": "java -Xmx2g -Xss1m -XX:+UseShenandoahGC -jar app.jar"
      }
    ]
  },
  {
    "timestamp": "2025-08-17T16:45:17.173871798+02:00",
    "processes": [
      {
        "pid": "9341",
        "rss": "713684",
        "args": "java -Xmx2g -Xss1m -XX:+UseShenandoahGC -jar app.jar"
      }
    ]
  },
  {
    "timestamp": "2025-08-17T16:45:18.176694842+02:00",
    "processes": [
      {
        "pid": "9341",
        "rss": "735316",
        "args": "java -Xmx2g -Xss1m -XX:+UseShenandoahGC -jar app.jar"
      }
    ]
  },
  {
    "timestamp": "2025-08-17T16:45:19.177787285+02:00",
    "processes": [
      {
        "pid": "9341",
        "rss": "772052",
        "args": "java -Xmx2g -Xss1m -XX:+UseShenandoahGC -jar app.jar"
      }
    ]
  },
  {
    "timestamp": "2025-08-17T16:45:20.176159292+02:00",
    "processes": [
      {
        "pid": "9341",
        "rss": "831012",
        "args": "java -Xmx2g -Xss1m -XX:+UseShenandoahGC -jar app.jar"
      }
    ]
  },
  {
    "timestamp": "2025-08-17T16:45:21.172548546+02:00",
    "processes": [
      {
        "pid": "9341",
        "rss": "913060",
        "args": "java -Xmx2g -Xss1m -XX:+UseShenandoahGC -jar app.jar"
      }
    ]
  },
  {
    "timestamp": "2025-08-17T16:45:22.174024235+02:00",
    "processes": [
      {
        "pid": "9341",
        "rss": "947364",
        "args": "java -Xmx2g -Xss1m -XX:+UseShenandoahGC -jar app.jar"
      }
    ]
  },
  {
    "timestamp": "2025-08-17T16:45:23.169930785+02:00",
    "processes": [
      {
        "pid": "9341",
        "rss": "962468",
        "args": "java -Xmx2g -Xss1m -XX:+UseShenandoahGC -jar app.jar"
      }
    ]
  },
  {
    "timestamp": "2025-08-17T16:45:24.189458562+02:00",
    "processes": [
      {
        "pid": "9341",
        "rss": "964516",
        "args": "java -Xmx2g -Xss1m -XX:+UseShenandoahGC -jar app.jar"
      }
    ]
  },
  {
    "timestamp": "2025-08-17T16:45:25.169493533+02:00",
    "processes": [
      {
        "pid": "9341",
        "rss": "995736",
        "args": "java -Xmx2g -Xss1m -XX:+UseShenandoahGC -jar app.jar"
      }
    ]
  },
  {
    "timestamp": "2025-08-17T16:45:26.175503254+02:00",
    "processes": [
      {
        "pid": "9341",
        "rss": "1005256",
        "args": "java -Xmx2g -Xss1m -XX:+UseShenandoahGC -jar app.jar"
      }
    ]
  },
  {
    "timestamp": "2025-08-17T16:45:27.175569995+02:00",
    "processes": [
      {
        "pid": "9341",
        "rss": "1007860",
        "args": "java -Xmx2g -Xss1m -XX:+UseShenandoahGC -jar app.jar"
      }
    ]
  },
  {
    "timestamp": "2025-08-17T16:45:28.174817173+02:00",
    "processes": [
      {
        "pid": "9341",
        "rss": "1017204",
        "args": "java -Xmx2g -Xss1m -XX:+UseShenandoahGC -jar app.jar"
      }
    ]
  },
  {
    "timestamp": "2025-08-17T16:45:29.173609387+02:00",
    "processes": [
      {
        "pid": "9341",
        "rss": "1048564",
        "args": "java -Xmx2g -Xss1m -XX:+UseShenandoahGC -jar app.jar"
      }
    ]
  },
  {
    "timestamp": "2025-08-17T16:45:30.191451729+02:00",
    "processes": [
      {
        "pid": "9341",
        "rss": "1151220",
        "args": "java -Xmx2g -Xss1m -XX:+UseShenandoahGC -jar app.jar"
      }
    ]
  },
  {
    "timestamp": "2025-08-17T16:45:31.168675103+02:00",
    "processes": [
      {
        "pid": "9341",
        "rss": "1267444",
        "args": "java -Xmx2g -Xss1m -XX:+UseShenandoahGC -jar app.jar"
      }
    ]
  },
  {
    "timestamp": "2025-08-17T16:45:32.171982698+02:00",
    "processes": [
      {
        "pid": "9341",
        "rss": "1396980",
        "args": "java -Xmx2g -Xss1m -XX:+UseShenandoahGC -jar app.jar"
      }
    ]
  },
  {
    "timestamp": "2025-08-17T16:45:33.17417201+02:00",
    "processes": [
      {
        "pid": "9341",
        "rss": "1529460",
        "args": "java -Xmx2g -Xss1m -XX:+UseShenandoahGC -jar app.jar"
      }
    ]
  },
  {
    "timestamp": "2025-08-17T16:45:34.173363934+02:00",
    "processes": [
      {
        "pid": "9341",
        "rss": "1663700",
        "args": "java -Xmx2g -Xss1m -XX:+UseShenandoahGC -jar app.jar"
      }
    ]
  },
  {
    "timestamp": "2025-08-17T16:45:35.176353723+02:00",
    "processes": [
      {
        "pid": "9341",
        "rss": "1792528",
        "args": "java -Xmx2g -Xss1m -XX:+UseShenandoahGC -jar app.jar"
      }
    ]
  },
  {
    "timestamp": "2025-08-17T16:45:36.182542749+02:00",
    "processes": [
      {
        "pid": "9341",
        "rss": "1934448",
        "args": "java -Xmx2g -Xss1m -XX:+UseShenandoahGC -jar app.jar"
      }
    ]
  },
  {
    "timestamp": "2025-08-17T16:45:37.182198916+02:00",
    "processes": [
      {
        "pid": "9341",
        "rss": "1957548",
        "args": "java -Xmx2g -Xss1m -XX:+UseShenandoahGC -jar app.jar"
      }
    ]
  },
  {
    "timestamp": "2025-08-17T16:45:38.172287818+02:00",
    "processes": [
      {
        "pid": "9341",
        "rss": "1948936",
        "args": "java -Xmx2g -Xss1m -XX:+UseShenandoahGC -jar app.jar"
      }
    ]
  },
  {
    "timestamp": "2025-08-17T16:45:39.164782804+02:00",
    "processes": [
      {
        "pid": "9341",
        "rss": "1953032",
        "args": "java -Xmx2g -Xss1m -XX:+UseShenandoahGC -jar app.jar"
      }
    ]
  },
  {
    "timestamp": "2025-08-17T16:45:40.178933934+02:00",
    "processes": [
      {
        "pid": "9341",
        "rss": "1957512",
        "args": "java -Xmx2g -Xss1m -XX:+UseShenandoahGC -jar app.jar"
      }
    ]
  },
  {
    "timestamp": "2025-08-17T16:45:41.178074475+02:00",
    "processes": [
      {
        "pid": "9341",
        "rss": "1960200",
        "args": "java -Xmx2g -Xss1m -XX:+UseShenandoahGC -jar app.jar"
      }
    ]
  },
  {
    "timestamp": "2025-08-17T16:45:42.174855253+02:00",
    "processes": [
      {
        "pid": "9341",
        "rss": "1964552",
        "args": "java -Xmx2g -Xss1m -XX:+UseShenandoahGC -jar app.jar"
      }
    ]
  },
  {
    "timestamp": "2025-08-17T16:45:43.173035494+02:00",
    "processes": [
      {
        "pid": "9341",
        "rss": "1971464",
        "args": "java -Xmx2g -Xss1m -XX:+UseShenandoahGC -jar app.jar"
      }
    ]
  },
  {
    "timestamp": "2025-08-17T16:45:44.172630647+02:00",
    "processes": [
      {
        "pid": "9341",
        "rss": "1993224",
        "args": "java -Xmx2g -Xss1m -XX:+UseShenandoahGC -jar app.jar"
      }
    ]
  },
  {
    "timestamp": "2025-08-17T16:45:45.165993725+02:00",
    "processes": [
      {
        "pid": "9341",
        "rss": "1996680",
        "args": "java -Xmx2g -Xss1m -XX:+UseShenandoahGC -jar app.jar"
      }
    ]
  },
  {
    "timestamp": "2025-08-17T16:45:46.174035919+02:00",
    "processes": [
      {
        "pid": "9341",
        "rss": "2013832",
        "args": "java -Xmx2g -Xss1m -XX:+UseShenandoahGC -jar app.jar"
      }
    ]
  },
  {
    "timestamp": "2025-08-17T16:45:47.183523354+02:00",
    "processes": [
      {
        "pid": "9341",
        "rss": "2005312",
        "args": "java -Xmx2g -Xss1m -XX:+UseShenandoahGC -jar app.jar"
      }
    ]
  }
]
