[
  {
    "timestamp": "2025-08-17T17:27:51.227840297+02:00",
    "processes": [
      {
        "pid": "39021",
        "rss": "233068",
        "args": "./spring-petclinic -H:MaxHeapSize=512m -H:StackSize=1m"
      }
    ]
  },
  {
    "timestamp": "2025-08-17T17:27:52.223537476+02:00",
    "processes": [
      {
        "pid": "39021",
        "rss": "263680",
        "args": "./spring-petclinic -H:MaxHeapSize=512m -H:StackSize=1m"
      }
    ]
  },
  {
    "timestamp": "2025-08-17T17:27:53.240947945+02:00",
    "processes": [
      {
        "pid": "39021",
        "rss": "258760",
        "args": "./spring-petclinic -H:MaxHeapSize=512m -H:StackSize=1m"
      }
    ]
  },
  {
    "timestamp": "2025-08-17T17:27:54.231243594+02:00",
    "processes": [
      {
        "pid": "39021",
        "rss": "265872",
        "args": "./spring-petclinic -H:MaxHeapSize=512m -H:StackSize=1m"
      }
    ]
  },
  {
    "timestamp": "2025-08-17T17:27:55.223980595+02:00",
    "processes": [
      {
        "pid": "39021",
        "rss": "255408",
        "args": "./spring-petclinic -H:MaxHeapSize=512m -H:StackSize=1m"
      }
    ]
  },
  {
    "timestamp": "2025-08-17T17:27:56.238318351+02:00",
    "processes": [
      {
        "pid": "39021",
        "rss": "277596",
        "args": "./spring-petclinic -H:MaxHeapSize=512m -H:StackSize=1m"
      }
    ]
  },
  {
    "timestamp": "2025-08-17T17:27:57.243634143+02:00",
    "processes": [
      {
        "pid": "39021",
        "rss": "267744",
        "args": "./spring-petclinic -H:MaxHeapSize=512m -H:StackSize=1m"
      }
    ]
  },
  {
    "timestamp": "2025-08-17T17:27:58.235994772+02:00",
    "processes": [
      {
        "pid": "39021",
        "rss": "271216",
        "args": "./spring-petclinic -H:MaxHeapSize=512m -H:StackSize=1m"
      }
    ]
  },
  {
    "timestamp": "2025-08-17T17:27:59.233244814+02:00",
    "processes": [
      {
        "pid": "39021",
        "rss": "263956",
        "args": "./spring-petclinic -H:MaxHeapSize=512m -H:StackSize=1m"
      }
    ]
  },
  {
    "timestamp": "2025-08-17T17:28:00.228299073+02:00",
    "processes": [
      {
        "pid": "39021",
        "rss": "296776",
        "args": "./spring-petclinic -H:MaxHeapSize=512m -H:StackSize=1m"
      }
    ]
  },
  {
    "timestamp": "2025-08-17T17:28:01.252644873+02:00",
    "processes": [
      {
        "pid": "39021",
        "rss": "323780",
        "args": "./spring-petclinic -H:MaxHeapSize=512m -H:StackSize=1m"
      }
    ]
  },
  {
    "timestamp": "2025-08-17T17:28:02.235730943+02:00",
    "processes": [
      {
        "pid": "39021",
        "rss": "322864",
        "args": "./spring-petclinic -H:MaxHeapSize=512m -H:StackSize=1m"
      }
    ]
  },
  {
    "timestamp": "2025-08-17T17:28:03.245631034+02:00",
    "processes": [
      {
        "pid": "39021",
        "rss": "324676",
        "args": "./spring-petclinic -H:MaxHeapSize=512m -H:StackSize=1m"
      }
    ]
  },
  {
    "timestamp": "2025-08-17T17:28:04.23416014+02:00",
    "processes": [
      {
        "pid": "39021",
        "rss": "327092",
        "args": "./spring-petclinic -H:MaxHeapSize=512m -H:StackSize=1m"
      }
    ]
  },
  {
    "timestamp": "2025-08-17T17:28:05.238195781+02:00",
    "processes": [
      {
        "pid": "39021",
        "rss": "316700",
        "args": "./spring-petclinic -H:MaxHeapSize=512m -H:StackSize=1m"
      }
    ]
  },
  {
    "timestamp": "2025-08-17T17:28:06.245239922+02:00",
    "processes": [
      {
        "pid": "39021",
        "rss": "306648",
        "args": "./spring-petclinic -H:MaxHeapSize=512m -H:StackSize=1m"
      }
    ]
  },
  {
    "timestamp": "2025-08-17T17:28:07.243248271+02:00",
    "processes": [
      {
        "pid": "39021",
        "rss": "312628",
        "args": "./spring-petclinic -H:MaxHeapSize=512m -H:StackSize=1m"
      }
    ]
  },
  {
    "timestamp": "2025-08-17T17:28:08.253788767+02:00",
    "processes": [
      {
        "pid": "39021",
        "rss": "298328",
        "args": "./spring-petclinic -H:MaxHeapSize=512m -H:StackSize=1m"
      }
    ]
  },
  {
    "timestamp": "2025-08-17T17:28:09.227695682+02:00",
    "processes": [
      {
        "pid": "39021",
        "rss": "285660",
        "args": "./spring-petclinic -H:MaxHeapSize=512m -H:StackSize=1m"
      }
    ]
  },
  {
    "timestamp": "2025-08-17T17:28:10.233505979+02:00",
    "processes": [
      {
        "pid": "39021",
        "rss": "276380",
        "args": "./spring-petclinic -H:MaxHeapSize=512m -H:StackSize=1m"
      }
    ]
  },
  {
    "timestamp": "2025-08-17T17:28:11.234141217+02:00",
    "processes": [
      {
        "pid": "39021",
        "rss": "302424",
        "args": "./spring-petclinic -H:MaxHeapSize=512m -H:StackSize=1m"
      }
    ]
  },
  {
    "timestamp": "2025-08-17T17:28:12.23951089+02:00",
    "processes": [
      {
        "pid": "39021",
        "rss": "284472",
        "args": "./spring-petclinic -H:MaxHeapSize=512m -H:StackSize=1m"
      }
    ]
  },
  {
    "timestamp": "2025-08-17T17:28:13.238665628+02:00",
    "processes": [
      {
        "pid": "39021",
        "rss": "276616",
        "args": "./spring-petclinic -H:MaxHeapSize=512m -H:StackSize=1m"
      }
    ]
  },
  {
    "timestamp": "2025-08-17T17:28:14.229103867+02:00",
    "processes": [
      {
        "pid": "39021",
        "rss": "325392",
        "args": "./spring-petclinic -H:MaxHeapSize=512m -H:StackSize=1m"
      }
    ]
  },
  {
    "timestamp": "2025-08-17T17:28:15.237785559+02:00",
    "processes": [
      {
        "pid": "39021",
        "rss": "334108",
        "args": "./spring-petclinic -H:MaxHeapSize=512m -H:StackSize=1m"
      }
    ]
  },
  {
    "timestamp": "2025-08-17T17:28:16.228301515+02:00",
    "processes": [
      {
        "pid": "39021",
        "rss": "325876",
        "args": "./spring-petclinic -H:MaxHeapSize=512m -H:StackSize=1m"
      }
    ]
  },
  {
    "timestamp": "2025-08-17T17:28:17.24512618+02:00",
    "processes": [
      {
        "pid": "39021",
        "rss": "293932",
        "args": "./spring-petclinic -H:MaxHeapSize=512m -H:StackSize=1m"
      }
    ]
  },
  {
    "timestamp": "2025-08-17T17:28:18.229123119+02:00",
    "processes": [
      {
        "pid": "39021",
        "rss": "299860",
        "args": "./spring-petclinic -H:MaxHeapSize=512m -H:StackSize=1m"
      }
    ]
  },
  {
    "timestamp": "2025-08-17T17:28:19.232061366+02:00",
    "processes": [
      {
        "pid": "39021",
        "rss": "304328",
        "args": "./spring-petclinic -H:MaxHeapSize=512m -H:StackSize=1m"
      }
    ]
  },
  {
    "timestamp": "2025-08-17T17:28:20.228999206+02:00",
    "processes": [
      {
        "pid": "39021",
        "rss": "335040",
        "args": "./spring-petclinic -H:MaxHeapSize=512m -H:StackSize=1m"
      }
    ]
  },
  {
    "timestamp": "2025-08-17T17:28:21.236532158+02:00",
    "processes": [
      {
        "pid": "39021",
        "rss": "354620",
        "args": "./spring-petclinic -H:MaxHeapSize=512m -H:StackSize=1m"
      }
    ]
  },
  {
    "timestamp": "2025-08-17T17:28:22.224552419+02:00",
    "processes": [
      {
        "pid": "39021",
        "rss": "364092",
        "args": "./spring-petclinic -H:MaxHeapSize=512m -H:StackSize=1m"
      }
    ]
  },
  {
    "timestamp": "2025-08-17T17:28:23.224204846+02:00",
    "processes": [
      {
        "pid": "39021",
        "rss": "364092",
        "args": "./spring-petclinic -H:MaxHeapSize=512m -H:StackSize=1m"
      }
    ]
  },
  {
    "timestamp": "2025-08-17T17:28:24.255951356+02:00",
    "processes": [
      {
        "pid": "39021",
        "rss": "365112",
        "args": "./spring-petclinic -H:MaxHeapSize=512m -H:StackSize=1m"
      }
    ]
  },
  {
    "timestamp": "2025-08-17T17:28:25.233645353+02:00",
    "processes": [
      {
        "pid": "39021",
        "rss": "365492",
        "args": "./spring-petclinic -H:MaxHeapSize=512m -H:StackSize=1m"
      }
    ]
  },
  {
    "timestamp": "2025-08-17T17:28:26.233022057+02:00",
    "processes": [
      {
        "pid": "39021",
        "rss": "365492",
        "args": "./spring-petclinic -H:MaxHeapSize=512m -H:StackSize=1m"
      }
    ]
  },
  {
    "timestamp": "2025-08-17T17:28:27.230023262+02:00",
    "processes": [
      {
        "pid": "39021",
        "rss": "365492",
        "args": "./spring-petclinic -H:MaxHeapSize=512m -H:StackSize=1m"
      }
    ]
  },
  {
    "timestamp": "2025-08-17T17:28:28.233691929+02:00",
    "processes": [
      {
        "pid": "39021",
        "rss": "365620",
        "args": "./spring-petclinic -H:MaxHeapSize=512m -H:StackSize=1m"
      }
    ]
  }
]
