[
  {
    "timestamp": "2025-08-17T17:13:13.532916243+02:00",
    "processes": [
      {
        "pid": "28024",
        "rss": "344324",
        "args": "java -Xmx2g -Xss1m -XX:+UseG1GC -jar app.jar"
      }
    ]
  },
  {
    "timestamp": "2025-08-17T17:13:14.583105536+02:00",
    "processes": [
      {
        "pid": "28024",
        "rss": "360580",
        "args": "java -Xmx2g -Xss1m -XX:+UseG1GC -jar app.jar"
      }
    ]
  },
  {
    "timestamp": "2025-08-17T17:13:15.509497069+02:00",
    "processes": [
      {
        "pid": "28024",
        "rss": "362116",
        "args": "java -Xmx2g -Xss1m -XX:+UseG1GC -jar app.jar"
      }
    ]
  },
  {
    "timestamp": "2025-08-17T17:13:16.511040013+02:00",
    "processes": [
      {
        "pid": "28024",
        "rss": "366084",
        "args": "java -Xmx2g -Xss1m -XX:+UseG1GC -jar app.jar"
      }
    ]
  },
  {
    "timestamp": "2025-08-17T17:13:17.505658398+02:00",
    "processes": [
      {
        "pid": "28024",
        "rss": "368132",
        "args": "java -Xmx2g -Xss1m -XX:+UseG1GC -jar app.jar"
      }
    ]
  },
  {
    "timestamp": "2025-08-17T17:13:18.519236212+02:00",
    "processes": [
      {
        "pid": "28024",
        "rss": "371716",
        "args": "java -Xmx2g -Xss1m -XX:+UseG1GC -jar app.jar"
      }
    ]
  },
  {
    "timestamp": "2025-08-17T17:13:19.513835568+02:00",
    "processes": [
      {
        "pid": "28024",
        "rss": "373892",
        "args": "java -Xmx2g -Xss1m -XX:+UseG1GC -jar app.jar"
      }
    ]
  },
  {
    "timestamp": "2025-08-17T17:13:20.513972633+02:00",
    "processes": [
      {
        "pid": "28024",
        "rss": "375428",
        "args": "java -Xmx2g -Xss1m -XX:+UseG1GC -jar app.jar"
      }
    ]
  },
  {
    "timestamp": "2025-08-17T17:13:21.50775198+02:00",
    "processes": [
      {
        "pid": "28024",
        "rss": "382000",
        "args": "java -Xmx2g -Xss1m -XX:+UseG1GC -jar app.jar"
      }
    ]
  },
  {
    "timestamp": "2025-08-17T17:13:22.515264996+02:00",
    "processes": [
      {
        "pid": "28024",
        "rss": "391528",
        "args": "java -Xmx2g -Xss1m -XX:+UseG1GC -jar app.jar"
      }
    ]
  },
  {
    "timestamp": "2025-08-17T17:13:23.503067492+02:00",
    "processes": [
      {
        "pid": "28024",
        "rss": "411212",
        "args": "java -Xmx2g -Xss1m -XX:+UseG1GC -jar app.jar"
      }
    ]
  },
  {
    "timestamp": "2025-08-17T17:13:24.613107678+02:00",
    "processes": [
      {
        "pid": "28024",
        "rss": "414540",
        "args": "java -Xmx2g -Xss1m -XX:+UseG1GC -jar app.jar"
      }
    ]
  },
  {
    "timestamp": "2025-08-17T17:13:25.533115064+02:00",
    "processes": [
      {
        "pid": "28024",
        "rss": "416332",
        "args": "java -Xmx2g -Xss1m -XX:+UseG1GC -jar app.jar"
      }
    ]
  },
  {
    "timestamp": "2025-08-17T17:13:26.517840739+02:00",
    "processes": [
      {
        "pid": "28024",
        "rss": "417484",
        "args": "java -Xmx2g -Xss1m -XX:+UseG1GC -jar app.jar"
      }
    ]
  },
  {
    "timestamp": "2025-08-17T17:13:27.499954545+02:00",
    "processes": [
      {
        "pid": "28024",
        "rss": "464356",
        "args": "java -Xmx2g -Xss1m -XX:+UseG1GC -jar app.jar"
      }
    ]
  },
  {
    "timestamp": "2025-08-17T17:13:28.502430311+02:00",
    "processes": [
      {
        "pid": "28024",
        "rss": "458680",
        "args": "java -Xmx2g -Xss1m -XX:+UseG1GC -jar app.jar"
      }
    ]
  },
  {
    "timestamp": "2025-08-17T17:13:29.503890434+02:00",
    "processes": [
      {
        "pid": "28024",
        "rss": "459448",
        "args": "java -Xmx2g -Xss1m -XX:+UseG1GC -jar app.jar"
      }
    ]
  },
  {
    "timestamp": "2025-08-17T17:13:30.506428679+02:00",
    "processes": [
      {
        "pid": "28024",
        "rss": "462392",
        "args": "java -Xmx2g -Xss1m -XX:+UseG1GC -jar app.jar"
      }
    ]
  },
  {
    "timestamp": "2025-08-17T17:13:31.510463064+02:00",
    "processes": [
      {
        "pid": "28024",
        "rss": "465848",
        "args": "java -Xmx2g -Xss1m -XX:+UseG1GC -jar app.jar"
      }
    ]
  },
  {
    "timestamp": "2025-08-17T17:13:32.521284272+02:00",
    "processes": [
      {
        "pid": "28024",
        "rss": "522392",
        "args": "java -Xmx2g -Xss1m -XX:+UseG1GC -jar app.jar"
      }
    ]
  },
  {
    "timestamp": "2025-08-17T17:13:33.537501666+02:00",
    "processes": [
      {
        "pid": "28024",
        "rss": "531420",
        "args": "java -Xmx2g -Xss1m -XX:+UseG1GC -jar app.jar"
      }
    ]
  },
  {
    "timestamp": "2025-08-17T17:13:34.697197007+02:00",
    "processes": [
      {
        "pid": "28024",
        "rss": "532188",
        "args": "java -Xmx2g -Xss1m -XX:+UseG1GC -jar app.jar"
      }
    ]
  },
  {
    "timestamp": "2025-08-17T17:13:35.514490735+02:00",
    "processes": [
      {
        "pid": "28024",
        "rss": "524572",
        "args": "java -Xmx2g -Xss1m -XX:+UseG1GC -jar app.jar"
      }
    ]
  },
  {
    "timestamp": "2025-08-17T17:13:36.536712268+02:00",
    "processes": [
      {
        "pid": "28024",
        "rss": "526108",
        "args": "java -Xmx2g -Xss1m -XX:+UseG1GC -jar app.jar"
      }
    ]
  },
  {
    "timestamp": "2025-08-17T17:13:37.515579795+02:00",
    "processes": [
      {
        "pid": "28024",
        "rss": "526748",
        "args": "java -Xmx2g -Xss1m -XX:+UseG1GC -jar app.jar"
      }
    ]
  },
  {
    "timestamp": "2025-08-17T17:13:38.531188441+02:00",
    "processes": [
      {
        "pid": "28024",
        "rss": "527132",
        "args": "java -Xmx2g -Xss1m -XX:+UseG1GC -jar app.jar"
      }
    ]
  },
  {
    "timestamp": "2025-08-17T17:13:39.505035909+02:00",
    "processes": [
      {
        "pid": "28024",
        "rss": "527900",
        "args": "java -Xmx2g -Xss1m -XX:+UseG1GC -jar app.jar"
      }
    ]
  },
  {
    "timestamp": "2025-08-17T17:13:40.518037802+02:00",
    "processes": [
      {
        "pid": "28024",
        "rss": "528156",
        "args": "java -Xmx2g -Xss1m -XX:+UseG1GC -jar app.jar"
      }
    ]
  },
  {
    "timestamp": "2025-08-17T17:13:41.503315223+02:00",
    "processes": [
      {
        "pid": "28024",
        "rss": "529052",
        "args": "java -Xmx2g -Xss1m -XX:+UseG1GC -jar app.jar"
      }
    ]
  },
  {
    "timestamp": "2025-08-17T17:13:42.510112364+02:00",
    "processes": [
      {
        "pid": "28024",
        "rss": "529436",
        "args": "java -Xmx2g -Xss1m -XX:+UseG1GC -jar app.jar"
      }
    ]
  },
  {
    "timestamp": "2025-08-17T17:13:43.519156165+02:00",
    "processes": [
      {
        "pid": "28024",
        "rss": "575856",
        "args": "java -Xmx2g -Xss1m -XX:+UseG1GC -jar app.jar"
      }
    ]
  },
  {
    "timestamp": "2025-08-17T17:13:44.674666664+02:00",
    "processes": [
      {
        "pid": "28024",
        "rss": "576496",
        "args": "java -Xmx2g -Xss1m -XX:+UseG1GC -jar app.jar"
      }
    ]
  },
  {
    "timestamp": "2025-08-17T17:13:45.504409762+02:00",
    "processes": [
      {
        "pid": "28024",
        "rss": "577008",
        "args": "java -Xmx2g -Xss1m -XX:+UseG1GC -jar app.jar"
      }
    ]
  },
  {
    "timestamp": "2025-08-17T17:13:46.538361231+02:00",
    "processes": [
      {
        "pid": "28024",
        "rss": "576744",
        "args": "java -Xmx2g -Xss1m -XX:+UseG1GC -jar app.jar"
      }
    ]
  }
]
