[
  {
    "timestamp": "2025-08-17T17:18:12.410508804+02:00",
    "processes": [
      {
        "pid": "31997",
        "rss": "210760",
        "args": "java -Xmx4g -Xss1m -XX:+UseShenandoahGC -jar app.jar"
      }
    ]
  },
  {
    "timestamp": "2025-08-17T17:18:13.400644143+02:00",
    "processes": [
      {
        "pid": "31997",
        "rss": "215752",
        "args": "java -Xmx4g -Xss1m -XX:+UseShenandoahGC -jar app.jar"
      }
    ]
  },
  {
    "timestamp": "2025-08-17T17:18:14.397229085+02:00",
    "processes": [
      {
        "pid": "31997",
        "rss": "226044",
        "args": "java -Xmx4g -Xss1m -XX:+UseShenandoahGC -jar app.jar"
      }
    ]
  },
  {
    "timestamp": "2025-08-17T17:18:15.395708816+02:00",
    "processes": [
      {
        "pid": "31997",
        "rss": "254960",
        "args": "java -Xmx4g -Xss1m -XX:+UseShenandoahGC -jar app.jar"
      }
    ]
  },
  {
    "timestamp": "2025-08-17T17:18:16.392536678+02:00",
    "processes": [
      {
        "pid": "31997",
        "rss": "288400",
        "args": "java -Xmx4g -Xss1m -XX:+UseShenandoahGC -jar app.jar"
      }
    ]
  },
  {
    "timestamp": "2025-08-17T17:18:17.387811685+02:00",
    "processes": [
      {
        "pid": "31997",
        "rss": "326144",
        "args": "java -Xmx4g -Xss1m -XX:+UseShenandoahGC -jar app.jar"
      }
    ]
  },
  {
    "timestamp": "2025-08-17T17:18:18.400227514+02:00",
    "processes": [
      {
        "pid": "31997",
        "rss": "355412",
        "args": "java -Xmx4g -Xss1m -XX:+UseShenandoahGC -jar app.jar"
      }
    ]
  },
  {
    "timestamp": "2025-08-17T17:18:19.39895089+02:00",
    "processes": [
      {
        "pid": "31997",
        "rss": "390552",
        "args": "java -Xmx4g -Xss1m -XX:+UseShenandoahGC -jar app.jar"
      }
    ]
  },
  {
    "timestamp": "2025-08-17T17:18:20.394755613+02:00",
    "processes": [
      {
        "pid": "31997",
        "rss": "423252",
        "args": "java -Xmx4g -Xss1m -XX:+UseShenandoahGC -jar app.jar"
      }
    ]
  },
  {
    "timestamp": "2025-08-17T17:18:21.399053756+02:00",
    "processes": [
      {
        "pid": "31997",
        "rss": "446776",
        "args": "java -Xmx4g -Xss1m -XX:+UseShenandoahGC -jar app.jar"
      }
    ]
  },
  {
    "timestamp": "2025-08-17T17:18:22.395485021+02:00",
    "processes": [
      {
        "pid": "31997",
        "rss": "476292",
        "args": "java -Xmx4g -Xss1m -XX:+UseShenandoahGC -jar app.jar"
      }
    ]
  },
  {
    "timestamp": "2025-08-17T17:18:23.395003238+02:00",
    "processes": [
      {
        "pid": "31997",
        "rss": "514300",
        "args": "java -Xmx4g -Xss1m -XX:+UseShenandoahGC -jar app.jar"
      }
    ]
  },
  {
    "timestamp": "2025-08-17T17:18:24.398141636+02:00",
    "processes": [
      {
        "pid": "31997",
        "rss": "532340",
        "args": "java -Xmx4g -Xss1m -XX:+UseShenandoahGC -jar app.jar"
      }
    ]
  },
  {
    "timestamp": "2025-08-17T17:18:25.394840239+02:00",
    "processes": [
      {
        "pid": "31997",
        "rss": "559348",
        "args": "java -Xmx4g -Xss1m -XX:+UseShenandoahGC -jar app.jar"
      }
    ]
  },
  {
    "timestamp": "2025-08-17T17:18:26.38309473+02:00",
    "processes": [
      {
        "pid": "31997",
        "rss": "578256",
        "args": "java -Xmx4g -Xss1m -XX:+UseShenandoahGC -jar app.jar"
      }
    ]
  },
  {
    "timestamp": "2025-08-17T17:18:27.378847204+02:00",
    "processes": [
      {
        "pid": "31997",
        "rss": "602944",
        "args": "java -Xmx4g -Xss1m -XX:+UseShenandoahGC -jar app.jar"
      }
    ]
  },
  {
    "timestamp": "2025-08-17T17:18:28.384229177+02:00",
    "processes": [
      {
        "pid": "31997",
        "rss": "623472",
        "args": "java -Xmx4g -Xss1m -XX:+UseShenandoahGC -jar app.jar"
      }
    ]
  },
  {
    "timestamp": "2025-08-17T17:18:29.393131598+02:00",
    "processes": [
      {
        "pid": "31997",
        "rss": "641944",
        "args": "java -Xmx4g -Xss1m -XX:+UseShenandoahGC -jar app.jar"
      }
    ]
  },
  {
    "timestamp": "2025-08-17T17:18:30.380933844+02:00",
    "processes": [
      {
        "pid": "31997",
        "rss": "658876",
        "args": "java -Xmx4g -Xss1m -XX:+UseShenandoahGC -jar app.jar"
      }
    ]
  },
  {
    "timestamp": "2025-08-17T17:18:31.383387925+02:00",
    "processes": [
      {
        "pid": "31997",
        "rss": "683464",
        "args": "java -Xmx4g -Xss1m -XX:+UseShenandoahGC -jar app.jar"
      }
    ]
  },
  {
    "timestamp": "2025-08-17T17:18:32.381499405+02:00",
    "processes": [
      {
        "pid": "31997",
        "rss": "701900",
        "args": "java -Xmx4g -Xss1m -XX:+UseShenandoahGC -jar app.jar"
      }
    ]
  },
  {
    "timestamp": "2025-08-17T17:18:33.386631765+02:00",
    "processes": [
      {
        "pid": "31997",
        "rss": "724460",
        "args": "java -Xmx4g -Xss1m -XX:+UseShenandoahGC -jar app.jar"
      }
    ]
  },
  {
    "timestamp": "2025-08-17T17:18:34.381689739+02:00",
    "processes": [
      {
        "pid": "31997",
        "rss": "749092",
        "args": "java -Xmx4g -Xss1m -XX:+UseShenandoahGC -jar app.jar"
      }
    ]
  },
  {
    "timestamp": "2025-08-17T17:18:35.380095208+02:00",
    "processes": [
      {
        "pid": "31997",
        "rss": "771728",
        "args": "java -Xmx4g -Xss1m -XX:+UseShenandoahGC -jar app.jar"
      }
    ]
  },
  {
    "timestamp": "2025-08-17T17:18:36.382143059+02:00",
    "processes": [
      {
        "pid": "31997",
        "rss": "790188",
        "args": "java -Xmx4g -Xss1m -XX:+UseShenandoahGC -jar app.jar"
      }
    ]
  },
  {
    "timestamp": "2025-08-17T17:18:37.380225547+02:00",
    "processes": [
      {
        "pid": "31997",
        "rss": "808624",
        "args": "java -Xmx4g -Xss1m -XX:+UseShenandoahGC -jar app.jar"
      }
    ]
  },
  {
    "timestamp": "2025-08-17T17:18:38.385274077+02:00",
    "processes": [
      {
        "pid": "31997",
        "rss": "835264",
        "args": "java -Xmx4g -Xss1m -XX:+UseShenandoahGC -jar app.jar"
      }
    ]
  },
  {
    "timestamp": "2025-08-17T17:18:39.383628505+02:00",
    "processes": [
      {
        "pid": "31997",
        "rss": "857796",
        "args": "java -Xmx4g -Xss1m -XX:+UseShenandoahGC -jar app.jar"
      }
    ]
  },
  {
    "timestamp": "2025-08-17T17:18:40.383701232+02:00",
    "processes": [
      {
        "pid": "31997",
        "rss": "876228",
        "args": "java -Xmx4g -Xss1m -XX:+UseShenandoahGC -jar app.jar"
      }
    ]
  },
  {
    "timestamp": "2025-08-17T17:18:41.382313788+02:00",
    "processes": [
      {
        "pid": "31997",
        "rss": "902860",
        "args": "java -Xmx4g -Xss1m -XX:+UseShenandoahGC -jar app.jar"
      }
    ]
  },
  {
    "timestamp": "2025-08-17T17:18:42.463701709+02:00",
    "processes": [
      {
        "pid": "31997",
        "rss": "934624",
        "args": "java -Xmx4g -Xss1m -XX:+UseShenandoahGC -jar app.jar"
      }
    ]
  }
]
