[
  {
    "timestamp": "2025-08-17T16:44:17.037128025+02:00",
    "processes": [
      {
        "pid": "8762",
        "rss": "355324",
        "args": "java -Xmx2g -Xss1m -XX:+UseG1GC -jar app.jar"
      }
    ]
  },
  {
    "timestamp": "2025-08-17T16:44:18.040261146+02:00",
    "processes": [
      {
        "pid": "8762",
        "rss": "365436",
        "args": "java -Xmx2g -Xss1m -XX:+UseG1GC -jar app.jar"
      }
    ]
  },
  {
    "timestamp": "2025-08-17T16:44:19.019564581+02:00",
    "processes": [
      {
        "pid": "8762",
        "rss": "381528",
        "args": "java -Xmx2g -Xss1m -XX:+UseG1GC -jar app.jar"
      }
    ]
  },
  {
    "timestamp": "2025-08-17T16:44:20.018575187+02:00",
    "processes": [
      {
        "pid": "8762",
        "rss": "407072",
        "args": "java -Xmx2g -Xss1m -XX:+UseG1GC -jar app.jar"
      }
    ]
  },
  {
    "timestamp": "2025-08-17T16:44:21.034384832+02:00",
    "processes": [
      {
        "pid": "8762",
        "rss": "408352",
        "args": "java -Xmx2g -Xss1m -XX:+UseG1GC -jar app.jar"
      }
    ]
  },
  {
    "timestamp": "2025-08-17T16:44:22.043766657+02:00",
    "processes": [
      {
        "pid": "8762",
        "rss": "412064",
        "args": "java -Xmx2g -Xss1m -XX:+UseG1GC -jar app.jar"
      }
    ]
  },
  {
    "timestamp": "2025-08-17T16:44:23.025709675+02:00",
    "processes": [
      {
        "pid": "8762",
        "rss": "413600",
        "args": "java -Xmx2g -Xss1m -XX:+UseG1GC -jar app.jar"
      }
    ]
  },
  {
    "timestamp": "2025-08-17T16:44:24.023129812+02:00",
    "processes": [
      {
        "pid": "8762",
        "rss": "417056",
        "args": "java -Xmx2g -Xss1m -XX:+UseG1GC -jar app.jar"
      }
    ]
  },
  {
    "timestamp": "2025-08-17T16:44:25.031878804+02:00",
    "processes": [
      {
        "pid": "8762",
        "rss": "428752",
        "args": "java -Xmx2g -Xss1m -XX:+UseG1GC -jar app.jar"
      }
    ]
  },
  {
    "timestamp": "2025-08-17T16:44:26.031736894+02:00",
    "processes": [
      {
        "pid": "8762",
        "rss": "453716",
        "args": "java -Xmx2g -Xss1m -XX:+UseG1GC -jar app.jar"
      }
    ]
  },
  {
    "timestamp": "2025-08-17T16:44:27.023140744+02:00",
    "processes": [
      {
        "pid": "8762",
        "rss": "458964",
        "args": "java -Xmx2g -Xss1m -XX:+UseG1GC -jar app.jar"
      }
    ]
  },
  {
    "timestamp": "2025-08-17T16:44:28.031433314+02:00",
    "processes": [
      {
        "pid": "8762",
        "rss": "461780",
        "args": "java -Xmx2g -Xss1m -XX:+UseG1GC -jar app.jar"
      }
    ]
  },
  {
    "timestamp": "2025-08-17T16:44:29.025288308+02:00",
    "processes": [
      {
        "pid": "8762",
        "rss": "462676",
        "args": "java -Xmx2g -Xss1m -XX:+UseG1GC -jar app.jar"
      }
    ]
  },
  {
    "timestamp": "2025-08-17T16:44:30.036689908+02:00",
    "processes": [
      {
        "pid": "8762",
        "rss": "512048",
        "args": "java -Xmx2g -Xss1m -XX:+UseG1GC -jar app.jar"
      }
    ]
  },
  {
    "timestamp": "2025-08-17T16:44:31.036540318+02:00",
    "processes": [
      {
        "pid": "8762",
        "rss": "512928",
        "args": "java -Xmx2g -Xss1m -XX:+UseG1GC -jar app.jar"
      }
    ]
  },
  {
    "timestamp": "2025-08-17T16:44:32.029135038+02:00",
    "processes": [
      {
        "pid": "8762",
        "rss": "513824",
        "args": "java -Xmx2g -Xss1m -XX:+UseG1GC -jar app.jar"
      }
    ]
  },
  {
    "timestamp": "2025-08-17T16:44:33.045531207+02:00",
    "processes": [
      {
        "pid": "8762",
        "rss": "516128",
        "args": "java -Xmx2g -Xss1m -XX:+UseG1GC -jar app.jar"
      }
    ]
  },
  {
    "timestamp": "2025-08-17T16:44:34.020534954+02:00",
    "processes": [
      {
        "pid": "8762",
        "rss": "520352",
        "args": "java -Xmx2g -Xss1m -XX:+UseG1GC -jar app.jar"
      }
    ]
  },
  {
    "timestamp": "2025-08-17T16:44:35.029442592+02:00",
    "processes": [
      {
        "pid": "8762",
        "rss": "521248",
        "args": "java -Xmx2g -Xss1m -XX:+UseG1GC -jar app.jar"
      }
    ]
  },
  {
    "timestamp": "2025-08-17T16:44:36.032240886+02:00",
    "processes": [
      {
        "pid": "8762",
        "rss": "559056",
        "args": "java -Xmx2g -Xss1m -XX:+UseG1GC -jar app.jar"
      }
    ]
  },
  {
    "timestamp": "2025-08-17T16:44:37.033840645+02:00",
    "processes": [
      {
        "pid": "8762",
        "rss": "559824",
        "args": "java -Xmx2g -Xss1m -XX:+UseG1GC -jar app.jar"
      }
    ]
  },
  {
    "timestamp": "2025-08-17T16:44:38.028824147+02:00",
    "processes": [
      {
        "pid": "8762",
        "rss": "560592",
        "args": "java -Xmx2g -Xss1m -XX:+UseG1GC -jar app.jar"
      }
    ]
  },
  {
    "timestamp": "2025-08-17T16:44:39.022475643+02:00",
    "processes": [
      {
        "pid": "8762",
        "rss": "560976",
        "args": "java -Xmx2g -Xss1m -XX:+UseG1GC -jar app.jar"
      }
    ]
  },
  {
    "timestamp": "2025-08-17T16:44:40.021144682+02:00",
    "processes": [
      {
        "pid": "8762",
        "rss": "561488",
        "args": "java -Xmx2g -Xss1m -XX:+UseG1GC -jar app.jar"
      }
    ]
  },
  {
    "timestamp": "2025-08-17T16:44:41.038216638+02:00",
    "processes": [
      {
        "pid": "8762",
        "rss": "561872",
        "args": "java -Xmx2g -Xss1m -XX:+UseG1GC -jar app.jar"
      }
    ]
  },
  {
    "timestamp": "2025-08-17T16:44:42.023327368+02:00",
    "processes": [
      {
        "pid": "8762",
        "rss": "562256",
        "args": "java -Xmx2g -Xss1m -XX:+UseG1GC -jar app.jar"
      }
    ]
  },
  {
    "timestamp": "2025-08-17T16:44:43.020524227+02:00",
    "processes": [
      {
        "pid": "8762",
        "rss": "562640",
        "args": "java -Xmx2g -Xss1m -XX:+UseG1GC -jar app.jar"
      }
    ]
  },
  {
    "timestamp": "2025-08-17T16:44:44.030472708+02:00",
    "processes": [
      {
        "pid": "8762",
        "rss": "563408",
        "args": "java -Xmx2g -Xss1m -XX:+UseG1GC -jar app.jar"
      }
    ]
  },
  {
    "timestamp": "2025-08-17T16:44:45.025480164+02:00",
    "processes": [
      {
        "pid": "8762",
        "rss": "608028",
        "args": "java -Xmx2g -Xss1m -XX:+UseG1GC -jar app.jar"
      }
    ]
  },
  {
    "timestamp": "2025-08-17T16:44:46.031006866+02:00",
    "processes": [
      {
        "pid": "8762",
        "rss": "608284",
        "args": "java -Xmx2g -Xss1m -XX:+UseG1GC -jar app.jar"
      }
    ]
  },
  {
    "timestamp": "2025-08-17T16:44:47.0738039+02:00",
    "processes": [
      {
        "pid": "8762",
        "rss": "608796",
        "args": "java -Xmx2g -Xss1m -XX:+UseG1GC -jar app.jar"
      }
    ]
  },
  {
    "timestamp": "2025-08-17T16:44:48.02037825+02:00",
    "processes": [
      {
        "pid": "8762",
        "rss": "609436",
        "args": "java -Xmx2g -Xss1m -XX:+UseG1GC -jar app.jar"
      }
    ]
  },
  {
    "timestamp": "2025-08-17T16:44:49.028025781+02:00",
    "processes": [
      {
        "pid": "8762",
        "rss": "610076",
        "args": "java -Xmx2g -Xss1m -XX:+UseG1GC -jar app.jar"
      }
    ]
  }
]
