[
  {
    "timestamp": "2025-08-17T17:34:24.207142144+02:00",
    "processes": [
      {
        "pid": "43916",
        "rss": "220040",
        "args": "./spring-petclinic -H:MaxHeapSize=512m -H:StackSize=1m"
      }
    ]
  },
  {
    "timestamp": "2025-08-17T17:34:25.198756229+02:00",
    "processes": [
      {
        "pid": "43916",
        "rss": "264756",
        "args": "./spring-petclinic -H:MaxHeapSize=512m -H:StackSize=1m"
      }
    ]
  },
  {
    "timestamp": "2025-08-17T17:34:26.187134137+02:00",
    "processes": [
      {
        "pid": "43916",
        "rss": "260660",
        "args": "./spring-petclinic -H:MaxHeapSize=512m -H:StackSize=1m"
      }
    ]
  },
  {
    "timestamp": "2025-08-17T17:34:27.19108394+02:00",
    "processes": [
      {
        "pid": "43916",
        "rss": "287404",
        "args": "./spring-petclinic -H:MaxHeapSize=512m -H:StackSize=1m"
      }
    ]
  },
  {
    "timestamp": "2025-08-17T17:34:28.185455464+02:00",
    "processes": [
      {
        "pid": "43916",
        "rss": "294100",
        "args": "./spring-petclinic -H:MaxHeapSize=512m -H:StackSize=1m"
      }
    ]
  },
  {
    "timestamp": "2025-08-17T17:34:29.187886299+02:00",
    "processes": [
      {
        "pid": "43916",
        "rss": "288992",
        "args": "./spring-petclinic -H:MaxHeapSize=512m -H:StackSize=1m"
      }
    ]
  },
  {
    "timestamp": "2025-08-17T17:34:30.189255635+02:00",
    "processes": [
      {
        "pid": "43916",
        "rss": "294204",
        "args": "./spring-petclinic -H:MaxHeapSize=512m -H:StackSize=1m"
      }
    ]
  },
  {
    "timestamp": "2025-08-17T17:34:31.185118643+02:00",
    "processes": [
      {
        "pid": "43916",
        "rss": "301724",
        "args": "./spring-petclinic -H:MaxHeapSize=512m -H:StackSize=1m"
      }
    ]
  },
  {
    "timestamp": "2025-08-17T17:34:32.19896644+02:00",
    "processes": [
      {
        "pid": "43916",
        "rss": "295156",
        "args": "./spring-petclinic -H:MaxHeapSize=512m -H:StackSize=1m"
      }
    ]
  },
  {
    "timestamp": "2025-08-17T17:34:33.194570986+02:00",
    "processes": [
      {
        "pid": "43916",
        "rss": "308220",
        "args": "./spring-petclinic -H:MaxHeapSize=512m -H:StackSize=1m"
      }
    ]
  },
  {
    "timestamp": "2025-08-17T17:34:34.222345662+02:00",
    "processes": [
      {
        "pid": "43916",
        "rss": "287296",
        "args": "./spring-petclinic -H:MaxHeapSize=512m -H:StackSize=1m"
      }
    ]
  },
  {
    "timestamp": "2025-08-17T17:34:35.18325983+02:00",
    "processes": [
      {
        "pid": "43916",
        "rss": "321856",
        "args": "./spring-petclinic -H:MaxHeapSize=512m -H:StackSize=1m"
      }
    ]
  },
  {
    "timestamp": "2025-08-17T17:34:36.187907393+02:00",
    "processes": [
      {
        "pid": "43916",
        "rss": "301608",
        "args": "./spring-petclinic -H:MaxHeapSize=512m -H:StackSize=1m"
      }
    ]
  },
  {
    "timestamp": "2025-08-17T17:34:37.188540943+02:00",
    "processes": [
      {
        "pid": "43916",
        "rss": "322172",
        "args": "./spring-petclinic -H:MaxHeapSize=512m -H:StackSize=1m"
      }
    ]
  },
  {
    "timestamp": "2025-08-17T17:34:38.192524235+02:00",
    "processes": [
      {
        "pid": "43916",
        "rss": "303516",
        "args": "./spring-petclinic -H:MaxHeapSize=512m -H:StackSize=1m"
      }
    ]
  },
  {
    "timestamp": "2025-08-17T17:34:39.197836994+02:00",
    "processes": [
      {
        "pid": "43916",
        "rss": "345972",
        "args": "./spring-petclinic -H:MaxHeapSize=512m -H:StackSize=1m"
      }
    ]
  },
  {
    "timestamp": "2025-08-17T17:34:40.189599954+02:00",
    "processes": [
      {
        "pid": "43916",
        "rss": "342944",
        "args": "./spring-petclinic -H:MaxHeapSize=512m -H:StackSize=1m"
      }
    ]
  },
  {
    "timestamp": "2025-08-17T17:34:41.190817923+02:00",
    "processes": [
      {
        "pid": "43916",
        "rss": "331396",
        "args": "./spring-petclinic -H:MaxHeapSize=512m -H:StackSize=1m"
      }
    ]
  },
  {
    "timestamp": "2025-08-17T17:34:42.192805748+02:00",
    "processes": [
      {
        "pid": "43916",
        "rss": "322488",
        "args": "./spring-petclinic -H:MaxHeapSize=512m -H:StackSize=1m"
      }
    ]
  },
  {
    "timestamp": "2025-08-17T17:34:43.193063032+02:00",
    "processes": [
      {
        "pid": "43916",
        "rss": "343644",
        "args": "./spring-petclinic -H:MaxHeapSize=512m -H:StackSize=1m"
      }
    ]
  },
  {
    "timestamp": "2025-08-17T17:34:44.195524525+02:00",
    "processes": [
      {
        "pid": "43916",
        "rss": "340924",
        "args": "./spring-petclinic -H:MaxHeapSize=512m -H:StackSize=1m"
      }
    ]
  },
  {
    "timestamp": "2025-08-17T17:34:45.190021048+02:00",
    "processes": [
      {
        "pid": "43916",
        "rss": "350484",
        "args": "./spring-petclinic -H:MaxHeapSize=512m -H:StackSize=1m"
      }
    ]
  },
  {
    "timestamp": "2025-08-17T17:34:46.194469734+02:00",
    "processes": [
      {
        "pid": "43916",
        "rss": "332808",
        "args": "./spring-petclinic -H:MaxHeapSize=512m -H:StackSize=1m"
      }
    ]
  },
  {
    "timestamp": "2025-08-17T17:34:47.185550113+02:00",
    "processes": [
      {
        "pid": "43916",
        "rss": "318044",
        "args": "./spring-petclinic -H:MaxHeapSize=512m -H:StackSize=1m"
      }
    ]
  },
  {
    "timestamp": "2025-08-17T17:34:48.194380421+02:00",
    "processes": [
      {
        "pid": "43916",
        "rss": "330088",
        "args": "./spring-petclinic -H:MaxHeapSize=512m -H:StackSize=1m"
      }
    ]
  },
  {
    "timestamp": "2025-08-17T17:34:49.206148115+02:00",
    "processes": [
      {
        "pid": "43916",
        "rss": "355940",
        "args": "./spring-petclinic -H:MaxHeapSize=512m -H:StackSize=1m"
      }
    ]
  },
  {
    "timestamp": "2025-08-17T17:34:50.19165457+02:00",
    "processes": [
      {
        "pid": "43916",
        "rss": "354172",
        "args": "./spring-petclinic -H:MaxHeapSize=512m -H:StackSize=1m"
      }
    ]
  },
  {
    "timestamp": "2025-08-17T17:34:51.199485051+02:00",
    "processes": [
      {
        "pid": "43916",
        "rss": "342724",
        "args": "./spring-petclinic -H:MaxHeapSize=512m -H:StackSize=1m"
      }
    ]
  },
  {
    "timestamp": "2025-08-17T17:34:52.19571552+02:00",
    "processes": [
      {
        "pid": "43916",
        "rss": "328272",
        "args": "./spring-petclinic -H:MaxHeapSize=512m -H:StackSize=1m"
      }
    ]
  },
  {
    "timestamp": "2025-08-17T17:34:53.19196649+02:00",
    "processes": [
      {
        "pid": "43916",
        "rss": "373056",
        "args": "./spring-petclinic -H:MaxHeapSize=512m -H:StackSize=1m"
      }
    ]
  },
  {
    "timestamp": "2025-08-17T17:34:54.192771026+02:00",
    "processes": [
      {
        "pid": "43916",
        "rss": "406080",
        "args": "./spring-petclinic -H:MaxHeapSize=512m -H:StackSize=1m"
      }
    ]
  },
  {
    "timestamp": "2025-08-17T17:34:55.208375882+02:00",
    "processes": [
      {
        "pid": "43916",
        "rss": "386216",
        "args": "./spring-petclinic -H:MaxHeapSize=512m -H:StackSize=1m"
      }
    ]
  },
  {
    "timestamp": "2025-08-17T17:34:56.180502549+02:00",
    "processes": [
      {
        "pid": "43916",
        "rss": "386216",
        "args": "./spring-petclinic -H:MaxHeapSize=512m -H:StackSize=1m"
      }
    ]
  },
  {
    "timestamp": "2025-08-17T17:34:57.18716654+02:00",
    "processes": [
      {
        "pid": "43916",
        "rss": "388520",
        "args": "./spring-petclinic -H:MaxHeapSize=512m -H:StackSize=1m"
      }
    ]
  },
  {
    "timestamp": "2025-08-17T17:34:58.181515008+02:00",
    "processes": [
      {
        "pid": "43916",
        "rss": "390320",
        "args": "./spring-petclinic -H:MaxHeapSize=512m -H:StackSize=1m"
      }
    ]
  },
  {
    "timestamp": "2025-08-17T17:34:59.183516111+02:00",
    "processes": [
      {
        "pid": "43916",
        "rss": "390832",
        "args": "./spring-petclinic -H:MaxHeapSize=512m -H:StackSize=1m"
      }
    ]
  },
  {
    "timestamp": "2025-08-17T17:35:00.19289058+02:00",
    "processes": [
      {
        "pid": "43916",
        "rss": "398384",
        "args": "./spring-petclinic -H:MaxHeapSize=512m -H:StackSize=1m"
      }
    ]
  },
  {
    "timestamp": "2025-08-17T17:35:01.186077284+02:00",
    "processes": [
      {
        "pid": "43916",
        "rss": "398384",
        "args": "./spring-petclinic -H:MaxHeapSize=512m -H:StackSize=1m"
      }
    ]
  },
  {
    "timestamp": "2025-08-17T17:35:02.203830187+02:00",
    "processes": [
      {
        "pid": "43916",
        "rss": "398384",
        "args": "./spring-petclinic -H:MaxHeapSize=512m -H:StackSize=1m"
      }
    ]
  }
]
