[
  {
    "timestamp": "2025-08-17T17:16:17.146518438+02:00",
    "processes": [
      {
        "pid": "30395",
        "rss": "224952",
        "args": "java -Xmx2g -Xss1m -XX:+UseShenandoahGC -Dquarkus.http.host=0.0.0.0 -Djava.util.logging.manager=org.jboss.logmanager.LogManager -jar /deployments/quarkus-run.jar"
      }
    ]
  },
  {
    "timestamp": "2025-08-17T17:16:18.104276155+02:00",
    "processes": [
      {
        "pid": "30395",
        "rss": "414212",
        "args": "java -Xmx2g -Xss1m -XX:+UseShenandoahGC -Dquarkus.http.host=0.0.0.0 -Djava.util.logging.manager=org.jboss.logmanager.LogManager -jar /deployments/quarkus-run.jar"
      }
    ]
  },
  {
    "timestamp": "2025-08-17T17:16:19.146917601+02:00",
    "processes": [
      {
        "pid": "30395",
        "rss": "671280",
        "args": "java -Xmx2g -Xss1m -XX:+UseShenandoahGC -Dquarkus.http.host=0.0.0.0 -Djava.util.logging.manager=org.jboss.logmanager.LogManager -jar /deployments/quarkus-run.jar"
      }
    ]
  },
  {
    "timestamp": "2025-08-17T17:16:20.1277778+02:00",
    "processes": [
      {
        "pid": "30395",
        "rss": "949432",
        "args": "java -Xmx2g -Xss1m -XX:+UseShenandoahGC -Dquarkus.http.host=0.0.0.0 -Djava.util.logging.manager=org.jboss.logmanager.LogManager -jar /deployments/quarkus-run.jar"
      }
    ]
  },
  {
    "timestamp": "2025-08-17T17:16:21.120179938+02:00",
    "processes": [
      {
        "pid": "30395",
        "rss": "1130296",
        "args": "java -Xmx2g -Xss1m -XX:+UseShenandoahGC -Dquarkus.http.host=0.0.0.0 -Djava.util.logging.manager=org.jboss.logmanager.LogManager -jar /deployments/quarkus-run.jar"
      }
    ]
  },
  {
    "timestamp": "2025-08-17T17:16:22.130660118+02:00",
    "processes": [
      {
        "pid": "30395",
        "rss": "1474616",
        "args": "java -Xmx2g -Xss1m -XX:+UseShenandoahGC -Dquarkus.http.host=0.0.0.0 -Djava.util.logging.manager=org.jboss.logmanager.LogManager -jar /deployments/quarkus-run.jar"
      }
    ]
  },
  {
    "timestamp": "2025-08-17T17:16:23.117947651+02:00",
    "processes": [
      {
        "pid": "30395",
        "rss": "1744568",
        "args": "java -Xmx2g -Xss1m -XX:+UseShenandoahGC -Dquarkus.http.host=0.0.0.0 -Djava.util.logging.manager=org.jboss.logmanager.LogManager -jar /deployments/quarkus-run.jar"
      }
    ]
  },
  {
    "timestamp": "2025-08-17T17:16:24.116054339+02:00",
    "processes": [
      {
        "pid": "30395",
        "rss": "2060472",
        "args": "java -Xmx2g -Xss1m -XX:+UseShenandoahGC -Dquarkus.http.host=0.0.0.0 -Djava.util.logging.manager=org.jboss.logmanager.LogManager -jar /deployments/quarkus-run.jar"
      }
    ]
  },
  {
    "timestamp": "2025-08-17T17:16:25.138179347+02:00",
    "processes": [
      {
        "pid": "30395",
        "rss": "2112568",
        "args": "java -Xmx2g -Xss1m -XX:+UseShenandoahGC -Dquarkus.http.host=0.0.0.0 -Djava.util.logging.manager=org.jboss.logmanager.LogManager -jar /deployments/quarkus-run.jar"
      }
    ]
  },
  {
    "timestamp": "2025-08-17T17:16:26.119709149+02:00",
    "processes": [
      {
        "pid": "30395",
        "rss": "2192824",
        "args": "java -Xmx2g -Xss1m -XX:+UseShenandoahGC -Dquarkus.http.host=0.0.0.0 -Djava.util.logging.manager=org.jboss.logmanager.LogManager -jar /deployments/quarkus-run.jar"
      }
    ]
  },
  {
    "timestamp": "2025-08-17T17:16:27.108516159+02:00",
    "processes": [
      {
        "pid": "30395",
        "rss": "2254360",
        "args": "java -Xmx2g -Xss1m -XX:+UseShenandoahGC -Dquarkus.http.host=0.0.0.0 -Djava.util.logging.manager=org.jboss.logmanager.LogManager -jar /deployments/quarkus-run.jar"
      }
    ]
  },
  {
    "timestamp": "2025-08-17T17:16:28.118739117+02:00",
    "processes": [
      {
        "pid": "30395",
        "rss": "2287128",
        "args": "java -Xmx2g -Xss1m -XX:+UseShenandoahGC -Dquarkus.http.host=0.0.0.0 -Djava.util.logging.manager=org.jboss.logmanager.LogManager -jar /deployments/quarkus-run.jar"
      }
    ]
  },
  {
    "timestamp": "2025-08-17T17:16:29.11357356+02:00",
    "processes": [
      {
        "pid": "30395",
        "rss": "2319756",
        "args": "java -Xmx2g -Xss1m -XX:+UseShenandoahGC -Dquarkus.http.host=0.0.0.0 -Djava.util.logging.manager=org.jboss.logmanager.LogManager -jar /deployments/quarkus-run.jar"
      }
    ]
  },
  {
    "timestamp": "2025-08-17T17:16:30.110381401+02:00",
    "processes": [
      {
        "pid": "30395",
        "rss": "2334732",
        "args": "java -Xmx2g -Xss1m -XX:+UseShenandoahGC -Dquarkus.http.host=0.0.0.0 -Djava.util.logging.manager=org.jboss.logmanager.LogManager -jar /deployments/quarkus-run.jar"
      }
    ]
  },
  {
    "timestamp": "2025-08-17T17:16:31.108748456+02:00",
    "processes": [
      {
        "pid": "30395",
        "rss": "2337932",
        "args": "java -Xmx2g -Xss1m -XX:+UseShenandoahGC -Dquarkus.http.host=0.0.0.0 -Djava.util.logging.manager=org.jboss.logmanager.LogManager -jar /deployments/quarkus-run.jar"
      }
    ]
  },
  {
    "timestamp": "2025-08-17T17:16:32.110249675+02:00",
    "processes": [
      {
        "pid": "30395",
        "rss": "2346636",
        "args": "java -Xmx2g -Xss1m -XX:+UseShenandoahGC -Dquarkus.http.host=0.0.0.0 -Djava.util.logging.manager=org.jboss.logmanager.LogManager -jar /deployments/quarkus-run.jar"
      }
    ]
  },
  {
    "timestamp": "2025-08-17T17:16:33.10862285+02:00",
    "processes": [
      {
        "pid": "30395",
        "rss": "2349580",
        "args": "java -Xmx2g -Xss1m -XX:+UseShenandoahGC -Dquarkus.http.host=0.0.0.0 -Djava.util.logging.manager=org.jboss.logmanager.LogManager -jar /deployments/quarkus-run.jar"
      }
    ]
  },
  {
    "timestamp": "2025-08-17T17:16:34.115128364+02:00",
    "processes": [
      {
        "pid": "30395",
        "rss": "2358796",
        "args": "java -Xmx2g -Xss1m -XX:+UseShenandoahGC -Dquarkus.http.host=0.0.0.0 -Djava.util.logging.manager=org.jboss.logmanager.LogManager -jar /deployments/quarkus-run.jar"
      }
    ]
  },
  {
    "timestamp": "2025-08-17T17:16:35.120209339+02:00",
    "processes": [
      {
        "pid": "30395",
        "rss": "2377484",
        "args": "java -Xmx2g -Xss1m -XX:+UseShenandoahGC -Dquarkus.http.host=0.0.0.0 -Djava.util.logging.manager=org.jboss.logmanager.LogManager -jar /deployments/quarkus-run.jar"
      }
    ]
  },
  {
    "timestamp": "2025-08-17T17:16:36.112631506+02:00",
    "processes": [
      {
        "pid": "30395",
        "rss": "2378380",
        "args": "java -Xmx2g -Xss1m -XX:+UseShenandoahGC -Dquarkus.http.host=0.0.0.0 -Djava.util.logging.manager=org.jboss.logmanager.LogManager -jar /deployments/quarkus-run.jar"
      }
    ]
  },
  {
    "timestamp": "2025-08-17T17:16:37.1212131+02:00",
    "processes": [
      {
        "pid": "30395",
        "rss": "2380172",
        "args": "java -Xmx2g -Xss1m -XX:+UseShenandoahGC -Dquarkus.http.host=0.0.0.0 -Djava.util.logging.manager=org.jboss.logmanager.LogManager -jar /deployments/quarkus-run.jar"
      }
    ]
  },
  {
    "timestamp": "2025-08-17T17:16:38.106454352+02:00",
    "processes": [
      {
        "pid": "30395",
        "rss": "2384524",
        "args": "java -Xmx2g -Xss1m -XX:+UseShenandoahGC -Dquarkus.http.host=0.0.0.0 -Djava.util.logging.manager=org.jboss.logmanager.LogManager -jar /deployments/quarkus-run.jar"
      }
    ]
  },
  {
    "timestamp": "2025-08-17T17:16:39.113586901+02:00",
    "processes": [
      {
        "pid": "30395",
        "rss": "2386572",
        "args": "java -Xmx2g -Xss1m -XX:+UseShenandoahGC -Dquarkus.http.host=0.0.0.0 -Djava.util.logging.manager=org.jboss.logmanager.LogManager -jar /deployments/quarkus-run.jar"
      }
    ]
  },
  {
    "timestamp": "2025-08-17T17:16:40.115057145+02:00",
    "processes": [
      {
        "pid": "30395",
        "rss": "2387084",
        "args": "java -Xmx2g -Xss1m -XX:+UseShenandoahGC -Dquarkus.http.host=0.0.0.0 -Djava.util.logging.manager=org.jboss.logmanager.LogManager -jar /deployments/quarkus-run.jar"
      }
    ]
  },
  {
    "timestamp": "2025-08-17T17:16:41.114100747+02:00",
    "processes": [
      {
        "pid": "30395",
        "rss": "2390156",
        "args": "java -Xmx2g -Xss1m -XX:+UseShenandoahGC -Dquarkus.http.host=0.0.0.0 -Djava.util.logging.manager=org.jboss.logmanager.LogManager -jar /deployments/quarkus-run.jar"
      }
    ]
  },
  {
    "timestamp": "2025-08-17T17:16:42.119645427+02:00",
    "processes": [
      {
        "pid": "30395",
        "rss": "2390412",
        "args": "java -Xmx2g -Xss1m -XX:+UseShenandoahGC -Dquarkus.http.host=0.0.0.0 -Djava.util.logging.manager=org.jboss.logmanager.LogManager -jar /deployments/quarkus-run.jar"
      }
    ]
  },
  {
    "timestamp": "2025-08-17T17:16:43.142679456+02:00",
    "processes": [
      {
        "pid": "30395",
        "rss": "2390412",
        "args": "java -Xmx2g -Xss1m -XX:+UseShenandoahGC -Dquarkus.http.host=0.0.0.0 -Djava.util.logging.manager=org.jboss.logmanager.LogManager -jar /deployments/quarkus-run.jar"
      }
    ]
  },
  {
    "timestamp": "2025-08-17T17:16:44.115676009+02:00",
    "processes": [
      {
        "pid": "30395",
        "rss": "2391436",
        "args": "java -Xmx2g -Xss1m -XX:+UseShenandoahGC -Dquarkus.http.host=0.0.0.0 -Djava.util.logging.manager=org.jboss.logmanager.LogManager -jar /deployments/quarkus-run.jar"
      }
    ]
  },
  {
    "timestamp": "2025-08-17T17:16:45.144107611+02:00",
    "processes": [
      {
        "pid": "30395",
        "rss": "2393100",
        "args": "java -Xmx2g -Xss1m -XX:+UseShenandoahGC -Dquarkus.http.host=0.0.0.0 -Djava.util.logging.manager=org.jboss.logmanager.LogManager -jar /deployments/quarkus-run.jar"
      }
    ]
  },
  {
    "timestamp": "2025-08-17T17:16:46.124032979+02:00",
    "processes": [
      {
        "pid": "30395",
        "rss": "2394636",
        "args": "java -Xmx2g -Xss1m -XX:+UseShenandoahGC -Dquarkus.http.host=0.0.0.0 -Djava.util.logging.manager=org.jboss.logmanager.LogManager -jar /deployments/quarkus-run.jar"
      }
    ]
  },
  {
    "timestamp": "2025-08-17T17:16:47.115254468+02:00",
    "processes": [
      {
        "pid": "30395",
        "rss": "2395020",
        "args": "java -Xmx2g -Xss1m -XX:+UseShenandoahGC -Dquarkus.http.host=0.0.0.0 -Djava.util.logging.manager=org.jboss.logmanager.LogManager -jar /deployments/quarkus-run.jar"
      }
    ]
  }
]
