[
  {
    "timestamp": "2025-08-17T17:32:45.899507013+02:00",
    "processes": [
      {
        "pid": "42736",
        "rss": "359028",
        "args": "java -Xmx2g -Xss1m -XX:+UseG1GC -jar app.jar"
      }
    ]
  },
  {
    "timestamp": "2025-08-17T17:32:46.839854125+02:00",
    "processes": [
      {
        "pid": "42736",
        "rss": "366068",
        "args": "java -Xmx2g -Xss1m -XX:+UseG1GC -jar app.jar"
      }
    ]
  },
  {
    "timestamp": "2025-08-17T17:32:47.83779112+02:00",
    "processes": [
      {
        "pid": "42736",
        "rss": "377332",
        "args": "java -Xmx2g -Xss1m -XX:+UseG1GC -jar app.jar"
      }
    ]
  },
  {
    "timestamp": "2025-08-17T17:32:48.844518848+02:00",
    "processes": [
      {
        "pid": "42736",
        "rss": "380148",
        "args": "java -Xmx2g -Xss1m -XX:+UseG1GC -jar app.jar"
      }
    ]
  },
  {
    "timestamp": "2025-08-17T17:32:49.832985775+02:00",
    "processes": [
      {
        "pid": "42736",
        "rss": "381812",
        "args": "java -Xmx2g -Xss1m -XX:+UseG1GC -jar app.jar"
      }
    ]
  },
  {
    "timestamp": "2025-08-17T17:32:50.841972317+02:00",
    "processes": [
      {
        "pid": "42736",
        "rss": "385908",
        "args": "java -Xmx2g -Xss1m -XX:+UseG1GC -jar app.jar"
      }
    ]
  },
  {
    "timestamp": "2025-08-17T17:32:51.84313855+02:00",
    "processes": [
      {
        "pid": "42736",
        "rss": "387188",
        "args": "java -Xmx2g -Xss1m -XX:+UseG1GC -jar app.jar"
      }
    ]
  },
  {
    "timestamp": "2025-08-17T17:32:52.860877568+02:00",
    "processes": [
      {
        "pid": "42736",
        "rss": "390132",
        "args": "java -Xmx2g -Xss1m -XX:+UseG1GC -jar app.jar"
      }
    ]
  },
  {
    "timestamp": "2025-08-17T17:32:53.870218097+02:00",
    "processes": [
      {
        "pid": "42736",
        "rss": "394868",
        "args": "java -Xmx2g -Xss1m -XX:+UseG1GC -jar app.jar"
      }
    ]
  },
  {
    "timestamp": "2025-08-17T17:32:54.846454728+02:00",
    "processes": [
      {
        "pid": "42736",
        "rss": "417852",
        "args": "java -Xmx2g -Xss1m -XX:+UseG1GC -jar app.jar"
      }
    ]
  },
  {
    "timestamp": "2025-08-17T17:32:55.845792364+02:00",
    "processes": [
      {
        "pid": "42736",
        "rss": "418364",
        "args": "java -Xmx2g -Xss1m -XX:+UseG1GC -jar app.jar"
      }
    ]
  },
  {
    "timestamp": "2025-08-17T17:32:56.840622354+02:00",
    "processes": [
      {
        "pid": "42736",
        "rss": "419900",
        "args": "java -Xmx2g -Xss1m -XX:+UseG1GC -jar app.jar"
      }
    ]
  },
  {
    "timestamp": "2025-08-17T17:32:57.840873446+02:00",
    "processes": [
      {
        "pid": "42736",
        "rss": "420796",
        "args": "java -Xmx2g -Xss1m -XX:+UseG1GC -jar app.jar"
      }
    ]
  },
  {
    "timestamp": "2025-08-17T17:32:58.842203855+02:00",
    "processes": [
      {
        "pid": "42736",
        "rss": "429404",
        "args": "java -Xmx2g -Xss1m -XX:+UseG1GC -jar app.jar"
      }
    ]
  },
  {
    "timestamp": "2025-08-17T17:32:59.837051105+02:00",
    "processes": [
      {
        "pid": "42736",
        "rss": "449900",
        "args": "java -Xmx2g -Xss1m -XX:+UseG1GC -jar app.jar"
      }
    ]
  },
  {
    "timestamp": "2025-08-17T17:33:00.836634906+02:00",
    "processes": [
      {
        "pid": "42736",
        "rss": "450540",
        "args": "java -Xmx2g -Xss1m -XX:+UseG1GC -jar app.jar"
      }
    ]
  },
  {
    "timestamp": "2025-08-17T17:33:01.838652283+02:00",
    "processes": [
      {
        "pid": "42736",
        "rss": "453868",
        "args": "java -Xmx2g -Xss1m -XX:+UseG1GC -jar app.jar"
      }
    ]
  },
  {
    "timestamp": "2025-08-17T17:33:02.838851154+02:00",
    "processes": [
      {
        "pid": "42736",
        "rss": "534588",
        "args": "java -Xmx2g -Xss1m -XX:+UseG1GC -jar app.jar"
      }
    ]
  },
  {
    "timestamp": "2025-08-17T17:33:03.841852985+02:00",
    "processes": [
      {
        "pid": "42736",
        "rss": "537996",
        "args": "java -Xmx2g -Xss1m -XX:+UseG1GC -jar app.jar"
      }
    ]
  },
  {
    "timestamp": "2025-08-17T17:33:04.83347904+02:00",
    "processes": [
      {
        "pid": "42736",
        "rss": "544684",
        "args": "java -Xmx2g -Xss1m -XX:+UseG1GC -jar app.jar"
      }
    ]
  },
  {
    "timestamp": "2025-08-17T17:33:05.835450309+02:00",
    "processes": [
      {
        "pid": "42736",
        "rss": "542356",
        "args": "java -Xmx2g -Xss1m -XX:+UseG1GC -jar app.jar"
      }
    ]
  },
  {
    "timestamp": "2025-08-17T17:33:06.837885359+02:00",
    "processes": [
      {
        "pid": "42736",
        "rss": "546324",
        "args": "java -Xmx2g -Xss1m -XX:+UseG1GC -jar app.jar"
      }
    ]
  },
  {
    "timestamp": "2025-08-17T17:33:07.835934921+02:00",
    "processes": [
      {
        "pid": "42736",
        "rss": "546580",
        "args": "java -Xmx2g -Xss1m -XX:+UseG1GC -jar app.jar"
      }
    ]
  },
  {
    "timestamp": "2025-08-17T17:33:08.848821911+02:00",
    "processes": [
      {
        "pid": "42736",
        "rss": "549012",
        "args": "java -Xmx2g -Xss1m -XX:+UseG1GC -jar app.jar"
      }
    ]
  },
  {
    "timestamp": "2025-08-17T17:33:09.838394682+02:00",
    "processes": [
      {
        "pid": "42736",
        "rss": "555668",
        "args": "java -Xmx2g -Xss1m -XX:+UseG1GC -jar app.jar"
      }
    ]
  },
  {
    "timestamp": "2025-08-17T17:33:10.843243078+02:00",
    "processes": [
      {
        "pid": "42736",
        "rss": "559124",
        "args": "java -Xmx2g -Xss1m -XX:+UseG1GC -jar app.jar"
      }
    ]
  },
  {
    "timestamp": "2025-08-17T17:33:11.842528732+02:00",
    "processes": [
      {
        "pid": "42736",
        "rss": "559380",
        "args": "java -Xmx2g -Xss1m -XX:+UseG1GC -jar app.jar"
      }
    ]
  },
  {
    "timestamp": "2025-08-17T17:33:12.856261694+02:00",
    "processes": [
      {
        "pid": "42736",
        "rss": "559764",
        "args": "java -Xmx2g -Xss1m -XX:+UseG1GC -jar app.jar"
      }
    ]
  },
  {
    "timestamp": "2025-08-17T17:33:13.847372975+02:00",
    "processes": [
      {
        "pid": "42736",
        "rss": "563348",
        "args": "java -Xmx2g -Xss1m -XX:+UseG1GC -jar app.jar"
      }
    ]
  },
  {
    "timestamp": "2025-08-17T17:33:14.840769141+02:00",
    "processes": [
      {
        "pid": "42736",
        "rss": "563988",
        "args": "java -Xmx2g -Xss1m -XX:+UseG1GC -jar app.jar"
      }
    ]
  },
  {
    "timestamp": "2025-08-17T17:33:15.848768037+02:00",
    "processes": [
      {
        "pid": "42736",
        "rss": "564500",
        "args": "java -Xmx2g -Xss1m -XX:+UseG1GC -jar app.jar"
      }
    ]
  },
  {
    "timestamp": "2025-08-17T17:33:16.860693533+02:00",
    "processes": [
      {
        "pid": "42736",
        "rss": "565012",
        "args": "java -Xmx2g -Xss1m -XX:+UseG1GC -jar app.jar"
      }
    ]
  },
  {
    "timestamp": "2025-08-17T17:33:17.836232737+02:00",
    "processes": [
      {
        "pid": "42736",
        "rss": "565268",
        "args": "java -Xmx2g -Xss1m -XX:+UseG1GC -jar app.jar"
      }
    ]
  },
  {
    "timestamp": "2025-08-17T17:33:18.839122689+02:00",
    "processes": [
      {
        "pid": "42736",
        "rss": "565780",
        "args": "java -Xmx2g -Xss1m -XX:+UseG1GC -jar app.jar"
      }
    ]
  }
]
