[
  {
    "timestamp": "2025-08-17T17:40:57.009139427+02:00",
    "processes": [
      {
        "pid": "48861",
        "rss": "225816",
        "args": "./spring-petclinic -H:MaxHeapSize=512m -H:StackSize=1m"
      }
    ]
  },
  {
    "timestamp": "2025-08-17T17:40:58.032161865+02:00",
    "processes": [
      {
        "pid": "48861",
        "rss": "262356",
        "args": "./spring-petclinic -H:MaxHeapSize=512m -H:StackSize=1m"
      }
    ]
  },
  {
    "timestamp": "2025-08-17T17:40:59.032060786+02:00",
    "processes": [
      {
        "pid": "48861",
        "rss": "258980",
        "args": "./spring-petclinic -H:MaxHeapSize=512m -H:StackSize=1m"
      }
    ]
  },
  {
    "timestamp": "2025-08-17T17:41:00.008488666+02:00",
    "processes": [
      {
        "pid": "48861",
        "rss": "249976",
        "args": "./spring-petclinic -H:MaxHeapSize=512m -H:StackSize=1m"
      }
    ]
  },
  {
    "timestamp": "2025-08-17T17:41:01.001467222+02:00",
    "processes": [
      {
        "pid": "48861",
        "rss": "297008",
        "args": "./spring-petclinic -H:MaxHeapSize=512m -H:StackSize=1m"
      }
    ]
  },
  {
    "timestamp": "2025-08-17T17:41:02.003636627+02:00",
    "processes": [
      {
        "pid": "48861",
        "rss": "277236",
        "args": "./spring-petclinic -H:MaxHeapSize=512m -H:StackSize=1m"
      }
    ]
  },
  {
    "timestamp": "2025-08-17T17:41:03.010194544+02:00",
    "processes": [
      {
        "pid": "48861",
        "rss": "266972",
        "args": "./spring-petclinic -H:MaxHeapSize=512m -H:StackSize=1m"
      }
    ]
  },
  {
    "timestamp": "2025-08-17T17:41:04.006797642+02:00",
    "processes": [
      {
        "pid": "48861",
        "rss": "287920",
        "args": "./spring-petclinic -H:MaxHeapSize=512m -H:StackSize=1m"
      }
    ]
  },
  {
    "timestamp": "2025-08-17T17:41:05.003523194+02:00",
    "processes": [
      {
        "pid": "48861",
        "rss": "284344",
        "args": "./spring-petclinic -H:MaxHeapSize=512m -H:StackSize=1m"
      }
    ]
  },
  {
    "timestamp": "2025-08-17T17:41:06.003605422+02:00",
    "processes": [
      {
        "pid": "48861",
        "rss": "298212",
        "args": "./spring-petclinic -H:MaxHeapSize=512m -H:StackSize=1m"
      }
    ]
  },
  {
    "timestamp": "2025-08-17T17:41:07.014496753+02:00",
    "processes": [
      {
        "pid": "48861",
        "rss": "308664",
        "args": "./spring-petclinic -H:MaxHeapSize=512m -H:StackSize=1m"
      }
    ]
  },
  {
    "timestamp": "2025-08-17T17:41:08.020738165+02:00",
    "processes": [
      {
        "pid": "48861",
        "rss": "329060",
        "args": "./spring-petclinic -H:MaxHeapSize=512m -H:StackSize=1m"
      }
    ]
  },
  {
    "timestamp": "2025-08-17T17:41:09.003566905+02:00",
    "processes": [
      {
        "pid": "48861",
        "rss": "318080",
        "args": "./spring-petclinic -H:MaxHeapSize=512m -H:StackSize=1m"
      }
    ]
  },
  {
    "timestamp": "2025-08-17T17:41:09.997871466+02:00",
    "processes": [
      {
        "pid": "48861",
        "rss": "308256",
        "args": "./spring-petclinic -H:MaxHeapSize=512m -H:StackSize=1m"
      }
    ]
  },
  {
    "timestamp": "2025-08-17T17:41:11.006792263+02:00",
    "processes": [
      {
        "pid": "48861",
        "rss": "351016",
        "args": "./spring-petclinic -H:MaxHeapSize=512m -H:StackSize=1m"
      }
    ]
  },
  {
    "timestamp": "2025-08-17T17:41:12.001430052+02:00",
    "processes": [
      {
        "pid": "48861",
        "rss": "317980",
        "args": "./spring-petclinic -H:MaxHeapSize=512m -H:StackSize=1m"
      }
    ]
  },
  {
    "timestamp": "2025-08-17T17:41:13.005128071+02:00",
    "processes": [
      {
        "pid": "48861",
        "rss": "305624",
        "args": "./spring-petclinic -H:MaxHeapSize=512m -H:StackSize=1m"
      }
    ]
  },
  {
    "timestamp": "2025-08-17T17:41:14.004280919+02:00",
    "processes": [
      {
        "pid": "48861",
        "rss": "299952",
        "args": "./spring-petclinic -H:MaxHeapSize=512m -H:StackSize=1m"
      }
    ]
  },
  {
    "timestamp": "2025-08-17T17:41:14.998262533+02:00",
    "processes": [
      {
        "pid": "48861",
        "rss": "356008",
        "args": "./spring-petclinic -H:MaxHeapSize=512m -H:StackSize=1m"
      }
    ]
  },
  {
    "timestamp": "2025-08-17T17:41:16.009648653+02:00",
    "processes": [
      {
        "pid": "48861",
        "rss": "356640",
        "args": "./spring-petclinic -H:MaxHeapSize=512m -H:StackSize=1m"
      }
    ]
  },
  {
    "timestamp": "2025-08-17T17:41:17.006044264+02:00",
    "processes": [
      {
        "pid": "48861",
        "rss": "345484",
        "args": "./spring-petclinic -H:MaxHeapSize=512m -H:StackSize=1m"
      }
    ]
  },
  {
    "timestamp": "2025-08-17T17:41:17.996173649+02:00",
    "processes": [
      {
        "pid": "48861",
        "rss": "334304",
        "args": "./spring-petclinic -H:MaxHeapSize=512m -H:StackSize=1m"
      }
    ]
  },
  {
    "timestamp": "2025-08-17T17:41:19.011234095+02:00",
    "processes": [
      {
        "pid": "48861",
        "rss": "379848",
        "args": "./spring-petclinic -H:MaxHeapSize=512m -H:StackSize=1m"
      }
    ]
  },
  {
    "timestamp": "2025-08-17T17:41:20.004454407+02:00",
    "processes": [
      {
        "pid": "48861",
        "rss": "388160",
        "args": "./spring-petclinic -H:MaxHeapSize=512m -H:StackSize=1m"
      }
    ]
  },
  {
    "timestamp": "2025-08-17T17:41:21.009324378+02:00",
    "processes": [
      {
        "pid": "48861",
        "rss": "397584",
        "args": "./spring-petclinic -H:MaxHeapSize=512m -H:StackSize=1m"
      }
    ]
  },
  {
    "timestamp": "2025-08-17T17:41:22.010986273+02:00",
    "processes": [
      {
        "pid": "48861",
        "rss": "380072",
        "args": "./spring-petclinic -H:MaxHeapSize=512m -H:StackSize=1m"
      }
    ]
  },
  {
    "timestamp": "2025-08-17T17:41:23.012146707+02:00",
    "processes": [
      {
        "pid": "48861",
        "rss": "364876",
        "args": "./spring-petclinic -H:MaxHeapSize=512m -H:StackSize=1m"
      }
    ]
  },
  {
    "timestamp": "2025-08-17T17:41:24.015070712+02:00",
    "processes": [
      {
        "pid": "48861",
        "rss": "357564",
        "args": "./spring-petclinic -H:MaxHeapSize=512m -H:StackSize=1m"
      }
    ]
  },
  {
    "timestamp": "2025-08-17T17:41:25.008915036+02:00",
    "processes": [
      {
        "pid": "48861",
        "rss": "362448",
        "args": "./spring-petclinic -H:MaxHeapSize=512m -H:StackSize=1m"
      }
    ]
  },
  {
    "timestamp": "2025-08-17T17:41:26.015244954+02:00",
    "processes": [
      {
        "pid": "48861",
        "rss": "398816",
        "args": "./spring-petclinic -H:MaxHeapSize=512m -H:StackSize=1m"
      }
    ]
  },
  {
    "timestamp": "2025-08-17T17:41:27.151692841+02:00",
    "processes": [
      {
        "pid": "48861",
        "rss": "398176",
        "args": "./spring-petclinic -H:MaxHeapSize=512m -H:StackSize=1m"
      }
    ]
  },
  {
    "timestamp": "2025-08-17T17:41:28.00472809+02:00",
    "processes": [
      {
        "pid": "48861",
        "rss": "379760",
        "args": "./spring-petclinic -H:MaxHeapSize=512m -H:StackSize=1m"
      }
    ]
  },
  {
    "timestamp": "2025-08-17T17:41:28.99972004+02:00",
    "processes": [
      {
        "pid": "48861",
        "rss": "379760",
        "args": "./spring-petclinic -H:MaxHeapSize=512m -H:StackSize=1m"
      }
    ]
  },
  {
    "timestamp": "2025-08-17T17:41:30.023239222+02:00",
    "processes": [
      {
        "pid": "48861",
        "rss": "381092",
        "args": "./spring-petclinic -H:MaxHeapSize=512m -H:StackSize=1m"
      }
    ]
  },
  {
    "timestamp": "2025-08-17T17:41:31.003809498+02:00",
    "processes": [
      {
        "pid": "48861",
        "rss": "382500",
        "args": "./spring-petclinic -H:MaxHeapSize=512m -H:StackSize=1m"
      }
    ]
  },
  {
    "timestamp": "2025-08-17T17:41:32.025741239+02:00",
    "processes": [
      {
        "pid": "48861",
        "rss": "382500",
        "args": "./spring-petclinic -H:MaxHeapSize=512m -H:StackSize=1m"
      }
    ]
  },
  {
    "timestamp": "2025-08-17T17:41:33.01576085+02:00",
    "processes": [
      {
        "pid": "48861",
        "rss": "382500",
        "args": "./spring-petclinic -H:MaxHeapSize=512m -H:StackSize=1m"
      }
    ]
  },
  {
    "timestamp": "2025-08-17T17:41:34.01786198+02:00",
    "processes": [
      {
        "pid": "48861",
        "rss": "382500",
        "args": "./spring-petclinic -H:MaxHeapSize=512m -H:StackSize=1m"
      }
    ]
  }
]
