[
  {
    "timestamp": "2025-08-17T17:19:42.245987525+02:00",
    "processes": [
      {
        "pid": "32934",
        "rss": "334768",
        "args": "java -Xmx2g -Xss1m -XX:+UseG1GC -jar app.jar"
      }
    ]
  },
  {
    "timestamp": "2025-08-17T17:19:43.261919644+02:00",
    "processes": [
      {
        "pid": "32934",
        "rss": "342712",
        "args": "java -Xmx2g -Xss1m -XX:+UseG1GC -jar app.jar"
      }
    ]
  },
  {
    "timestamp": "2025-08-17T17:19:44.249171232+02:00",
    "processes": [
      {
        "pid": "32934",
        "rss": "369800",
        "args": "java -Xmx2g -Xss1m -XX:+UseG1GC -jar app.jar"
      }
    ]
  },
  {
    "timestamp": "2025-08-17T17:19:45.24178562+02:00",
    "processes": [
      {
        "pid": "32934",
        "rss": "376840",
        "args": "java -Xmx2g -Xss1m -XX:+UseG1GC -jar app.jar"
      }
    ]
  },
  {
    "timestamp": "2025-08-17T17:19:46.246887665+02:00",
    "processes": [
      {
        "pid": "32934",
        "rss": "386952",
        "args": "java -Xmx2g -Xss1m -XX:+UseG1GC -jar app.jar"
      }
    ]
  },
  {
    "timestamp": "2025-08-17T17:19:47.25195546+02:00",
    "processes": [
      {
        "pid": "32934",
        "rss": "388360",
        "args": "java -Xmx2g -Xss1m -XX:+UseG1GC -jar app.jar"
      }
    ]
  },
  {
    "timestamp": "2025-08-17T17:19:48.2677307+02:00",
    "processes": [
      {
        "pid": "32934",
        "rss": "389896",
        "args": "java -Xmx2g -Xss1m -XX:+UseG1GC -jar app.jar"
      }
    ]
  },
  {
    "timestamp": "2025-08-17T17:19:49.237509666+02:00",
    "processes": [
      {
        "pid": "32934",
        "rss": "392712",
        "args": "java -Xmx2g -Xss1m -XX:+UseG1GC -jar app.jar"
      }
    ]
  },
  {
    "timestamp": "2025-08-17T17:19:50.240064483+02:00",
    "processes": [
      {
        "pid": "32934",
        "rss": "399536",
        "args": "java -Xmx2g -Xss1m -XX:+UseG1GC -jar app.jar"
      }
    ]
  },
  {
    "timestamp": "2025-08-17T17:19:51.241203906+02:00",
    "processes": [
      {
        "pid": "32934",
        "rss": "429036",
        "args": "java -Xmx2g -Xss1m -XX:+UseG1GC -jar app.jar"
      }
    ]
  },
  {
    "timestamp": "2025-08-17T17:19:52.240567691+02:00",
    "processes": [
      {
        "pid": "32934",
        "rss": "437344",
        "args": "java -Xmx2g -Xss1m -XX:+UseG1GC -jar app.jar"
      }
    ]
  },
  {
    "timestamp": "2025-08-17T17:19:53.234372576+02:00",
    "processes": [
      {
        "pid": "32934",
        "rss": "434376",
        "args": "java -Xmx2g -Xss1m -XX:+UseG1GC -jar app.jar"
      }
    ]
  },
  {
    "timestamp": "2025-08-17T17:19:54.234883382+02:00",
    "processes": [
      {
        "pid": "32934",
        "rss": "465152",
        "args": "java -Xmx2g -Xss1m -XX:+UseG1GC -jar app.jar"
      }
    ]
  },
  {
    "timestamp": "2025-08-17T17:19:55.234172097+02:00",
    "processes": [
      {
        "pid": "32934",
        "rss": "466048",
        "args": "java -Xmx2g -Xss1m -XX:+UseG1GC -jar app.jar"
      }
    ]
  },
  {
    "timestamp": "2025-08-17T17:19:56.242807553+02:00",
    "processes": [
      {
        "pid": "32934",
        "rss": "468736",
        "args": "java -Xmx2g -Xss1m -XX:+UseG1GC -jar app.jar"
      }
    ]
  },
  {
    "timestamp": "2025-08-17T17:19:57.239349023+02:00",
    "processes": [
      {
        "pid": "32934",
        "rss": "527348",
        "args": "java -Xmx2g -Xss1m -XX:+UseG1GC -jar app.jar"
      }
    ]
  },
  {
    "timestamp": "2025-08-17T17:19:58.242371874+02:00",
    "processes": [
      {
        "pid": "32934",
        "rss": "537156",
        "args": "java -Xmx2g -Xss1m -XX:+UseG1GC -jar app.jar"
      }
    ]
  },
  {
    "timestamp": "2025-08-17T17:19:59.246825635+02:00",
    "processes": [
      {
        "pid": "32934",
        "rss": "538180",
        "args": "java -Xmx2g -Xss1m -XX:+UseG1GC -jar app.jar"
      }
    ]
  },
  {
    "timestamp": "2025-08-17T17:20:00.232475882+02:00",
    "processes": [
      {
        "pid": "32934",
        "rss": "538820",
        "args": "java -Xmx2g -Xss1m -XX:+UseG1GC -jar app.jar"
      }
    ]
  },
  {
    "timestamp": "2025-08-17T17:20:01.261716908+02:00",
    "processes": [
      {
        "pid": "32934",
        "rss": "539716",
        "args": "java -Xmx2g -Xss1m -XX:+UseG1GC -jar app.jar"
      }
    ]
  },
  {
    "timestamp": "2025-08-17T17:20:02.234727365+02:00",
    "processes": [
      {
        "pid": "32934",
        "rss": "540484",
        "args": "java -Xmx2g -Xss1m -XX:+UseG1GC -jar app.jar"
      }
    ]
  },
  {
    "timestamp": "2025-08-17T17:20:03.237047422+02:00",
    "processes": [
      {
        "pid": "32934",
        "rss": "584140",
        "args": "java -Xmx2g -Xss1m -XX:+UseG1GC -jar app.jar"
      }
    ]
  },
  {
    "timestamp": "2025-08-17T17:20:04.24410263+02:00",
    "processes": [
      {
        "pid": "32934",
        "rss": "584524",
        "args": "java -Xmx2g -Xss1m -XX:+UseG1GC -jar app.jar"
      }
    ]
  },
  {
    "timestamp": "2025-08-17T17:20:05.24554558+02:00",
    "processes": [
      {
        "pid": "32934",
        "rss": "584908",
        "args": "java -Xmx2g -Xss1m -XX:+UseG1GC -jar app.jar"
      }
    ]
  },
  {
    "timestamp": "2025-08-17T17:20:06.242638461+02:00",
    "processes": [
      {
        "pid": "32934",
        "rss": "585164",
        "args": "java -Xmx2g -Xss1m -XX:+UseG1GC -jar app.jar"
      }
    ]
  },
  {
    "timestamp": "2025-08-17T17:20:07.238614456+02:00",
    "processes": [
      {
        "pid": "32934",
        "rss": "585804",
        "args": "java -Xmx2g -Xss1m -XX:+UseG1GC -jar app.jar"
      }
    ]
  },
  {
    "timestamp": "2025-08-17T17:20:08.230386189+02:00",
    "processes": [
      {
        "pid": "32934",
        "rss": "585932",
        "args": "java -Xmx2g -Xss1m -XX:+UseG1GC -jar app.jar"
      }
    ]
  },
  {
    "timestamp": "2025-08-17T17:20:09.254605474+02:00",
    "processes": [
      {
        "pid": "32934",
        "rss": "586700",
        "args": "java -Xmx2g -Xss1m -XX:+UseG1GC -jar app.jar"
      }
    ]
  },
  {
    "timestamp": "2025-08-17T17:20:10.238376687+02:00",
    "processes": [
      {
        "pid": "32934",
        "rss": "587084",
        "args": "java -Xmx2g -Xss1m -XX:+UseG1GC -jar app.jar"
      }
    ]
  },
  {
    "timestamp": "2025-08-17T17:20:11.272798689+02:00",
    "processes": [
      {
        "pid": "32934",
        "rss": "587340",
        "args": "java -Xmx2g -Xss1m -XX:+UseG1GC -jar app.jar"
      }
    ]
  },
  {
    "timestamp": "2025-08-17T17:20:12.24576822+02:00",
    "processes": [
      {
        "pid": "32934",
        "rss": "587596",
        "args": "java -Xmx2g -Xss1m -XX:+UseG1GC -jar app.jar"
      }
    ]
  },
  {
    "timestamp": "2025-08-17T17:20:13.236093589+02:00",
    "processes": [
      {
        "pid": "32934",
        "rss": "588364",
        "args": "java -Xmx2g -Xss1m -XX:+UseG1GC -jar app.jar"
      }
    ]
  },
  {
    "timestamp": "2025-08-17T17:20:14.24168153+02:00",
    "processes": [
      {
        "pid": "32934",
        "rss": "581452",
        "args": "java -Xmx2g -Xss1m -XX:+UseG1GC -jar app.jar"
      }
    ]
  },
  {
    "timestamp": "2025-08-17T17:20:15.259653364+02:00",
    "processes": [
      {
        "pid": "32934",
        "rss": "579736",
        "args": "java -Xmx2g -Xss1m -XX:+UseG1GC -jar app.jar"
      }
    ]
  }
]
