[
  {
    "timestamp": "2025-08-17T16:39:26.085669257+02:00",
    "processes": [
      {
        "pid": "5061",
        "rss": "224788",
        "args": "./spring-petclinic -H:MaxHeapSize=512m -H:StackSize=1m"
      }
    ]
  },
  {
    "timestamp": "2025-08-17T16:39:27.167168856+02:00",
    "processes": [
      {
        "pid": "5061",
        "rss": "261760",
        "args": "./spring-petclinic -H:MaxHeapSize=512m -H:StackSize=1m"
      }
    ]
  },
  {
    "timestamp": "2025-08-17T16:39:28.099482595+02:00",
    "processes": [
      {
        "pid": "5061",
        "rss": "262144",
        "args": "./spring-petclinic -H:MaxHeapSize=512m -H:StackSize=1m"
      }
    ]
  },
  {
    "timestamp": "2025-08-17T16:39:29.062942379+02:00",
    "processes": [
      {
        "pid": "5061",
        "rss": "265960",
        "args": "./spring-petclinic -H:MaxHeapSize=512m -H:StackSize=1m"
      }
    ]
  },
  {
    "timestamp": "2025-08-17T16:39:30.066734501+02:00",
    "processes": [
      {
        "pid": "5061",
        "rss": "266516",
        "args": "./spring-petclinic -H:MaxHeapSize=512m -H:StackSize=1m"
      }
    ]
  },
  {
    "timestamp": "2025-08-17T16:39:31.079434202+02:00",
    "processes": [
      {
        "pid": "5061",
        "rss": "266628",
        "args": "./spring-petclinic -H:MaxHeapSize=512m -H:StackSize=1m"
      }
    ]
  },
  {
    "timestamp": "2025-08-17T16:39:32.077920614+02:00",
    "processes": [
      {
        "pid": "5061",
        "rss": "259444",
        "args": "./spring-petclinic -H:MaxHeapSize=512m -H:StackSize=1m"
      }
    ]
  },
  {
    "timestamp": "2025-08-17T16:39:33.086889367+02:00",
    "processes": [
      {
        "pid": "5061",
        "rss": "264068",
        "args": "./spring-petclinic -H:MaxHeapSize=512m -H:StackSize=1m"
      }
    ]
  },
  {
    "timestamp": "2025-08-17T16:39:34.086263861+02:00",
    "processes": [
      {
        "pid": "5061",
        "rss": "266972",
        "args": "./spring-petclinic -H:MaxHeapSize=512m -H:StackSize=1m"
      }
    ]
  },
  {
    "timestamp": "2025-08-17T16:39:35.092606393+02:00",
    "processes": [
      {
        "pid": "5061",
        "rss": "260440",
        "args": "./spring-petclinic -H:MaxHeapSize=512m -H:StackSize=1m"
      }
    ]
  },
  {
    "timestamp": "2025-08-17T16:39:36.112768337+02:00",
    "processes": [
      {
        "pid": "5061",
        "rss": "249332",
        "args": "./spring-petclinic -H:MaxHeapSize=512m -H:StackSize=1m"
      }
    ]
  },
  {
    "timestamp": "2025-08-17T16:39:37.130616854+02:00",
    "processes": [
      {
        "pid": "5061",
        "rss": "264192",
        "args": "./spring-petclinic -H:MaxHeapSize=512m -H:StackSize=1m"
      }
    ]
  },
  {
    "timestamp": "2025-08-17T16:39:38.084064892+02:00",
    "processes": [
      {
        "pid": "5061",
        "rss": "275480",
        "args": "./spring-petclinic -H:MaxHeapSize=512m -H:StackSize=1m"
      }
    ]
  },
  {
    "timestamp": "2025-08-17T16:39:39.105596523+02:00",
    "processes": [
      {
        "pid": "5061",
        "rss": "265564",
        "args": "./spring-petclinic -H:MaxHeapSize=512m -H:StackSize=1m"
      }
    ]
  },
  {
    "timestamp": "2025-08-17T16:39:40.087896192+02:00",
    "processes": [
      {
        "pid": "5061",
        "rss": "257672",
        "args": "./spring-petclinic -H:MaxHeapSize=512m -H:StackSize=1m"
      }
    ]
  },
  {
    "timestamp": "2025-08-17T16:39:41.074158682+02:00",
    "processes": [
      {
        "pid": "5061",
        "rss": "255960",
        "args": "./spring-petclinic -H:MaxHeapSize=512m -H:StackSize=1m"
      }
    ]
  },
  {
    "timestamp": "2025-08-17T16:39:42.192422521+02:00",
    "processes": [
      {
        "pid": "5061",
        "rss": "279360",
        "args": "./spring-petclinic -H:MaxHeapSize=512m -H:StackSize=1m"
      }
    ]
  },
  {
    "timestamp": "2025-08-17T16:39:43.080927201+02:00",
    "processes": [
      {
        "pid": "5061",
        "rss": "274664",
        "args": "./spring-petclinic -H:MaxHeapSize=512m -H:StackSize=1m"
      }
    ]
  },
  {
    "timestamp": "2025-08-17T16:39:44.075851427+02:00",
    "processes": [
      {
        "pid": "5061",
        "rss": "299624",
        "args": "./spring-petclinic -H:MaxHeapSize=512m -H:StackSize=1m"
      }
    ]
  },
  {
    "timestamp": "2025-08-17T16:39:45.075307162+02:00",
    "processes": [
      {
        "pid": "5061",
        "rss": "280624",
        "args": "./spring-petclinic -H:MaxHeapSize=512m -H:StackSize=1m"
      }
    ]
  },
  {
    "timestamp": "2025-08-17T16:39:46.073710993+02:00",
    "processes": [
      {
        "pid": "5061",
        "rss": "271128",
        "args": "./spring-petclinic -H:MaxHeapSize=512m -H:StackSize=1m"
      }
    ]
  },
  {
    "timestamp": "2025-08-17T16:39:47.076762265+02:00",
    "processes": [
      {
        "pid": "5061",
        "rss": "267368",
        "args": "./spring-petclinic -H:MaxHeapSize=512m -H:StackSize=1m"
      }
    ]
  },
  {
    "timestamp": "2025-08-17T16:39:48.071328378+02:00",
    "processes": [
      {
        "pid": "5061",
        "rss": "260568",
        "args": "./spring-petclinic -H:MaxHeapSize=512m -H:StackSize=1m"
      }
    ]
  },
  {
    "timestamp": "2025-08-17T16:39:49.082808525+02:00",
    "processes": [
      {
        "pid": "5061",
        "rss": "273876",
        "args": "./spring-petclinic -H:MaxHeapSize=512m -H:StackSize=1m"
      }
    ]
  },
  {
    "timestamp": "2025-08-17T16:39:50.080601468+02:00",
    "processes": [
      {
        "pid": "5061",
        "rss": "327124",
        "args": "./spring-petclinic -H:MaxHeapSize=512m -H:StackSize=1m"
      }
    ]
  },
  {
    "timestamp": "2025-08-17T16:39:51.083523949+02:00",
    "processes": [
      {
        "pid": "5061",
        "rss": "331928",
        "args": "./spring-petclinic -H:MaxHeapSize=512m -H:StackSize=1m"
      }
    ]
  },
  {
    "timestamp": "2025-08-17T16:39:52.0699953+02:00",
    "processes": [
      {
        "pid": "5061",
        "rss": "314156",
        "args": "./spring-petclinic -H:MaxHeapSize=512m -H:StackSize=1m"
      }
    ]
  },
  {
    "timestamp": "2025-08-17T16:39:53.079975307+02:00",
    "processes": [
      {
        "pid": "5061",
        "rss": "291744",
        "args": "./spring-petclinic -H:MaxHeapSize=512m -H:StackSize=1m"
      }
    ]
  },
  {
    "timestamp": "2025-08-17T16:39:54.096549958+02:00",
    "processes": [
      {
        "pid": "5061",
        "rss": "298136",
        "args": "./spring-petclinic -H:MaxHeapSize=512m -H:StackSize=1m"
      }
    ]
  },
  {
    "timestamp": "2025-08-17T16:39:55.08079408+02:00",
    "processes": [
      {
        "pid": "5061",
        "rss": "337048",
        "args": "./spring-petclinic -H:MaxHeapSize=512m -H:StackSize=1m"
      }
    ]
  },
  {
    "timestamp": "2025-08-17T16:39:56.077663292+02:00",
    "processes": [
      {
        "pid": "5061",
        "rss": "323968",
        "args": "./spring-petclinic -H:MaxHeapSize=512m -H:StackSize=1m"
      }
    ]
  },
  {
    "timestamp": "2025-08-17T16:39:57.070273446+02:00",
    "processes": [
      {
        "pid": "5061",
        "rss": "305136",
        "args": "./spring-petclinic -H:MaxHeapSize=512m -H:StackSize=1m"
      }
    ]
  },
  {
    "timestamp": "2025-08-17T16:39:58.067433303+02:00",
    "processes": [
      {
        "pid": "5061",
        "rss": "305136",
        "args": "./spring-petclinic -H:MaxHeapSize=512m -H:StackSize=1m"
      }
    ]
  },
  {
    "timestamp": "2025-08-17T16:39:59.072066645+02:00",
    "processes": [
      {
        "pid": "5061",
        "rss": "308640",
        "args": "./spring-petclinic -H:MaxHeapSize=512m -H:StackSize=1m"
      }
    ]
  },
  {
    "timestamp": "2025-08-17T16:40:00.070692994+02:00",
    "processes": [
      {
        "pid": "5061",
        "rss": "308640",
        "args": "./spring-petclinic -H:MaxHeapSize=512m -H:StackSize=1m"
      }
    ]
  },
  {
    "timestamp": "2025-08-17T16:40:01.077078494+02:00",
    "processes": [
      {
        "pid": "5061",
        "rss": "308640",
        "args": "./spring-petclinic -H:MaxHeapSize=512m -H:StackSize=1m"
      }
    ]
  },
  {
    "timestamp": "2025-08-17T16:40:02.083202207+02:00",
    "processes": [
      {
        "pid": "5061",
        "rss": "308640",
        "args": "./spring-petclinic -H:MaxHeapSize=512m -H:StackSize=1m"
      }
    ]
  },
  {
    "timestamp": "2025-08-17T16:40:03.088591612+02:00",
    "processes": [
      {
        "pid": "5061",
        "rss": "323616",
        "args": "./spring-petclinic -H:MaxHeapSize=512m -H:StackSize=1m"
      }
    ]
  }
]
