[
  {
    "timestamp": "2025-08-17T16:42:47.56164282+02:00",
    "processes": [
      {
        "pid": "7824",
        "rss": "214332",
        "args": "java -Xmx4g -Xss1m -XX:+UseShenandoahGC -jar app.jar"
      }
    ]
  },
  {
    "timestamp": "2025-08-17T16:42:48.549663542+02:00",
    "processes": [
      {
        "pid": "7824",
        "rss": "224512",
        "args": "java -Xmx4g -Xss1m -XX:+UseShenandoahGC -jar app.jar"
      }
    ]
  },
  {
    "timestamp": "2025-08-17T16:42:49.558751452+02:00",
    "processes": [
      {
        "pid": "7824",
        "rss": "230784",
        "args": "java -Xmx4g -Xss1m -XX:+UseShenandoahGC -jar app.jar"
      }
    ]
  },
  {
    "timestamp": "2025-08-17T16:42:50.547839614+02:00",
    "processes": [
      {
        "pid": "7824",
        "rss": "259108",
        "args": "java -Xmx4g -Xss1m -XX:+UseShenandoahGC -jar app.jar"
      }
    ]
  },
  {
    "timestamp": "2025-08-17T16:42:51.552210829+02:00",
    "processes": [
      {
        "pid": "7824",
        "rss": "301860",
        "args": "java -Xmx4g -Xss1m -XX:+UseShenandoahGC -jar app.jar"
      }
    ]
  },
  {
    "timestamp": "2025-08-17T16:42:52.546192406+02:00",
    "processes": [
      {
        "pid": "7824",
        "rss": "338320",
        "args": "java -Xmx4g -Xss1m -XX:+UseShenandoahGC -jar app.jar"
      }
    ]
  },
  {
    "timestamp": "2025-08-17T16:42:53.554009666+02:00",
    "processes": [
      {
        "pid": "7824",
        "rss": "369792",
        "args": "java -Xmx4g -Xss1m -XX:+UseShenandoahGC -jar app.jar"
      }
    ]
  },
  {
    "timestamp": "2025-08-17T16:42:54.557265405+02:00",
    "processes": [
      {
        "pid": "7824",
        "rss": "386548",
        "args": "java -Xmx4g -Xss1m -XX:+UseShenandoahGC -jar app.jar"
      }
    ]
  },
  {
    "timestamp": "2025-08-17T16:42:55.558209709+02:00",
    "processes": [
      {
        "pid": "7824",
        "rss": "415304",
        "args": "java -Xmx4g -Xss1m -XX:+UseShenandoahGC -jar app.jar"
      }
    ]
  },
  {
    "timestamp": "2025-08-17T16:42:56.544602195+02:00",
    "processes": [
      {
        "pid": "7824",
        "rss": "441840",
        "args": "java -Xmx4g -Xss1m -XX:+UseShenandoahGC -jar app.jar"
      }
    ]
  },
  {
    "timestamp": "2025-08-17T16:42:57.546807881+02:00",
    "processes": [
      {
        "pid": "7824",
        "rss": "483432",
        "args": "java -Xmx4g -Xss1m -XX:+UseShenandoahGC -jar app.jar"
      }
    ]
  },
  {
    "timestamp": "2025-08-17T16:42:58.552302225+02:00",
    "processes": [
      {
        "pid": "7824",
        "rss": "507720",
        "args": "java -Xmx4g -Xss1m -XX:+UseShenandoahGC -jar app.jar"
      }
    ]
  },
  {
    "timestamp": "2025-08-17T16:42:59.538443181+02:00",
    "processes": [
      {
        "pid": "7824",
        "rss": "513900",
        "args": "java -Xmx4g -Xss1m -XX:+UseShenandoahGC -jar app.jar"
      }
    ]
  },
  {
    "timestamp": "2025-08-17T16:43:00.539924834+02:00",
    "processes": [
      {
        "pid": "7824",
        "rss": "536632",
        "args": "java -Xmx4g -Xss1m -XX:+UseShenandoahGC -jar app.jar"
      }
    ]
  },
  {
    "timestamp": "2025-08-17T16:43:01.556688437+02:00",
    "processes": [
      {
        "pid": "7824",
        "rss": "555084",
        "args": "java -Xmx4g -Xss1m -XX:+UseShenandoahGC -jar app.jar"
      }
    ]
  },
  {
    "timestamp": "2025-08-17T16:43:02.541464664+02:00",
    "processes": [
      {
        "pid": "7824",
        "rss": "573532",
        "args": "java -Xmx4g -Xss1m -XX:+UseShenandoahGC -jar app.jar"
      }
    ]
  },
  {
    "timestamp": "2025-08-17T16:43:03.539995399+02:00",
    "processes": [
      {
        "pid": "7824",
        "rss": "602216",
        "args": "java -Xmx4g -Xss1m -XX:+UseShenandoahGC -jar app.jar"
      }
    ]
  },
  {
    "timestamp": "2025-08-17T16:43:04.537273483+02:00",
    "processes": [
      {
        "pid": "7824",
        "rss": "620648",
        "args": "java -Xmx4g -Xss1m -XX:+UseShenandoahGC -jar app.jar"
      }
    ]
  },
  {
    "timestamp": "2025-08-17T16:43:05.538438434+02:00",
    "processes": [
      {
        "pid": "7824",
        "rss": "641128",
        "args": "java -Xmx4g -Xss1m -XX:+UseShenandoahGC -jar app.jar"
      }
    ]
  },
  {
    "timestamp": "2025-08-17T16:43:06.537772153+02:00",
    "processes": [
      {
        "pid": "7824",
        "rss": "667808",
        "args": "java -Xmx4g -Xss1m -XX:+UseShenandoahGC -jar app.jar"
      }
    ]
  },
  {
    "timestamp": "2025-08-17T16:43:07.537208813+02:00",
    "processes": [
      {
        "pid": "7824",
        "rss": "686240",
        "args": "java -Xmx4g -Xss1m -XX:+UseShenandoahGC -jar app.jar"
      }
    ]
  },
  {
    "timestamp": "2025-08-17T16:43:08.543086694+02:00",
    "processes": [
      {
        "pid": "7824",
        "rss": "708788",
        "args": "java -Xmx4g -Xss1m -XX:+UseShenandoahGC -jar app.jar"
      }
    ]
  },
  {
    "timestamp": "2025-08-17T16:43:09.540370895+02:00",
    "processes": [
      {
        "pid": "7824",
        "rss": "731444",
        "args": "java -Xmx4g -Xss1m -XX:+UseShenandoahGC -jar app.jar"
      }
    ]
  },
  {
    "timestamp": "2025-08-17T16:43:10.538307995+02:00",
    "processes": [
      {
        "pid": "7824",
        "rss": "751984",
        "args": "java -Xmx4g -Xss1m -XX:+UseShenandoahGC -jar app.jar"
      }
    ]
  },
  {
    "timestamp": "2025-08-17T16:43:11.537798898+02:00",
    "processes": [
      {
        "pid": "7824",
        "rss": "774540",
        "args": "java -Xmx4g -Xss1m -XX:+UseShenandoahGC -jar app.jar"
      }
    ]
  },
  {
    "timestamp": "2025-08-17T16:43:12.540474793+02:00",
    "processes": [
      {
        "pid": "7824",
        "rss": "792976",
        "args": "java -Xmx4g -Xss1m -XX:+UseShenandoahGC -jar app.jar"
      }
    ]
  },
  {
    "timestamp": "2025-08-17T16:43:13.551547297+02:00",
    "processes": [
      {
        "pid": "7824",
        "rss": "817572",
        "args": "java -Xmx4g -Xss1m -XX:+UseShenandoahGC -jar app.jar"
      }
    ]
  },
  {
    "timestamp": "2025-08-17T16:43:14.547151467+02:00",
    "processes": [
      {
        "pid": "7824",
        "rss": "842152",
        "args": "java -Xmx4g -Xss1m -XX:+UseShenandoahGC -jar app.jar"
      }
    ]
  },
  {
    "timestamp": "2025-08-17T16:43:15.544661436+02:00",
    "processes": [
      {
        "pid": "7824",
        "rss": "860588",
        "args": "java -Xmx4g -Xss1m -XX:+UseShenandoahGC -jar app.jar"
      }
    ]
  },
  {
    "timestamp": "2025-08-17T16:43:16.542680947+02:00",
    "processes": [
      {
        "pid": "7824",
        "rss": "883120",
        "args": "java -Xmx4g -Xss1m -XX:+UseShenandoahGC -jar app.jar"
      }
    ]
  },
  {
    "timestamp": "2025-08-17T16:43:17.550148293+02:00",
    "processes": [
      {
        "pid": "7824",
        "rss": "899504",
        "args": "java -Xmx4g -Xss1m -XX:+UseShenandoahGC -jar app.jar"
      }
    ]
  }
]
