[
  {
    "timestamp": "2025-08-17T16:49:51.137638221+02:00",
    "processes": [
      {
        "pid": "13198",
        "rss": "78772",
        "args": "./shopcart -H:MaxHeapSize=512m -H:StackSize=1m"
      }
    ]
  },
  {
    "timestamp": "2025-08-17T16:49:52.16294078+02:00",
    "processes": [
      {
        "pid": "13198",
        "rss": "104116",
        "args": "./shopcart -H:MaxHeapSize=512m -H:StackSize=1m"
      }
    ]
  },
  {
    "timestamp": "2025-08-17T16:49:53.141537511+02:00",
    "processes": [
      {
        "pid": "13198",
        "rss": "122444",
        "args": "./shopcart -H:MaxHeapSize=512m -H:StackSize=1m"
      }
    ]
  },
  {
    "timestamp": "2025-08-17T16:49:54.137749368+02:00",
    "processes": [
      {
        "pid": "13198",
        "rss": "125320",
        "args": "./shopcart -H:MaxHeapSize=512m -H:StackSize=1m"
      }
    ]
  },
  {
    "timestamp": "2025-08-17T16:49:55.156580203+02:00",
    "processes": [
      {
        "pid": "13198",
        "rss": "126600",
        "args": "./shopcart -H:MaxHeapSize=512m -H:StackSize=1m"
      }
    ]
  },
  {
    "timestamp": "2025-08-17T16:49:56.145481925+02:00",
    "processes": [
      {
        "pid": "13198",
        "rss": "126600",
        "args": "./shopcart -H:MaxHeapSize=512m -H:StackSize=1m"
      }
    ]
  },
  {
    "timestamp": "2025-08-17T16:49:57.142873785+02:00",
    "processes": [
      {
        "pid": "13198",
        "rss": "128648",
        "args": "./shopcart -H:MaxHeapSize=512m -H:StackSize=1m"
      }
    ]
  },
  {
    "timestamp": "2025-08-17T16:49:58.136246281+02:00",
    "processes": [
      {
        "pid": "13198",
        "rss": "128832",
        "args": "./shopcart -H:MaxHeapSize=512m -H:StackSize=1m"
      }
    ]
  },
  {
    "timestamp": "2025-08-17T16:49:59.138804484+02:00",
    "processes": [
      {
        "pid": "13198",
        "rss": "128832",
        "args": "./shopcart -H:MaxHeapSize=512m -H:StackSize=1m"
      }
    ]
  },
  {
    "timestamp": "2025-08-17T16:50:00.216300989+02:00",
    "processes": [
      {
        "pid": "13198",
        "rss": "127404",
        "args": "./shopcart -H:MaxHeapSize=512m -H:StackSize=1m"
      }
    ]
  },
  {
    "timestamp": "2025-08-17T16:50:01.141139403+02:00",
    "processes": [
      {
        "pid": "13198",
        "rss": "127404",
        "args": "./shopcart -H:MaxHeapSize=512m -H:StackSize=1m"
      }
    ]
  },
  {
    "timestamp": "2025-08-17T16:50:02.149496141+02:00",
    "processes": [
      {
        "pid": "13198",
        "rss": "127532",
        "args": "./shopcart -H:MaxHeapSize=512m -H:StackSize=1m"
      }
    ]
  },
  {
    "timestamp": "2025-08-17T16:50:03.139890322+02:00",
    "processes": [
      {
        "pid": "13198",
        "rss": "127532",
        "args": "./shopcart -H:MaxHeapSize=512m -H:StackSize=1m"
      }
    ]
  },
  {
    "timestamp": "2025-08-17T16:50:04.135199798+02:00",
    "processes": [
      {
        "pid": "13198",
        "rss": "127532",
        "args": "./shopcart -H:MaxHeapSize=512m -H:StackSize=1m"
      }
    ]
  },
  {
    "timestamp": "2025-08-17T16:50:05.136760919+02:00",
    "processes": [
      {
        "pid": "13198",
        "rss": "127532",
        "args": "./shopcart -H:MaxHeapSize=512m -H:StackSize=1m"
      }
    ]
  },
  {
    "timestamp": "2025-08-17T16:50:06.141368359+02:00",
    "processes": [
      {
        "pid": "13198",
        "rss": "127660",
        "args": "./shopcart -H:MaxHeapSize=512m -H:StackSize=1m"
      }
    ]
  },
  {
    "timestamp": "2025-08-17T16:50:07.138135956+02:00",
    "processes": [
      {
        "pid": "13198",
        "rss": "127148",
        "args": "./shopcart -H:MaxHeapSize=512m -H:StackSize=1m"
      }
    ]
  },
  {
    "timestamp": "2025-08-17T16:50:08.135972583+02:00",
    "processes": [
      {
        "pid": "13198",
        "rss": "127148",
        "args": "./shopcart -H:MaxHeapSize=512m -H:StackSize=1m"
      }
    ]
  },
  {
    "timestamp": "2025-08-17T16:50:09.148831311+02:00",
    "processes": [
      {
        "pid": "13198",
        "rss": "126764",
        "args": "./shopcart -H:MaxHeapSize=512m -H:StackSize=1m"
      }
    ]
  },
  {
    "timestamp": "2025-08-17T16:50:10.179991794+02:00",
    "processes": [
      {
        "pid": "13198",
        "rss": "126764",
        "args": "./shopcart -H:MaxHeapSize=512m -H:StackSize=1m"
      }
    ]
  },
  {
    "timestamp": "2025-08-17T16:50:11.13980484+02:00",
    "processes": [
      {
        "pid": "13198",
        "rss": "125700",
        "args": "./shopcart -H:MaxHeapSize=512m -H:StackSize=1m"
      }
    ]
  },
  {
    "timestamp": "2025-08-17T16:50:12.147920519+02:00",
    "processes": [
      {
        "pid": "13198",
        "rss": "125828",
        "args": "./shopcart -H:MaxHeapSize=512m -H:StackSize=1m"
      }
    ]
  },
  {
    "timestamp": "2025-08-17T16:50:13.138956946+02:00",
    "processes": [
      {
        "pid": "13198",
        "rss": "126340",
        "args": "./shopcart -H:MaxHeapSize=512m -H:StackSize=1m"
      }
    ]
  },
  {
    "timestamp": "2025-08-17T16:50:14.150571847+02:00",
    "processes": [
      {
        "pid": "13198",
        "rss": "126724",
        "args": "./shopcart -H:MaxHeapSize=512m -H:StackSize=1m"
      }
    ]
  },
  {
    "timestamp": "2025-08-17T16:50:15.141148723+02:00",
    "processes": [
      {
        "pid": "13198",
        "rss": "126724",
        "args": "./shopcart -H:MaxHeapSize=512m -H:StackSize=1m"
      }
    ]
  },
  {
    "timestamp": "2025-08-17T16:50:16.137944223+02:00",
    "processes": [
      {
        "pid": "13198",
        "rss": "126724",
        "args": "./shopcart -H:MaxHeapSize=512m -H:StackSize=1m"
      }
    ]
  },
  {
    "timestamp": "2025-08-17T16:50:17.143587126+02:00",
    "processes": [
      {
        "pid": "13198",
        "rss": "126216",
        "args": "./shopcart -H:MaxHeapSize=512m -H:StackSize=1m"
      }
    ]
  },
  {
    "timestamp": "2025-08-17T16:50:18.142756716+02:00",
    "processes": [
      {
        "pid": "13198",
        "rss": "126216",
        "args": "./shopcart -H:MaxHeapSize=512m -H:StackSize=1m"
      }
    ]
  },
  {
    "timestamp": "2025-08-17T16:50:19.140764575+02:00",
    "processes": [
      {
        "pid": "13198",
        "rss": "126216",
        "args": "./shopcart -H:MaxHeapSize=512m -H:StackSize=1m"
      }
    ]
  },
  {
    "timestamp": "2025-08-17T16:50:20.184616241+02:00",
    "processes": [
      {
        "pid": "13198",
        "rss": "125708",
        "args": "./shopcart -H:MaxHeapSize=512m -H:StackSize=1m"
      }
    ]
  },
  {
    "timestamp": "2025-08-17T16:50:21.151522333+02:00",
    "processes": [
      {
        "pid": "13198",
        "rss": "124424",
        "args": "./shopcart -H:MaxHeapSize=512m -H:StackSize=1m"
      }
    ]
  }
]
