[
  {
    "timestamp": "2025-08-17T17:44:19.905563294+02:00",
    "processes": [
      {
        "pid": "51653",
        "rss": "228136",
        "args": "java -Xmx4g -Xss1m -XX:+UseShenandoahGC -jar app.jar"
      }
    ]
  },
  {
    "timestamp": "2025-08-17T17:44:20.889511476+02:00",
    "processes": [
      {
        "pid": "51653",
        "rss": "230716",
        "args": "java -Xmx4g -Xss1m -XX:+UseShenandoahGC -jar app.jar"
      }
    ]
  },
  {
    "timestamp": "2025-08-17T17:44:21.898106679+02:00",
    "processes": [
      {
        "pid": "51653",
        "rss": "234300",
        "args": "java -Xmx4g -Xss1m -XX:+UseShenandoahGC -jar app.jar"
      }
    ]
  },
  {
    "timestamp": "2025-08-17T17:44:22.885145136+02:00",
    "processes": [
      {
        "pid": "51653",
        "rss": "255168",
        "args": "java -Xmx4g -Xss1m -XX:+UseShenandoahGC -jar app.jar"
      }
    ]
  },
  {
    "timestamp": "2025-08-17T17:44:23.88614724+02:00",
    "processes": [
      {
        "pid": "51653",
        "rss": "291236",
        "args": "java -Xmx4g -Xss1m -XX:+UseShenandoahGC -jar app.jar"
      }
    ]
  },
  {
    "timestamp": "2025-08-17T17:44:24.884158312+02:00",
    "processes": [
      {
        "pid": "51653",
        "rss": "353100",
        "args": "java -Xmx4g -Xss1m -XX:+UseShenandoahGC -jar app.jar"
      }
    ]
  },
  {
    "timestamp": "2025-08-17T17:44:25.889327463+02:00",
    "processes": [
      {
        "pid": "51653",
        "rss": "378396",
        "args": "java -Xmx4g -Xss1m -XX:+UseShenandoahGC -jar app.jar"
      }
    ]
  },
  {
    "timestamp": "2025-08-17T17:44:26.886698617+02:00",
    "processes": [
      {
        "pid": "51653",
        "rss": "405424",
        "args": "java -Xmx4g -Xss1m -XX:+UseShenandoahGC -jar app.jar"
      }
    ]
  },
  {
    "timestamp": "2025-08-17T17:44:27.88219349+02:00",
    "processes": [
      {
        "pid": "51653",
        "rss": "428500",
        "args": "java -Xmx4g -Xss1m -XX:+UseShenandoahGC -jar app.jar"
      }
    ]
  },
  {
    "timestamp": "2025-08-17T17:44:28.884419014+02:00",
    "processes": [
      {
        "pid": "51653",
        "rss": "449356",
        "args": "java -Xmx4g -Xss1m -XX:+UseShenandoahGC -jar app.jar"
      }
    ]
  },
  {
    "timestamp": "2025-08-17T17:44:29.882682328+02:00",
    "processes": [
      {
        "pid": "51653",
        "rss": "477464",
        "args": "java -Xmx4g -Xss1m -XX:+UseShenandoahGC -jar app.jar"
      }
    ]
  },
  {
    "timestamp": "2025-08-17T17:44:30.880076544+02:00",
    "processes": [
      {
        "pid": "51653",
        "rss": "497788",
        "args": "java -Xmx4g -Xss1m -XX:+UseShenandoahGC -jar app.jar"
      }
    ]
  },
  {
    "timestamp": "2025-08-17T17:44:31.891536308+02:00",
    "processes": [
      {
        "pid": "51653",
        "rss": "513560",
        "args": "java -Xmx4g -Xss1m -XX:+UseShenandoahGC -jar app.jar"
      }
    ]
  },
  {
    "timestamp": "2025-08-17T17:44:32.88145091+02:00",
    "processes": [
      {
        "pid": "51653",
        "rss": "534572",
        "args": "java -Xmx4g -Xss1m -XX:+UseShenandoahGC -jar app.jar"
      }
    ]
  },
  {
    "timestamp": "2025-08-17T17:44:33.87812667+02:00",
    "processes": [
      {
        "pid": "51653",
        "rss": "555304",
        "args": "java -Xmx4g -Xss1m -XX:+UseShenandoahGC -jar app.jar"
      }
    ]
  },
  {
    "timestamp": "2025-08-17T17:44:34.875517432+02:00",
    "processes": [
      {
        "pid": "51653",
        "rss": "577872",
        "args": "java -Xmx4g -Xss1m -XX:+UseShenandoahGC -jar app.jar"
      }
    ]
  },
  {
    "timestamp": "2025-08-17T17:44:35.879435557+02:00",
    "processes": [
      {
        "pid": "51653",
        "rss": "598388",
        "args": "java -Xmx4g -Xss1m -XX:+UseShenandoahGC -jar app.jar"
      }
    ]
  },
  {
    "timestamp": "2025-08-17T17:44:36.881100131+02:00",
    "processes": [
      {
        "pid": "51653",
        "rss": "616836",
        "args": "java -Xmx4g -Xss1m -XX:+UseShenandoahGC -jar app.jar"
      }
    ]
  },
  {
    "timestamp": "2025-08-17T17:44:37.87555649+02:00",
    "processes": [
      {
        "pid": "51653",
        "rss": "629524",
        "args": "java -Xmx4g -Xss1m -XX:+UseShenandoahGC -jar app.jar"
      }
    ]
  },
  {
    "timestamp": "2025-08-17T17:44:38.875990554+02:00",
    "processes": [
      {
        "pid": "51653",
        "rss": "650016",
        "args": "java -Xmx4g -Xss1m -XX:+UseShenandoahGC -jar app.jar"
      }
    ]
  },
  {
    "timestamp": "2025-08-17T17:44:39.880827316+02:00",
    "processes": [
      {
        "pid": "51653",
        "rss": "672556",
        "args": "java -Xmx4g -Xss1m -XX:+UseShenandoahGC -jar app.jar"
      }
    ]
  },
  {
    "timestamp": "2025-08-17T17:44:40.87609221+02:00",
    "processes": [
      {
        "pid": "51653",
        "rss": "693036",
        "args": "java -Xmx4g -Xss1m -XX:+UseShenandoahGC -jar app.jar"
      }
    ]
  },
  {
    "timestamp": "2025-08-17T17:44:41.875894775+02:00",
    "processes": [
      {
        "pid": "51653",
        "rss": "713532",
        "args": "java -Xmx4g -Xss1m -XX:+UseShenandoahGC -jar app.jar"
      }
    ]
  },
  {
    "timestamp": "2025-08-17T17:44:42.885287343+02:00",
    "processes": [
      {
        "pid": "51653",
        "rss": "732000",
        "args": "java -Xmx4g -Xss1m -XX:+UseShenandoahGC -jar app.jar"
      }
    ]
  },
  {
    "timestamp": "2025-08-17T17:44:43.874670629+02:00",
    "processes": [
      {
        "pid": "51653",
        "rss": "754660",
        "args": "java -Xmx4g -Xss1m -XX:+UseShenandoahGC -jar app.jar"
      }
    ]
  },
  {
    "timestamp": "2025-08-17T17:44:44.879148829+02:00",
    "processes": [
      {
        "pid": "51653",
        "rss": "777200",
        "args": "java -Xmx4g -Xss1m -XX:+UseShenandoahGC -jar app.jar"
      }
    ]
  },
  {
    "timestamp": "2025-08-17T17:44:45.883231341+02:00",
    "processes": [
      {
        "pid": "51653",
        "rss": "795648",
        "args": "java -Xmx4g -Xss1m -XX:+UseShenandoahGC -jar app.jar"
      }
    ]
  },
  {
    "timestamp": "2025-08-17T17:44:46.877436029+02:00",
    "processes": [
      {
        "pid": "51653",
        "rss": "816140",
        "args": "java -Xmx4g -Xss1m -XX:+UseShenandoahGC -jar app.jar"
      }
    ]
  },
  {
    "timestamp": "2025-08-17T17:44:47.876356383+02:00",
    "processes": [
      {
        "pid": "51653",
        "rss": "836620",
        "args": "java -Xmx4g -Xss1m -XX:+UseShenandoahGC -jar app.jar"
      }
    ]
  },
  {
    "timestamp": "2025-08-17T17:44:48.878374148+02:00",
    "processes": [
      {
        "pid": "51653",
        "rss": "855060",
        "args": "java -Xmx4g -Xss1m -XX:+UseShenandoahGC -jar app.jar"
      }
    ]
  },
  {
    "timestamp": "2025-08-17T17:44:49.909307445+02:00",
    "processes": [
      {
        "pid": "51653",
        "rss": "881752",
        "args": "java -Xmx4g -Xss1m -XX:+UseShenandoahGC -jar app.jar"
      }
    ]
  }
]
